ISO-10303-21;
HEADER;
FILE_DESCRIPTION(('KiCad electronic assembly'),'2;1');
FILE_NAME('load_switch.step','2026-07-28T20:29:27',('Pcbnew'),('Kicad'),
  'Open CASCADE STEP processor 7.9','KiCad to STEP converter','Unknown'
  );
FILE_SCHEMA(('AUTOMOTIVE_DESIGN { 1 0 10303 214 1 1 1 1 }'));
ENDSEC;
DATA;
#1 = APPLICATION_PROTOCOL_DEFINITION('international standard',
  'automotive_design',2000,#2);
#2 = APPLICATION_CONTEXT(
  'core data for automotive mechanical design processes');
#3 = SHAPE_DEFINITION_REPRESENTATION(#4,#10);
#4 = PRODUCT_DEFINITION_SHAPE('','',#5);
#5 = PRODUCT_DEFINITION('design','',#6,#9);
#6 = PRODUCT_DEFINITION_FORMATION('','',#7);
#7 = PRODUCT('load_switch 1','load_switch 1','',(#8));
#8 = PRODUCT_CONTEXT('',#2,'mechanical');
#9 = PRODUCT_DEFINITION_CONTEXT('part definition',#2,'design');
#10 = SHAPE_REPRESENTATION('',(#11,#15,#19,#23,#27,#31,#35,#39,#43,#47,
    #51,#55,#59,#63,#67,#71,#75,#79,#83,#87,#91),#95);
#11 = AXIS2_PLACEMENT_3D('',#12,#13,#14);
#12 = CARTESIAN_POINT('',(0.,0.,0.));
#13 = DIRECTION('',(0.,0.,1.));
#14 = DIRECTION('',(1.,0.,-0.));
#15 = AXIS2_PLACEMENT_3D('',#16,#17,#18);
#16 = CARTESIAN_POINT('',(168.461842,-70.993829,1.595));
#17 = DIRECTION('',(0.,0.,1.));
#18 = DIRECTION('',(1.,0.,0.));
#19 = AXIS2_PLACEMENT_3D('',#20,#21,#22);
#20 = CARTESIAN_POINT('',(118.98,-115.75,1.595));
#21 = DIRECTION('',(0.,0.,1.));
#22 = DIRECTION('',(1.,0.,0.));
#23 = AXIS2_PLACEMENT_3D('',#24,#25,#26);
#24 = CARTESIAN_POINT('',(158.238013,-70.981741,1.595));
#25 = DIRECTION('',(0.,0.,1.));
#26 = DIRECTION('',(1.,0.,0.));
#27 = AXIS2_PLACEMENT_3D('',#28,#29,#30);
#28 = CARTESIAN_POINT('',(124.05,-122.,1.595));
#29 = DIRECTION('',(0.,0.,1.));
#30 = DIRECTION('',(-1.,1.224646799147E-16,0.));
#31 = AXIS2_PLACEMENT_3D('',#32,#33,#34);
#32 = CARTESIAN_POINT('',(119.,-113.5,1.595));
#33 = DIRECTION('',(0.,0.,1.));
#34 = DIRECTION('',(1.,0.,0.));
#35 = AXIS2_PLACEMENT_3D('',#36,#37,#38);
#36 = CARTESIAN_POINT('',(133.24,-70.5,1.595));
#37 = DIRECTION('',(0.,0.,1.));
#38 = DIRECTION('',(1.,0.,0.));
#39 = AXIS2_PLACEMENT_3D('',#40,#41,#42);
#40 = CARTESIAN_POINT('',(145.735054,-70.731741,1.595));
#41 = DIRECTION('',(0.,0.,1.));
#42 = DIRECTION('',(1.,0.,0.));
#43 = AXIS2_PLACEMENT_3D('',#44,#45,#46);
#44 = CARTESIAN_POINT('',(120.220008,-70.743829,1.595));
#45 = DIRECTION('',(0.,0.,1.));
#46 = DIRECTION('',(1.,0.,0.));
#47 = AXIS2_PLACEMENT_3D('',#48,#49,#50);
#48 = CARTESIAN_POINT('',(174.388351,-112.063799,1.595));
#49 = DIRECTION('',(0.,-0.,1.));
#50 = DIRECTION('',(1.110223024625E-16,1.,0.));
#51 = AXIS2_PLACEMENT_3D('',#52,#53,#54);
#52 = CARTESIAN_POINT('',(117.970008,-70.743829,1.595));
#53 = DIRECTION('',(0.,0.,1.));
#54 = DIRECTION('',(1.,0.,0.));
#55 = AXIS2_PLACEMENT_3D('',#56,#57,#58);
#56 = CARTESIAN_POINT('',(129.889376,-118.389376,1.595));
#57 = DIRECTION('',(-0.,0.,1.));
#58 = DIRECTION('',(0.707106781187,-0.707106781187,0.));
#59 = AXIS2_PLACEMENT_3D('',#60,#61,#62);
#60 = CARTESIAN_POINT('',(130.950036,-117.328716,1.595));
#61 = DIRECTION('',(-0.,0.,1.));
#62 = DIRECTION('',(0.707106781187,-0.707106781187,0.));
#63 = AXIS2_PLACEMENT_3D('',#64,#65,#66);
#64 = CARTESIAN_POINT('',(174.422668,-100.589693,1.595));
#65 = DIRECTION('',(0.,-0.,1.));
#66 = DIRECTION('',(1.110223024625E-16,1.,0.));
#67 = AXIS2_PLACEMENT_3D('',#68,#69,#70);
#68 = CARTESIAN_POINT('',(170.731842,-70.993829,1.595));
#69 = DIRECTION('',(0.,0.,1.));
#70 = DIRECTION('',(1.,0.,0.));
#71 = AXIS2_PLACEMENT_3D('',#72,#73,#74);
#72 = CARTESIAN_POINT('',(131.01,-70.5,1.595));
#73 = DIRECTION('',(0.,0.,1.));
#74 = DIRECTION('',(1.,0.,0.));
#75 = AXIS2_PLACEMENT_3D('',#76,#77,#78);
#76 = CARTESIAN_POINT('',(143.505054,-70.731741,1.595));
#77 = DIRECTION('',(0.,0.,1.));
#78 = DIRECTION('',(1.,0.,0.));
#79 = AXIS2_PLACEMENT_3D('',#80,#81,#82);
#80 = CARTESIAN_POINT('',(155.955753,-70.965431,1.595));
#81 = DIRECTION('',(0.,0.,1.));
#82 = DIRECTION('',(1.,0.,0.));
#83 = AXIS2_PLACEMENT_3D('',#84,#85,#86);
#84 = CARTESIAN_POINT('',(124.05,-124.25,1.595));
#85 = DIRECTION('',(0.,0.,1.));
#86 = DIRECTION('',(-1.,1.224646799147E-16,0.));
#87 = AXIS2_PLACEMENT_3D('',#88,#89,#90);
#88 = CARTESIAN_POINT('',(117.52,-121.,1.595));
#89 = DIRECTION('',(0.,0.,1.));
#90 = DIRECTION('',(1.,0.,0.));
#91 = AXIS2_PLACEMENT_3D('',#92,#93,#94);
#92 = CARTESIAN_POINT('',(0.,0.,0.));
#93 = DIRECTION('',(0.,0.,1.));
#94 = DIRECTION('',(1.,0.,-0.));
#95 = ( GEOMETRIC_REPRESENTATION_CONTEXT(3) 
GLOBAL_UNCERTAINTY_ASSIGNED_CONTEXT((#99)) GLOBAL_UNIT_ASSIGNED_CONTEXT(
(#96,#97,#98)) REPRESENTATION_CONTEXT('Context #1',
  '3D Context with UNIT and UNCERTAINTY') );
#96 = ( LENGTH_UNIT() NAMED_UNIT(*) SI_UNIT(.MILLI.,.METRE.) );
#97 = ( NAMED_UNIT(*) PLANE_ANGLE_UNIT() SI_UNIT($,.RADIAN.) );
#98 = ( NAMED_UNIT(*) SI_UNIT($,.STERADIAN.) SOLID_ANGLE_UNIT() );
#99 = UNCERTAINTY_MEASURE_WITH_UNIT(LENGTH_MEASURE(1.E-07),#96,
  'distance_accuracy_value','confusion accuracy');
#100 = PRODUCT_RELATED_PRODUCT_CATEGORY('part',$,(#7));
#101 = SHAPE_DEFINITION_REPRESENTATION(#102,#108);
#102 = PRODUCT_DEFINITION_SHAPE('','',#103);
#103 = PRODUCT_DEFINITION('design','',#104,#107);
#104 = PRODUCT_DEFINITION_FORMATION('','',#105);
#105 = PRODUCT('R_0402_1005Metric','R_0402_1005Metric','',(#106));
#106 = PRODUCT_CONTEXT('',#2,'mechanical');
#107 = PRODUCT_DEFINITION_CONTEXT('part definition',#2,'design');
#108 = ADVANCED_BREP_SHAPE_REPRESENTATION('',(#11,#109),#899);
#109 = MANIFOLD_SOLID_BREP('',#110);
#110 = CLOSED_SHELL('',(#111,#151,#234,#259,#284,#351,#368,#385,#434,
    #451,#468,#517,#534,#603,#634,#658,#727,#751,#768,#785,#802,#819,
    #836,#853,#870,#887));
#111 = ADVANCED_FACE('',(#112),#146,.F.);
#112 = FACE_BOUND('',#113,.F.);
#113 = EDGE_LOOP('',(#114,#124,#132,#140));
#114 = ORIENTED_EDGE('',*,*,#115,.F.);
#115 = EDGE_CURVE('',#116,#118,#120,.T.);
#116 = VERTEX_POINT('',#117);
#117 = CARTESIAN_POINT('',(-0.5,-0.25,3.5E-02));
#118 = VERTEX_POINT('',#119);
#119 = CARTESIAN_POINT('',(-0.5,-0.25,0.315));
#120 = LINE('',#121,#122);
#121 = CARTESIAN_POINT('',(-0.5,-0.25,0.));
#122 = VECTOR('',#123,1.);
#123 = DIRECTION('',(0.,0.,1.));
#124 = ORIENTED_EDGE('',*,*,#125,.T.);
#125 = EDGE_CURVE('',#116,#126,#128,.T.);
#126 = VERTEX_POINT('',#127);
#127 = CARTESIAN_POINT('',(-0.5,0.25,3.5E-02));
#128 = LINE('',#129,#130);
#129 = CARTESIAN_POINT('',(-0.5,-0.25,3.5E-02));
#130 = VECTOR('',#131,1.);
#131 = DIRECTION('',(0.,1.,0.));
#132 = ORIENTED_EDGE('',*,*,#133,.T.);
#133 = EDGE_CURVE('',#126,#134,#136,.T.);
#134 = VERTEX_POINT('',#135);
#135 = CARTESIAN_POINT('',(-0.5,0.25,0.315));
#136 = LINE('',#137,#138);
#137 = CARTESIAN_POINT('',(-0.5,0.25,0.));
#138 = VECTOR('',#139,1.);
#139 = DIRECTION('',(0.,0.,1.));
#140 = ORIENTED_EDGE('',*,*,#141,.F.);
#141 = EDGE_CURVE('',#118,#134,#142,.T.);
#142 = LINE('',#143,#144);
#143 = CARTESIAN_POINT('',(-0.5,-0.25,0.315));
#144 = VECTOR('',#145,1.);
#145 = DIRECTION('',(0.,1.,0.));
#146 = PLANE('',#147);
#147 = AXIS2_PLACEMENT_3D('',#148,#149,#150);
#148 = CARTESIAN_POINT('',(-0.5,-0.25,0.));
#149 = DIRECTION('',(1.,0.,0.));
#150 = DIRECTION('',(0.,0.,1.));
#151 = ADVANCED_FACE('',(#152),#229,.F.);
#152 = FACE_BOUND('',#153,.F.);
#153 = EDGE_LOOP('',(#154,#164,#171,#172,#181,#189,#198,#206,#214,#222)
  );
#154 = ORIENTED_EDGE('',*,*,#155,.F.);
#155 = EDGE_CURVE('',#156,#158,#160,.T.);
#156 = VERTEX_POINT('',#157);
#157 = CARTESIAN_POINT('',(-0.465,-0.25,-2.775557561563E-17));
#158 = VERTEX_POINT('',#159);
#159 = CARTESIAN_POINT('',(-0.335,-0.25,-2.775557561563E-17));
#160 = LINE('',#161,#162);
#161 = CARTESIAN_POINT('',(-0.5,-0.25,0.));
#162 = VECTOR('',#163,1.);
#163 = DIRECTION('',(1.,0.,0.));
#164 = ORIENTED_EDGE('',*,*,#165,.F.);
#165 = EDGE_CURVE('',#116,#156,#166,.T.);
#166 = CIRCLE('',#167,3.5E-02);
#167 = AXIS2_PLACEMENT_3D('',#168,#169,#170);
#168 = CARTESIAN_POINT('',(-0.465,-0.25,3.5E-02));
#169 = DIRECTION('',(0.,-1.,0.));
#170 = DIRECTION('',(0.,0.,1.));
#171 = ORIENTED_EDGE('',*,*,#115,.T.);
#172 = ORIENTED_EDGE('',*,*,#173,.T.);
#173 = EDGE_CURVE('',#118,#174,#176,.T.);
#174 = VERTEX_POINT('',#175);
#175 = CARTESIAN_POINT('',(-0.465,-0.25,0.35));
#176 = CIRCLE('',#177,3.5E-02);
#177 = AXIS2_PLACEMENT_3D('',#178,#179,#180);
#178 = CARTESIAN_POINT('',(-0.465,-0.25,0.315));
#179 = DIRECTION('',(0.,1.,0.));
#180 = DIRECTION('',(0.,-0.,1.));
#181 = ORIENTED_EDGE('',*,*,#182,.T.);
#182 = EDGE_CURVE('',#174,#183,#185,.T.);
#183 = VERTEX_POINT('',#184);
#184 = CARTESIAN_POINT('',(-0.335,-0.25,0.35));
#185 = LINE('',#186,#187);
#186 = CARTESIAN_POINT('',(-0.5,-0.25,0.35));
#187 = VECTOR('',#188,1.);
#188 = DIRECTION('',(1.,0.,0.));
#189 = ORIENTED_EDGE('',*,*,#190,.F.);
#190 = EDGE_CURVE('',#191,#183,#193,.T.);
#191 = VERTEX_POINT('',#192);
#192 = CARTESIAN_POINT('',(-0.3,-0.25,0.315));
#193 = CIRCLE('',#194,3.5E-02);
#194 = AXIS2_PLACEMENT_3D('',#195,#196,#197);
#195 = CARTESIAN_POINT('',(-0.335,-0.25,0.315));
#196 = DIRECTION('',(0.,-1.,0.));
#197 = DIRECTION('',(0.,0.,1.));
#198 = ORIENTED_EDGE('',*,*,#199,.F.);
#199 = EDGE_CURVE('',#200,#191,#202,.T.);
#200 = VERTEX_POINT('',#201);
#201 = CARTESIAN_POINT('',(-0.465,-0.25,0.315));
#202 = LINE('',#203,#204);
#203 = CARTESIAN_POINT('',(-0.465,-0.25,0.315));
#204 = VECTOR('',#205,1.);
#205 = DIRECTION('',(1.,0.,0.));
#206 = ORIENTED_EDGE('',*,*,#207,.F.);
#207 = EDGE_CURVE('',#208,#200,#210,.T.);
#208 = VERTEX_POINT('',#209);
#209 = CARTESIAN_POINT('',(-0.465,-0.25,3.5E-02));
#210 = LINE('',#211,#212);
#211 = CARTESIAN_POINT('',(-0.465,-0.25,3.5E-02));
#212 = VECTOR('',#213,1.);
#213 = DIRECTION('',(0.,0.,1.));
#214 = ORIENTED_EDGE('',*,*,#215,.T.);
#215 = EDGE_CURVE('',#208,#216,#218,.T.);
#216 = VERTEX_POINT('',#217);
#217 = CARTESIAN_POINT('',(-0.3,-0.25,3.5E-02));
#218 = LINE('',#219,#220);
#219 = CARTESIAN_POINT('',(-0.465,-0.25,3.5E-02));
#220 = VECTOR('',#221,1.);
#221 = DIRECTION('',(1.,0.,0.));
#222 = ORIENTED_EDGE('',*,*,#223,.T.);
#223 = EDGE_CURVE('',#216,#158,#224,.T.);
#224 = CIRCLE('',#225,3.5E-02);
#225 = AXIS2_PLACEMENT_3D('',#226,#227,#228);
#226 = CARTESIAN_POINT('',(-0.335,-0.25,3.5E-02));
#227 = DIRECTION('',(0.,1.,0.));
#228 = DIRECTION('',(0.,-0.,1.));
#229 = PLANE('',#230);
#230 = AXIS2_PLACEMENT_3D('',#231,#232,#233);
#231 = CARTESIAN_POINT('',(-0.5,-0.25,0.));
#232 = DIRECTION('',(0.,1.,0.));
#233 = DIRECTION('',(0.,-0.,1.));
#234 = ADVANCED_FACE('',(#235),#254,.T.);
#235 = FACE_BOUND('',#236,.T.);
#236 = EDGE_LOOP('',(#237,#238,#247,#253));
#237 = ORIENTED_EDGE('',*,*,#125,.T.);
#238 = ORIENTED_EDGE('',*,*,#239,.T.);
#239 = EDGE_CURVE('',#126,#240,#242,.T.);
#240 = VERTEX_POINT('',#241);
#241 = CARTESIAN_POINT('',(-0.465,0.25,-2.775557561563E-17));
#242 = CIRCLE('',#243,3.5E-02);
#243 = AXIS2_PLACEMENT_3D('',#244,#245,#246);
#244 = CARTESIAN_POINT('',(-0.465,0.25,3.5E-02));
#245 = DIRECTION('',(0.,-1.,0.));
#246 = DIRECTION('',(0.,0.,1.));
#247 = ORIENTED_EDGE('',*,*,#248,.F.);
#248 = EDGE_CURVE('',#156,#240,#249,.T.);
#249 = LINE('',#250,#251);
#250 = CARTESIAN_POINT('',(-0.465,-0.25,-2.775557561563E-17));
#251 = VECTOR('',#252,1.);
#252 = DIRECTION('',(0.,1.,0.));
#253 = ORIENTED_EDGE('',*,*,#165,.F.);
#254 = CYLINDRICAL_SURFACE('',#255,3.5E-02);
#255 = AXIS2_PLACEMENT_3D('',#256,#257,#258);
#256 = CARTESIAN_POINT('',(-0.465,-0.25,3.5E-02));
#257 = DIRECTION('',(0.,1.,0.));
#258 = DIRECTION('',(-1.,0.,0.));
#259 = ADVANCED_FACE('',(#260),#279,.T.);
#260 = FACE_BOUND('',#261,.T.);
#261 = EDGE_LOOP('',(#262,#263,#271,#278));
#262 = ORIENTED_EDGE('',*,*,#173,.T.);
#263 = ORIENTED_EDGE('',*,*,#264,.T.);
#264 = EDGE_CURVE('',#174,#265,#267,.T.);
#265 = VERTEX_POINT('',#266);
#266 = CARTESIAN_POINT('',(-0.465,0.25,0.35));
#267 = LINE('',#268,#269);
#268 = CARTESIAN_POINT('',(-0.465,-0.25,0.35));
#269 = VECTOR('',#270,1.);
#270 = DIRECTION('',(0.,1.,0.));
#271 = ORIENTED_EDGE('',*,*,#272,.F.);
#272 = EDGE_CURVE('',#134,#265,#273,.T.);
#273 = CIRCLE('',#274,3.5E-02);
#274 = AXIS2_PLACEMENT_3D('',#275,#276,#277);
#275 = CARTESIAN_POINT('',(-0.465,0.25,0.315));
#276 = DIRECTION('',(0.,1.,0.));
#277 = DIRECTION('',(0.,-0.,1.));
#278 = ORIENTED_EDGE('',*,*,#141,.F.);
#279 = CYLINDRICAL_SURFACE('',#280,3.5E-02);
#280 = AXIS2_PLACEMENT_3D('',#281,#282,#283);
#281 = CARTESIAN_POINT('',(-0.465,-0.25,0.315));
#282 = DIRECTION('',(0.,1.,0.));
#283 = DIRECTION('',(-1.,0.,0.));
#284 = ADVANCED_FACE('',(#285),#346,.T.);
#285 = FACE_BOUND('',#286,.T.);
#286 = EDGE_LOOP('',(#287,#295,#296,#297,#298,#306,#315,#323,#331,#339)
  );
#287 = ORIENTED_EDGE('',*,*,#288,.F.);
#288 = EDGE_CURVE('',#240,#289,#291,.T.);
#289 = VERTEX_POINT('',#290);
#290 = CARTESIAN_POINT('',(-0.335,0.25,-2.775557561563E-17));
#291 = LINE('',#292,#293);
#292 = CARTESIAN_POINT('',(-0.5,0.25,0.));
#293 = VECTOR('',#294,1.);
#294 = DIRECTION('',(1.,0.,0.));
#295 = ORIENTED_EDGE('',*,*,#239,.F.);
#296 = ORIENTED_EDGE('',*,*,#133,.T.);
#297 = ORIENTED_EDGE('',*,*,#272,.T.);
#298 = ORIENTED_EDGE('',*,*,#299,.T.);
#299 = EDGE_CURVE('',#265,#300,#302,.T.);
#300 = VERTEX_POINT('',#301);
#301 = CARTESIAN_POINT('',(-0.335,0.25,0.35));
#302 = LINE('',#303,#304);
#303 = CARTESIAN_POINT('',(-0.5,0.25,0.35));
#304 = VECTOR('',#305,1.);
#305 = DIRECTION('',(1.,0.,0.));
#306 = ORIENTED_EDGE('',*,*,#307,.F.);
#307 = EDGE_CURVE('',#308,#300,#310,.T.);
#308 = VERTEX_POINT('',#309);
#309 = CARTESIAN_POINT('',(-0.3,0.25,0.315));
#310 = CIRCLE('',#311,3.5E-02);
#311 = AXIS2_PLACEMENT_3D('',#312,#313,#314);
#312 = CARTESIAN_POINT('',(-0.335,0.25,0.315));
#313 = DIRECTION('',(0.,-1.,0.));
#314 = DIRECTION('',(0.,0.,1.));
#315 = ORIENTED_EDGE('',*,*,#316,.F.);
#316 = EDGE_CURVE('',#317,#308,#319,.T.);
#317 = VERTEX_POINT('',#318);
#318 = CARTESIAN_POINT('',(-0.465,0.25,0.315));
#319 = LINE('',#320,#321);
#320 = CARTESIAN_POINT('',(-0.465,0.25,0.315));
#321 = VECTOR('',#322,1.);
#322 = DIRECTION('',(1.,0.,0.));
#323 = ORIENTED_EDGE('',*,*,#324,.F.);
#324 = EDGE_CURVE('',#325,#317,#327,.T.);
#325 = VERTEX_POINT('',#326);
#326 = CARTESIAN_POINT('',(-0.465,0.25,3.5E-02));
#327 = LINE('',#328,#329);
#328 = CARTESIAN_POINT('',(-0.465,0.25,3.5E-02));
#329 = VECTOR('',#330,1.);
#330 = DIRECTION('',(0.,0.,1.));
#331 = ORIENTED_EDGE('',*,*,#332,.T.);
#332 = EDGE_CURVE('',#325,#333,#335,.T.);
#333 = VERTEX_POINT('',#334);
#334 = CARTESIAN_POINT('',(-0.3,0.25,3.5E-02));
#335 = LINE('',#336,#337);
#336 = CARTESIAN_POINT('',(-0.465,0.25,3.5E-02));
#337 = VECTOR('',#338,1.);
#338 = DIRECTION('',(1.,0.,0.));
#339 = ORIENTED_EDGE('',*,*,#340,.T.);
#340 = EDGE_CURVE('',#333,#289,#341,.T.);
#341 = CIRCLE('',#342,3.5E-02);
#342 = AXIS2_PLACEMENT_3D('',#343,#344,#345);
#343 = CARTESIAN_POINT('',(-0.335,0.25,3.5E-02));
#344 = DIRECTION('',(0.,1.,0.));
#345 = DIRECTION('',(0.,-0.,1.));
#346 = PLANE('',#347);
#347 = AXIS2_PLACEMENT_3D('',#348,#349,#350);
#348 = CARTESIAN_POINT('',(-0.5,0.25,0.));
#349 = DIRECTION('',(0.,1.,0.));
#350 = DIRECTION('',(0.,-0.,1.));
#351 = ADVANCED_FACE('',(#352),#363,.F.);
#352 = FACE_BOUND('',#353,.F.);
#353 = EDGE_LOOP('',(#354,#355,#356,#357));
#354 = ORIENTED_EDGE('',*,*,#288,.F.);
#355 = ORIENTED_EDGE('',*,*,#248,.F.);
#356 = ORIENTED_EDGE('',*,*,#155,.T.);
#357 = ORIENTED_EDGE('',*,*,#358,.T.);
#358 = EDGE_CURVE('',#158,#289,#359,.T.);
#359 = LINE('',#360,#361);
#360 = CARTESIAN_POINT('',(-0.335,-0.25,-2.775557561563E-17));
#361 = VECTOR('',#362,1.);
#362 = DIRECTION('',(0.,1.,0.));
#363 = PLANE('',#364);
#364 = AXIS2_PLACEMENT_3D('',#365,#366,#367);
#365 = CARTESIAN_POINT('',(-0.5,-0.25,0.));
#366 = DIRECTION('',(0.,0.,1.));
#367 = DIRECTION('',(1.,0.,-0.));
#368 = ADVANCED_FACE('',(#369),#380,.T.);
#369 = FACE_BOUND('',#370,.T.);
#370 = EDGE_LOOP('',(#371,#372,#373,#374));
#371 = ORIENTED_EDGE('',*,*,#223,.T.);
#372 = ORIENTED_EDGE('',*,*,#358,.T.);
#373 = ORIENTED_EDGE('',*,*,#340,.F.);
#374 = ORIENTED_EDGE('',*,*,#375,.F.);
#375 = EDGE_CURVE('',#216,#333,#376,.T.);
#376 = LINE('',#377,#378);
#377 = CARTESIAN_POINT('',(-0.3,-0.25,3.5E-02));
#378 = VECTOR('',#379,1.);
#379 = DIRECTION('',(0.,1.,0.));
#380 = CYLINDRICAL_SURFACE('',#381,3.5E-02);
#381 = AXIS2_PLACEMENT_3D('',#382,#383,#384);
#382 = CARTESIAN_POINT('',(-0.335,-0.25,3.5E-02));
#383 = DIRECTION('',(0.,1.,0.));
#384 = DIRECTION('',(1.,0.,0.));
#385 = ADVANCED_FACE('',(#386),#429,.F.);
#386 = FACE_BOUND('',#387,.F.);
#387 = EDGE_LOOP('',(#388,#389,#390,#391,#399,#407,#415,#423));
#388 = ORIENTED_EDGE('',*,*,#215,.F.);
#389 = ORIENTED_EDGE('',*,*,#207,.T.);
#390 = ORIENTED_EDGE('',*,*,#199,.T.);
#391 = ORIENTED_EDGE('',*,*,#392,.T.);
#392 = EDGE_CURVE('',#191,#393,#395,.T.);
#393 = VERTEX_POINT('',#394);
#394 = CARTESIAN_POINT('',(0.3,-0.25,0.315));
#395 = LINE('',#396,#397);
#396 = CARTESIAN_POINT('',(-0.3,-0.25,0.315));
#397 = VECTOR('',#398,1.);
#398 = DIRECTION('',(1.,0.,0.));
#399 = ORIENTED_EDGE('',*,*,#400,.T.);
#400 = EDGE_CURVE('',#393,#401,#403,.T.);
#401 = VERTEX_POINT('',#402);
#402 = CARTESIAN_POINT('',(0.465,-0.25,0.315));
#403 = LINE('',#404,#405);
#404 = CARTESIAN_POINT('',(-0.465,-0.25,0.315));
#405 = VECTOR('',#406,1.);
#406 = DIRECTION('',(1.,0.,0.));
#407 = ORIENTED_EDGE('',*,*,#408,.F.);
#408 = EDGE_CURVE('',#409,#401,#411,.T.);
#409 = VERTEX_POINT('',#410);
#410 = CARTESIAN_POINT('',(0.465,-0.25,3.5E-02));
#411 = LINE('',#412,#413);
#412 = CARTESIAN_POINT('',(0.465,-0.25,3.5E-02));
#413 = VECTOR('',#414,1.);
#414 = DIRECTION('',(0.,0.,1.));
#415 = ORIENTED_EDGE('',*,*,#416,.F.);
#416 = EDGE_CURVE('',#417,#409,#419,.T.);
#417 = VERTEX_POINT('',#418);
#418 = CARTESIAN_POINT('',(0.3,-0.25,3.5E-02));
#419 = LINE('',#420,#421);
#420 = CARTESIAN_POINT('',(-0.465,-0.25,3.5E-02));
#421 = VECTOR('',#422,1.);
#422 = DIRECTION('',(1.,0.,0.));
#423 = ORIENTED_EDGE('',*,*,#424,.F.);
#424 = EDGE_CURVE('',#216,#417,#425,.T.);
#425 = LINE('',#426,#427);
#426 = CARTESIAN_POINT('',(-0.465,-0.25,3.5E-02));
#427 = VECTOR('',#428,1.);
#428 = DIRECTION('',(1.,0.,0.));
#429 = PLANE('',#430);
#430 = AXIS2_PLACEMENT_3D('',#431,#432,#433);
#431 = CARTESIAN_POINT('',(-0.465,-0.25,3.5E-02));
#432 = DIRECTION('',(0.,1.,0.));
#433 = DIRECTION('',(0.,-0.,1.));
#434 = ADVANCED_FACE('',(#435),#446,.T.);
#435 = FACE_BOUND('',#436,.T.);
#436 = EDGE_LOOP('',(#437,#438,#439,#440));
#437 = ORIENTED_EDGE('',*,*,#299,.F.);
#438 = ORIENTED_EDGE('',*,*,#264,.F.);
#439 = ORIENTED_EDGE('',*,*,#182,.T.);
#440 = ORIENTED_EDGE('',*,*,#441,.T.);
#441 = EDGE_CURVE('',#183,#300,#442,.T.);
#442 = LINE('',#443,#444);
#443 = CARTESIAN_POINT('',(-0.335,-0.25,0.35));
#444 = VECTOR('',#445,1.);
#445 = DIRECTION('',(0.,1.,0.));
#446 = PLANE('',#447);
#447 = AXIS2_PLACEMENT_3D('',#448,#449,#450);
#448 = CARTESIAN_POINT('',(-0.5,-0.25,0.35));
#449 = DIRECTION('',(0.,0.,1.));
#450 = DIRECTION('',(1.,0.,-0.));
#451 = ADVANCED_FACE('',(#452),#463,.T.);
#452 = FACE_BOUND('',#453,.T.);
#453 = EDGE_LOOP('',(#454,#460,#461,#462));
#454 = ORIENTED_EDGE('',*,*,#455,.T.);
#455 = EDGE_CURVE('',#191,#308,#456,.T.);
#456 = LINE('',#457,#458);
#457 = CARTESIAN_POINT('',(-0.3,-0.25,0.315));
#458 = VECTOR('',#459,1.);
#459 = DIRECTION('',(0.,1.,0.));
#460 = ORIENTED_EDGE('',*,*,#307,.T.);
#461 = ORIENTED_EDGE('',*,*,#441,.F.);
#462 = ORIENTED_EDGE('',*,*,#190,.F.);
#463 = CYLINDRICAL_SURFACE('',#464,3.5E-02);
#464 = AXIS2_PLACEMENT_3D('',#465,#466,#467);
#465 = CARTESIAN_POINT('',(-0.335,-0.25,0.315));
#466 = DIRECTION('',(0.,1.,0.));
#467 = DIRECTION('',(1.,0.,0.));
#468 = ADVANCED_FACE('',(#469),#512,.T.);
#469 = FACE_BOUND('',#470,.T.);
#470 = EDGE_LOOP('',(#471,#472,#473,#474,#482,#490,#498,#506));
#471 = ORIENTED_EDGE('',*,*,#332,.F.);
#472 = ORIENTED_EDGE('',*,*,#324,.T.);
#473 = ORIENTED_EDGE('',*,*,#316,.T.);
#474 = ORIENTED_EDGE('',*,*,#475,.T.);
#475 = EDGE_CURVE('',#308,#476,#478,.T.);
#476 = VERTEX_POINT('',#477);
#477 = CARTESIAN_POINT('',(0.3,0.25,0.315));
#478 = LINE('',#479,#480);
#479 = CARTESIAN_POINT('',(-0.3,0.25,0.315));
#480 = VECTOR('',#481,1.);
#481 = DIRECTION('',(1.,0.,0.));
#482 = ORIENTED_EDGE('',*,*,#483,.T.);
#483 = EDGE_CURVE('',#476,#484,#486,.T.);
#484 = VERTEX_POINT('',#485);
#485 = CARTESIAN_POINT('',(0.465,0.25,0.315));
#486 = LINE('',#487,#488);
#487 = CARTESIAN_POINT('',(-0.465,0.25,0.315));
#488 = VECTOR('',#489,1.);
#489 = DIRECTION('',(1.,0.,0.));
#490 = ORIENTED_EDGE('',*,*,#491,.F.);
#491 = EDGE_CURVE('',#492,#484,#494,.T.);
#492 = VERTEX_POINT('',#493);
#493 = CARTESIAN_POINT('',(0.465,0.25,3.5E-02));
#494 = LINE('',#495,#496);
#495 = CARTESIAN_POINT('',(0.465,0.25,3.5E-02));
#496 = VECTOR('',#497,1.);
#497 = DIRECTION('',(0.,0.,1.));
#498 = ORIENTED_EDGE('',*,*,#499,.F.);
#499 = EDGE_CURVE('',#500,#492,#502,.T.);
#500 = VERTEX_POINT('',#501);
#501 = CARTESIAN_POINT('',(0.3,0.25,3.5E-02));
#502 = LINE('',#503,#504);
#503 = CARTESIAN_POINT('',(-0.465,0.25,3.5E-02));
#504 = VECTOR('',#505,1.);
#505 = DIRECTION('',(1.,0.,0.));
#506 = ORIENTED_EDGE('',*,*,#507,.F.);
#507 = EDGE_CURVE('',#333,#500,#508,.T.);
#508 = LINE('',#509,#510);
#509 = CARTESIAN_POINT('',(-0.465,0.25,3.5E-02));
#510 = VECTOR('',#511,1.);
#511 = DIRECTION('',(1.,0.,0.));
#512 = PLANE('',#513);
#513 = AXIS2_PLACEMENT_3D('',#514,#515,#516);
#514 = CARTESIAN_POINT('',(-0.465,0.25,3.5E-02));
#515 = DIRECTION('',(0.,1.,0.));
#516 = DIRECTION('',(0.,-0.,1.));
#517 = ADVANCED_FACE('',(#518),#529,.F.);
#518 = FACE_BOUND('',#519,.F.);
#519 = EDGE_LOOP('',(#520,#521,#522,#528));
#520 = ORIENTED_EDGE('',*,*,#375,.F.);
#521 = ORIENTED_EDGE('',*,*,#424,.T.);
#522 = ORIENTED_EDGE('',*,*,#523,.T.);
#523 = EDGE_CURVE('',#417,#500,#524,.T.);
#524 = LINE('',#525,#526);
#525 = CARTESIAN_POINT('',(0.3,-0.25,3.5E-02));
#526 = VECTOR('',#527,1.);
#527 = DIRECTION('',(0.,1.,0.));
#528 = ORIENTED_EDGE('',*,*,#507,.F.);
#529 = PLANE('',#530);
#530 = AXIS2_PLACEMENT_3D('',#531,#532,#533);
#531 = CARTESIAN_POINT('',(-0.465,-0.25,3.5E-02));
#532 = DIRECTION('',(0.,0.,1.));
#533 = DIRECTION('',(1.,0.,-0.));
#534 = ADVANCED_FACE('',(#535),#598,.F.);
#535 = FACE_BOUND('',#536,.F.);
#536 = EDGE_LOOP('',(#537,#547,#554,#555,#556,#557,#566,#574,#583,#591)
  );
#537 = ORIENTED_EDGE('',*,*,#538,.F.);
#538 = EDGE_CURVE('',#539,#541,#543,.T.);
#539 = VERTEX_POINT('',#540);
#540 = CARTESIAN_POINT('',(0.335,-0.25,-2.775557561563E-17));
#541 = VERTEX_POINT('',#542);
#542 = CARTESIAN_POINT('',(0.465,-0.25,-2.775557561563E-17));
#543 = LINE('',#544,#545);
#544 = CARTESIAN_POINT('',(0.3,-0.25,0.));
#545 = VECTOR('',#546,1.);
#546 = DIRECTION('',(1.,0.,0.));
#547 = ORIENTED_EDGE('',*,*,#548,.F.);
#548 = EDGE_CURVE('',#417,#539,#549,.T.);
#549 = CIRCLE('',#550,3.5E-02);
#550 = AXIS2_PLACEMENT_3D('',#551,#552,#553);
#551 = CARTESIAN_POINT('',(0.335,-0.25,3.5E-02));
#552 = DIRECTION('',(0.,-1.,0.));
#553 = DIRECTION('',(0.,0.,1.));
#554 = ORIENTED_EDGE('',*,*,#416,.T.);
#555 = ORIENTED_EDGE('',*,*,#408,.T.);
#556 = ORIENTED_EDGE('',*,*,#400,.F.);
#557 = ORIENTED_EDGE('',*,*,#558,.T.);
#558 = EDGE_CURVE('',#393,#559,#561,.T.);
#559 = VERTEX_POINT('',#560);
#560 = CARTESIAN_POINT('',(0.335,-0.25,0.35));
#561 = CIRCLE('',#562,3.5E-02);
#562 = AXIS2_PLACEMENT_3D('',#563,#564,#565);
#563 = CARTESIAN_POINT('',(0.335,-0.25,0.315));
#564 = DIRECTION('',(0.,1.,0.));
#565 = DIRECTION('',(0.,-0.,1.));
#566 = ORIENTED_EDGE('',*,*,#567,.T.);
#567 = EDGE_CURVE('',#559,#568,#570,.T.);
#568 = VERTEX_POINT('',#569);
#569 = CARTESIAN_POINT('',(0.465,-0.25,0.35));
#570 = LINE('',#571,#572);
#571 = CARTESIAN_POINT('',(0.3,-0.25,0.35));
#572 = VECTOR('',#573,1.);
#573 = DIRECTION('',(1.,0.,0.));
#574 = ORIENTED_EDGE('',*,*,#575,.F.);
#575 = EDGE_CURVE('',#576,#568,#578,.T.);
#576 = VERTEX_POINT('',#577);
#577 = CARTESIAN_POINT('',(0.5,-0.25,0.315));
#578 = CIRCLE('',#579,3.5E-02);
#579 = AXIS2_PLACEMENT_3D('',#580,#581,#582);
#580 = CARTESIAN_POINT('',(0.465,-0.25,0.315));
#581 = DIRECTION('',(0.,-1.,0.));
#582 = DIRECTION('',(0.,0.,1.));
#583 = ORIENTED_EDGE('',*,*,#584,.F.);
#584 = EDGE_CURVE('',#585,#576,#587,.T.);
#585 = VERTEX_POINT('',#586);
#586 = CARTESIAN_POINT('',(0.5,-0.25,3.5E-02));
#587 = LINE('',#588,#589);
#588 = CARTESIAN_POINT('',(0.5,-0.25,0.));
#589 = VECTOR('',#590,1.);
#590 = DIRECTION('',(0.,0.,1.));
#591 = ORIENTED_EDGE('',*,*,#592,.T.);
#592 = EDGE_CURVE('',#585,#541,#593,.T.);
#593 = CIRCLE('',#594,3.5E-02);
#594 = AXIS2_PLACEMENT_3D('',#595,#596,#597);
#595 = CARTESIAN_POINT('',(0.465,-0.25,3.5E-02));
#596 = DIRECTION('',(0.,1.,0.));
#597 = DIRECTION('',(0.,-0.,1.));
#598 = PLANE('',#599);
#599 = AXIS2_PLACEMENT_3D('',#600,#601,#602);
#600 = CARTESIAN_POINT('',(0.3,-0.25,0.));
#601 = DIRECTION('',(0.,1.,0.));
#602 = DIRECTION('',(0.,-0.,1.));
#603 = ADVANCED_FACE('',(#604),#629,.F.);
#604 = FACE_BOUND('',#605,.F.);
#605 = EDGE_LOOP('',(#606,#607,#615,#623));
#606 = ORIENTED_EDGE('',*,*,#392,.F.);
#607 = ORIENTED_EDGE('',*,*,#608,.T.);
#608 = EDGE_CURVE('',#191,#609,#611,.T.);
#609 = VERTEX_POINT('',#610);
#610 = CARTESIAN_POINT('',(-0.3,-0.25,0.35));
#611 = LINE('',#612,#613);
#612 = CARTESIAN_POINT('',(-0.3,-0.25,0.315));
#613 = VECTOR('',#614,1.);
#614 = DIRECTION('',(0.,0.,1.));
#615 = ORIENTED_EDGE('',*,*,#616,.T.);
#616 = EDGE_CURVE('',#609,#617,#619,.T.);
#617 = VERTEX_POINT('',#618);
#618 = CARTESIAN_POINT('',(0.3,-0.25,0.35));
#619 = LINE('',#620,#621);
#620 = CARTESIAN_POINT('',(-0.3,-0.25,0.35));
#621 = VECTOR('',#622,1.);
#622 = DIRECTION('',(1.,0.,0.));
#623 = ORIENTED_EDGE('',*,*,#624,.F.);
#624 = EDGE_CURVE('',#393,#617,#625,.T.);
#625 = LINE('',#626,#627);
#626 = CARTESIAN_POINT('',(0.3,-0.25,0.315));
#627 = VECTOR('',#628,1.);
#628 = DIRECTION('',(0.,0.,1.));
#629 = PLANE('',#630);
#630 = AXIS2_PLACEMENT_3D('',#631,#632,#633);
#631 = CARTESIAN_POINT('',(-0.3,-0.25,0.315));
#632 = DIRECTION('',(0.,1.,0.));
#633 = DIRECTION('',(0.,-0.,1.));
#634 = ADVANCED_FACE('',(#635),#653,.F.);
#635 = FACE_BOUND('',#636,.F.);
#636 = EDGE_LOOP('',(#637,#638,#639,#647));
#637 = ORIENTED_EDGE('',*,*,#608,.F.);
#638 = ORIENTED_EDGE('',*,*,#455,.T.);
#639 = ORIENTED_EDGE('',*,*,#640,.T.);
#640 = EDGE_CURVE('',#308,#641,#643,.T.);
#641 = VERTEX_POINT('',#642);
#642 = CARTESIAN_POINT('',(-0.3,0.25,0.35));
#643 = LINE('',#644,#645);
#644 = CARTESIAN_POINT('',(-0.3,0.25,0.315));
#645 = VECTOR('',#646,1.);
#646 = DIRECTION('',(0.,0.,1.));
#647 = ORIENTED_EDGE('',*,*,#648,.F.);
#648 = EDGE_CURVE('',#609,#641,#649,.T.);
#649 = LINE('',#650,#651);
#650 = CARTESIAN_POINT('',(-0.3,-0.25,0.35));
#651 = VECTOR('',#652,1.);
#652 = DIRECTION('',(0.,1.,0.));
#653 = PLANE('',#654);
#654 = AXIS2_PLACEMENT_3D('',#655,#656,#657);
#655 = CARTESIAN_POINT('',(-0.3,-0.25,0.315));
#656 = DIRECTION('',(1.,0.,0.));
#657 = DIRECTION('',(0.,0.,1.));
#658 = ADVANCED_FACE('',(#659),#722,.T.);
#659 = FACE_BOUND('',#660,.T.);
#660 = EDGE_LOOP('',(#661,#671,#678,#679,#680,#681,#690,#698,#707,#715)
  );
#661 = ORIENTED_EDGE('',*,*,#662,.F.);
#662 = EDGE_CURVE('',#663,#665,#667,.T.);
#663 = VERTEX_POINT('',#664);
#664 = CARTESIAN_POINT('',(0.335,0.25,-2.775557561563E-17));
#665 = VERTEX_POINT('',#666);
#666 = CARTESIAN_POINT('',(0.465,0.25,-2.775557561563E-17));
#667 = LINE('',#668,#669);
#668 = CARTESIAN_POINT('',(0.3,0.25,0.));
#669 = VECTOR('',#670,1.);
#670 = DIRECTION('',(1.,0.,0.));
#671 = ORIENTED_EDGE('',*,*,#672,.F.);
#672 = EDGE_CURVE('',#500,#663,#673,.T.);
#673 = CIRCLE('',#674,3.5E-02);
#674 = AXIS2_PLACEMENT_3D('',#675,#676,#677);
#675 = CARTESIAN_POINT('',(0.335,0.25,3.5E-02));
#676 = DIRECTION('',(0.,-1.,0.));
#677 = DIRECTION('',(0.,0.,1.));
#678 = ORIENTED_EDGE('',*,*,#499,.T.);
#679 = ORIENTED_EDGE('',*,*,#491,.T.);
#680 = ORIENTED_EDGE('',*,*,#483,.F.);
#681 = ORIENTED_EDGE('',*,*,#682,.T.);
#682 = EDGE_CURVE('',#476,#683,#685,.T.);
#683 = VERTEX_POINT('',#684);
#684 = CARTESIAN_POINT('',(0.335,0.25,0.35));
#685 = CIRCLE('',#686,3.5E-02);
#686 = AXIS2_PLACEMENT_3D('',#687,#688,#689);
#687 = CARTESIAN_POINT('',(0.335,0.25,0.315));
#688 = DIRECTION('',(0.,1.,0.));
#689 = DIRECTION('',(0.,-0.,1.));
#690 = ORIENTED_EDGE('',*,*,#691,.T.);
#691 = EDGE_CURVE('',#683,#692,#694,.T.);
#692 = VERTEX_POINT('',#693);
#693 = CARTESIAN_POINT('',(0.465,0.25,0.35));
#694 = LINE('',#695,#696);
#695 = CARTESIAN_POINT('',(0.3,0.25,0.35));
#696 = VECTOR('',#697,1.);
#697 = DIRECTION('',(1.,0.,0.));
#698 = ORIENTED_EDGE('',*,*,#699,.F.);
#699 = EDGE_CURVE('',#700,#692,#702,.T.);
#700 = VERTEX_POINT('',#701);
#701 = CARTESIAN_POINT('',(0.5,0.25,0.315));
#702 = CIRCLE('',#703,3.5E-02);
#703 = AXIS2_PLACEMENT_3D('',#704,#705,#706);
#704 = CARTESIAN_POINT('',(0.465,0.25,0.315));
#705 = DIRECTION('',(0.,-1.,0.));
#706 = DIRECTION('',(0.,0.,1.));
#707 = ORIENTED_EDGE('',*,*,#708,.F.);
#708 = EDGE_CURVE('',#709,#700,#711,.T.);
#709 = VERTEX_POINT('',#710);
#710 = CARTESIAN_POINT('',(0.5,0.25,3.5E-02));
#711 = LINE('',#712,#713);
#712 = CARTESIAN_POINT('',(0.5,0.25,0.));
#713 = VECTOR('',#714,1.);
#714 = DIRECTION('',(0.,0.,1.));
#715 = ORIENTED_EDGE('',*,*,#716,.T.);
#716 = EDGE_CURVE('',#709,#665,#717,.T.);
#717 = CIRCLE('',#718,3.5E-02);
#718 = AXIS2_PLACEMENT_3D('',#719,#720,#721);
#719 = CARTESIAN_POINT('',(0.465,0.25,3.5E-02));
#720 = DIRECTION('',(0.,1.,0.));
#721 = DIRECTION('',(0.,-0.,1.));
#722 = PLANE('',#723);
#723 = AXIS2_PLACEMENT_3D('',#724,#725,#726);
#724 = CARTESIAN_POINT('',(0.3,0.25,0.));
#725 = DIRECTION('',(0.,1.,0.));
#726 = DIRECTION('',(0.,-0.,1.));
#727 = ADVANCED_FACE('',(#728),#746,.T.);
#728 = FACE_BOUND('',#729,.T.);
#729 = EDGE_LOOP('',(#730,#731,#732,#740));
#730 = ORIENTED_EDGE('',*,*,#475,.F.);
#731 = ORIENTED_EDGE('',*,*,#640,.T.);
#732 = ORIENTED_EDGE('',*,*,#733,.T.);
#733 = EDGE_CURVE('',#641,#734,#736,.T.);
#734 = VERTEX_POINT('',#735);
#735 = CARTESIAN_POINT('',(0.3,0.25,0.35));
#736 = LINE('',#737,#738);
#737 = CARTESIAN_POINT('',(-0.3,0.25,0.35));
#738 = VECTOR('',#739,1.);
#739 = DIRECTION('',(1.,0.,0.));
#740 = ORIENTED_EDGE('',*,*,#741,.F.);
#741 = EDGE_CURVE('',#476,#734,#742,.T.);
#742 = LINE('',#743,#744);
#743 = CARTESIAN_POINT('',(0.3,0.25,0.315));
#744 = VECTOR('',#745,1.);
#745 = DIRECTION('',(0.,0.,1.));
#746 = PLANE('',#747);
#747 = AXIS2_PLACEMENT_3D('',#748,#749,#750);
#748 = CARTESIAN_POINT('',(-0.3,0.25,0.315));
#749 = DIRECTION('',(0.,1.,0.));
#750 = DIRECTION('',(0.,-0.,1.));
#751 = ADVANCED_FACE('',(#752),#763,.T.);
#752 = FACE_BOUND('',#753,.T.);
#753 = EDGE_LOOP('',(#754,#755,#756,#762));
#754 = ORIENTED_EDGE('',*,*,#523,.T.);
#755 = ORIENTED_EDGE('',*,*,#672,.T.);
#756 = ORIENTED_EDGE('',*,*,#757,.F.);
#757 = EDGE_CURVE('',#539,#663,#758,.T.);
#758 = LINE('',#759,#760);
#759 = CARTESIAN_POINT('',(0.335,-0.25,-2.775557561563E-17));
#760 = VECTOR('',#761,1.);
#761 = DIRECTION('',(0.,1.,0.));
#762 = ORIENTED_EDGE('',*,*,#548,.F.);
#763 = CYLINDRICAL_SURFACE('',#764,3.5E-02);
#764 = AXIS2_PLACEMENT_3D('',#765,#766,#767);
#765 = CARTESIAN_POINT('',(0.335,-0.25,3.5E-02));
#766 = DIRECTION('',(0.,1.,0.));
#767 = DIRECTION('',(-1.,0.,0.));
#768 = ADVANCED_FACE('',(#769),#780,.F.);
#769 = FACE_BOUND('',#770,.F.);
#770 = EDGE_LOOP('',(#771,#772,#773,#774));
#771 = ORIENTED_EDGE('',*,*,#662,.F.);
#772 = ORIENTED_EDGE('',*,*,#757,.F.);
#773 = ORIENTED_EDGE('',*,*,#538,.T.);
#774 = ORIENTED_EDGE('',*,*,#775,.T.);
#775 = EDGE_CURVE('',#541,#665,#776,.T.);
#776 = LINE('',#777,#778);
#777 = CARTESIAN_POINT('',(0.465,-0.25,-2.775557561563E-17));
#778 = VECTOR('',#779,1.);
#779 = DIRECTION('',(0.,1.,0.));
#780 = PLANE('',#781);
#781 = AXIS2_PLACEMENT_3D('',#782,#783,#784);
#782 = CARTESIAN_POINT('',(0.3,-0.25,0.));
#783 = DIRECTION('',(0.,0.,1.));
#784 = DIRECTION('',(1.,0.,-0.));
#785 = ADVANCED_FACE('',(#786),#797,.T.);
#786 = FACE_BOUND('',#787,.T.);
#787 = EDGE_LOOP('',(#788,#789,#790,#791));
#788 = ORIENTED_EDGE('',*,*,#592,.T.);
#789 = ORIENTED_EDGE('',*,*,#775,.T.);
#790 = ORIENTED_EDGE('',*,*,#716,.F.);
#791 = ORIENTED_EDGE('',*,*,#792,.F.);
#792 = EDGE_CURVE('',#585,#709,#793,.T.);
#793 = LINE('',#794,#795);
#794 = CARTESIAN_POINT('',(0.5,-0.25,3.5E-02));
#795 = VECTOR('',#796,1.);
#796 = DIRECTION('',(0.,1.,0.));
#797 = CYLINDRICAL_SURFACE('',#798,3.5E-02);
#798 = AXIS2_PLACEMENT_3D('',#799,#800,#801);
#799 = CARTESIAN_POINT('',(0.465,-0.25,3.5E-02));
#800 = DIRECTION('',(0.,1.,0.));
#801 = DIRECTION('',(1.,0.,0.));
#802 = ADVANCED_FACE('',(#803),#814,.T.);
#803 = FACE_BOUND('',#804,.T.);
#804 = EDGE_LOOP('',(#805,#806,#807,#808));
#805 = ORIENTED_EDGE('',*,*,#584,.F.);
#806 = ORIENTED_EDGE('',*,*,#792,.T.);
#807 = ORIENTED_EDGE('',*,*,#708,.T.);
#808 = ORIENTED_EDGE('',*,*,#809,.F.);
#809 = EDGE_CURVE('',#576,#700,#810,.T.);
#810 = LINE('',#811,#812);
#811 = CARTESIAN_POINT('',(0.5,-0.25,0.315));
#812 = VECTOR('',#813,1.);
#813 = DIRECTION('',(0.,1.,0.));
#814 = PLANE('',#815);
#815 = AXIS2_PLACEMENT_3D('',#816,#817,#818);
#816 = CARTESIAN_POINT('',(0.5,-0.25,0.));
#817 = DIRECTION('',(1.,0.,0.));
#818 = DIRECTION('',(0.,0.,1.));
#819 = ADVANCED_FACE('',(#820),#831,.T.);
#820 = FACE_BOUND('',#821,.T.);
#821 = EDGE_LOOP('',(#822,#823,#824,#830));
#822 = ORIENTED_EDGE('',*,*,#809,.T.);
#823 = ORIENTED_EDGE('',*,*,#699,.T.);
#824 = ORIENTED_EDGE('',*,*,#825,.F.);
#825 = EDGE_CURVE('',#568,#692,#826,.T.);
#826 = LINE('',#827,#828);
#827 = CARTESIAN_POINT('',(0.465,-0.25,0.35));
#828 = VECTOR('',#829,1.);
#829 = DIRECTION('',(0.,1.,0.));
#830 = ORIENTED_EDGE('',*,*,#575,.F.);
#831 = CYLINDRICAL_SURFACE('',#832,3.5E-02);
#832 = AXIS2_PLACEMENT_3D('',#833,#834,#835);
#833 = CARTESIAN_POINT('',(0.465,-0.25,0.315));
#834 = DIRECTION('',(0.,1.,0.));
#835 = DIRECTION('',(1.,0.,0.));
#836 = ADVANCED_FACE('',(#837),#848,.T.);
#837 = FACE_BOUND('',#838,.T.);
#838 = EDGE_LOOP('',(#839,#840,#846,#847));
#839 = ORIENTED_EDGE('',*,*,#691,.F.);
#840 = ORIENTED_EDGE('',*,*,#841,.F.);
#841 = EDGE_CURVE('',#559,#683,#842,.T.);
#842 = LINE('',#843,#844);
#843 = CARTESIAN_POINT('',(0.335,-0.25,0.35));
#844 = VECTOR('',#845,1.);
#845 = DIRECTION('',(0.,1.,0.));
#846 = ORIENTED_EDGE('',*,*,#567,.T.);
#847 = ORIENTED_EDGE('',*,*,#825,.T.);
#848 = PLANE('',#849);
#849 = AXIS2_PLACEMENT_3D('',#850,#851,#852);
#850 = CARTESIAN_POINT('',(0.3,-0.25,0.35));
#851 = DIRECTION('',(0.,0.,1.));
#852 = DIRECTION('',(1.,0.,-0.));
#853 = ADVANCED_FACE('',(#854),#865,.T.);
#854 = FACE_BOUND('',#855,.T.);
#855 = EDGE_LOOP('',(#856,#857,#858,#859));
#856 = ORIENTED_EDGE('',*,*,#558,.T.);
#857 = ORIENTED_EDGE('',*,*,#841,.T.);
#858 = ORIENTED_EDGE('',*,*,#682,.F.);
#859 = ORIENTED_EDGE('',*,*,#860,.F.);
#860 = EDGE_CURVE('',#393,#476,#861,.T.);
#861 = LINE('',#862,#863);
#862 = CARTESIAN_POINT('',(0.3,-0.25,0.315));
#863 = VECTOR('',#864,1.);
#864 = DIRECTION('',(0.,1.,0.));
#865 = CYLINDRICAL_SURFACE('',#866,3.5E-02);
#866 = AXIS2_PLACEMENT_3D('',#867,#868,#869);
#867 = CARTESIAN_POINT('',(0.335,-0.25,0.315));
#868 = DIRECTION('',(0.,1.,0.));
#869 = DIRECTION('',(-1.,0.,0.));
#870 = ADVANCED_FACE('',(#871),#882,.T.);
#871 = FACE_BOUND('',#872,.T.);
#872 = EDGE_LOOP('',(#873,#874,#875,#876));
#873 = ORIENTED_EDGE('',*,*,#624,.F.);
#874 = ORIENTED_EDGE('',*,*,#860,.T.);
#875 = ORIENTED_EDGE('',*,*,#741,.T.);
#876 = ORIENTED_EDGE('',*,*,#877,.F.);
#877 = EDGE_CURVE('',#617,#734,#878,.T.);
#878 = LINE('',#879,#880);
#879 = CARTESIAN_POINT('',(0.3,-0.25,0.35));
#880 = VECTOR('',#881,1.);
#881 = DIRECTION('',(0.,1.,0.));
#882 = PLANE('',#883);
#883 = AXIS2_PLACEMENT_3D('',#884,#885,#886);
#884 = CARTESIAN_POINT('',(0.3,-0.25,0.315));
#885 = DIRECTION('',(1.,0.,0.));
#886 = DIRECTION('',(0.,0.,1.));
#887 = ADVANCED_FACE('',(#888),#894,.T.);
#888 = FACE_BOUND('',#889,.T.);
#889 = EDGE_LOOP('',(#890,#891,#892,#893));
#890 = ORIENTED_EDGE('',*,*,#648,.F.);
#891 = ORIENTED_EDGE('',*,*,#616,.T.);
#892 = ORIENTED_EDGE('',*,*,#877,.T.);
#893 = ORIENTED_EDGE('',*,*,#733,.F.);
#894 = PLANE('',#895);
#895 = AXIS2_PLACEMENT_3D('',#896,#897,#898);
#896 = CARTESIAN_POINT('',(-0.3,-0.25,0.35));
#897 = DIRECTION('',(0.,0.,1.));
#898 = DIRECTION('',(1.,0.,-0.));
#899 = ( GEOMETRIC_REPRESENTATION_CONTEXT(3) 
GLOBAL_UNCERTAINTY_ASSIGNED_CONTEXT((#903)) GLOBAL_UNIT_ASSIGNED_CONTEXT
((#900,#901,#902)) REPRESENTATION_CONTEXT('Context #1',
  '3D Context with UNIT and UNCERTAINTY') );
#900 = ( LENGTH_UNIT() NAMED_UNIT(*) SI_UNIT(.MILLI.,.METRE.) );
#901 = ( NAMED_UNIT(*) PLANE_ANGLE_UNIT() SI_UNIT($,.RADIAN.) );
#902 = ( NAMED_UNIT(*) SI_UNIT($,.STERADIAN.) SOLID_ANGLE_UNIT() );
#903 = UNCERTAINTY_MEASURE_WITH_UNIT(LENGTH_MEASURE(1.E-07),#900,
  'distance_accuracy_value','confusion accuracy');
#904 = CONTEXT_DEPENDENT_SHAPE_REPRESENTATION(#905,#907);
#905 = ( REPRESENTATION_RELATIONSHIP('','',#108,#10) 
REPRESENTATION_RELATIONSHIP_WITH_TRANSFORMATION(#906) 
SHAPE_REPRESENTATION_RELATIONSHIP() );
#906 = ITEM_DEFINED_TRANSFORMATION('','',#11,#15);
#907 = PRODUCT_DEFINITION_SHAPE('Placement','Placement of an item',#908
  );
#908 = NEXT_ASSEMBLY_USAGE_OCCURRENCE('1','R1','',#5,#103,$);
#909 = PRODUCT_RELATED_PRODUCT_CATEGORY('part',$,(#105));
#910 = SHAPE_DEFINITION_REPRESENTATION(#911,#917);
#911 = PRODUCT_DEFINITION_SHAPE('','',#912);
#912 = PRODUCT_DEFINITION('design','',#913,#916);
#913 = PRODUCT_DEFINITION_FORMATION('','',#914);
#914 = PRODUCT('C_0402_1005Metric','C_0402_1005Metric','',(#915));
#915 = PRODUCT_CONTEXT('',#2,'mechanical');
#916 = PRODUCT_DEFINITION_CONTEXT('part definition',#2,'design');
#917 = ADVANCED_BREP_SHAPE_REPRESENTATION('',(#11,#918),#1772);
#918 = MANIFOLD_SOLID_BREP('',#919);
#919 = CLOSED_SHELL('',(#920,#996,#1027,#1052,#1077,#1101,#1125,#1150,
    #1175,#1192,#1278,#1310,#1334,#1359,#1383,#1408,#1432,#1457,#1474,
    #1560,#1591,#1616,#1641,#1665,#1689,#1714,#1739,#1756));
#920 = ADVANCED_FACE('',(#921),#991,.F.);
#921 = FACE_BOUND('',#922,.F.);
#922 = EDGE_LOOP('',(#923,#933,#942,#950,#959,#967,#976,#984));
#923 = ORIENTED_EDGE('',*,*,#924,.F.);
#924 = EDGE_CURVE('',#925,#927,#929,.T.);
#925 = VERTEX_POINT('',#926);
#926 = CARTESIAN_POINT('',(-0.5,-0.25,2.E-02));
#927 = VERTEX_POINT('',#928);
#928 = CARTESIAN_POINT('',(-0.5,-0.25,0.48));
#929 = LINE('',#930,#931);
#930 = CARTESIAN_POINT('',(-0.5,-0.25,0.));
#931 = VECTOR('',#932,1.);
#932 = DIRECTION('',(0.,0.,1.));
#933 = ORIENTED_EDGE('',*,*,#934,.T.);
#934 = EDGE_CURVE('',#925,#935,#937,.T.);
#935 = VERTEX_POINT('',#936);
#936 = CARTESIAN_POINT('',(-0.5,-0.23,0.));
#937 = CIRCLE('',#938,2.E-02);
#938 = AXIS2_PLACEMENT_3D('',#939,#940,#941);
#939 = CARTESIAN_POINT('',(-0.5,-0.23,2.E-02));
#940 = DIRECTION('',(1.,0.,-0.));
#941 = DIRECTION('',(0.,0.,1.));
#942 = ORIENTED_EDGE('',*,*,#943,.T.);
#943 = EDGE_CURVE('',#935,#944,#946,.T.);
#944 = VERTEX_POINT('',#945);
#945 = CARTESIAN_POINT('',(-0.5,0.23,0.));
#946 = LINE('',#947,#948);
#947 = CARTESIAN_POINT('',(-0.5,-0.25,0.));
#948 = VECTOR('',#949,1.);
#949 = DIRECTION('',(0.,1.,0.));
#950 = ORIENTED_EDGE('',*,*,#951,.F.);
#951 = EDGE_CURVE('',#952,#944,#954,.T.);
#952 = VERTEX_POINT('',#953);
#953 = CARTESIAN_POINT('',(-0.5,0.25,2.E-02));
#954 = CIRCLE('',#955,2.E-02);
#955 = AXIS2_PLACEMENT_3D('',#956,#957,#958);
#956 = CARTESIAN_POINT('',(-0.5,0.23,2.E-02));
#957 = DIRECTION('',(-1.,0.,0.));
#958 = DIRECTION('',(0.,0.,1.));
#959 = ORIENTED_EDGE('',*,*,#960,.T.);
#960 = EDGE_CURVE('',#952,#961,#963,.T.);
#961 = VERTEX_POINT('',#962);
#962 = CARTESIAN_POINT('',(-0.5,0.25,0.48));
#963 = LINE('',#964,#965);
#964 = CARTESIAN_POINT('',(-0.5,0.25,0.));
#965 = VECTOR('',#966,1.);
#966 = DIRECTION('',(0.,0.,1.));
#967 = ORIENTED_EDGE('',*,*,#968,.T.);
#968 = EDGE_CURVE('',#961,#969,#971,.T.);
#969 = VERTEX_POINT('',#970);
#970 = CARTESIAN_POINT('',(-0.5,0.23,0.5));
#971 = CIRCLE('',#972,2.E-02);
#972 = AXIS2_PLACEMENT_3D('',#973,#974,#975);
#973 = CARTESIAN_POINT('',(-0.5,0.23,0.48));
#974 = DIRECTION('',(1.,0.,-0.));
#975 = DIRECTION('',(0.,0.,1.));
#976 = ORIENTED_EDGE('',*,*,#977,.F.);
#977 = EDGE_CURVE('',#978,#969,#980,.T.);
#978 = VERTEX_POINT('',#979);
#979 = CARTESIAN_POINT('',(-0.5,-0.23,0.5));
#980 = LINE('',#981,#982);
#981 = CARTESIAN_POINT('',(-0.5,-0.25,0.5));
#982 = VECTOR('',#983,1.);
#983 = DIRECTION('',(0.,1.,0.));
#984 = ORIENTED_EDGE('',*,*,#985,.F.);
#985 = EDGE_CURVE('',#927,#978,#986,.T.);
#986 = CIRCLE('',#987,2.E-02);
#987 = AXIS2_PLACEMENT_3D('',#988,#989,#990);
#988 = CARTESIAN_POINT('',(-0.5,-0.23,0.48));
#989 = DIRECTION('',(-1.,0.,0.));
#990 = DIRECTION('',(0.,0.,1.));
#991 = PLANE('',#992);
#992 = AXIS2_PLACEMENT_3D('',#993,#994,#995);
#993 = CARTESIAN_POINT('',(-0.5,-0.25,0.));
#994 = DIRECTION('',(1.,0.,0.));
#995 = DIRECTION('',(0.,0.,1.));
#996 = ADVANCED_FACE('',(#997),#1022,.F.);
#997 = FACE_BOUND('',#998,.F.);
#998 = EDGE_LOOP('',(#999,#1009,#1015,#1016));
#999 = ORIENTED_EDGE('',*,*,#1000,.F.);
#1000 = EDGE_CURVE('',#1001,#1003,#1005,.T.);
#1001 = VERTEX_POINT('',#1002);
#1002 = CARTESIAN_POINT('',(-0.3,-0.25,2.E-02));
#1003 = VERTEX_POINT('',#1004);
#1004 = CARTESIAN_POINT('',(-0.3,-0.25,0.48));
#1005 = LINE('',#1006,#1007);
#1006 = CARTESIAN_POINT('',(-0.3,-0.25,0.));
#1007 = VECTOR('',#1008,1.);
#1008 = DIRECTION('',(0.,0.,1.));
#1009 = ORIENTED_EDGE('',*,*,#1010,.F.);
#1010 = EDGE_CURVE('',#925,#1001,#1011,.T.);
#1011 = LINE('',#1012,#1013);
#1012 = CARTESIAN_POINT('',(-0.5,-0.25,2.E-02));
#1013 = VECTOR('',#1014,1.);
#1014 = DIRECTION('',(1.,0.,0.));
#1015 = ORIENTED_EDGE('',*,*,#924,.T.);
#1016 = ORIENTED_EDGE('',*,*,#1017,.T.);
#1017 = EDGE_CURVE('',#927,#1003,#1018,.T.);
#1018 = LINE('',#1019,#1020);
#1019 = CARTESIAN_POINT('',(-0.5,-0.25,0.48));
#1020 = VECTOR('',#1021,1.);
#1021 = DIRECTION('',(1.,0.,0.));
#1022 = PLANE('',#1023);
#1023 = AXIS2_PLACEMENT_3D('',#1024,#1025,#1026);
#1024 = CARTESIAN_POINT('',(-0.5,-0.25,0.));
#1025 = DIRECTION('',(0.,1.,0.));
#1026 = DIRECTION('',(0.,-0.,1.));
#1027 = ADVANCED_FACE('',(#1028),#1047,.T.);
#1028 = FACE_BOUND('',#1029,.T.);
#1029 = EDGE_LOOP('',(#1030,#1031,#1039,#1046));
#1030 = ORIENTED_EDGE('',*,*,#934,.T.);
#1031 = ORIENTED_EDGE('',*,*,#1032,.T.);
#1032 = EDGE_CURVE('',#935,#1033,#1035,.T.);
#1033 = VERTEX_POINT('',#1034);
#1034 = CARTESIAN_POINT('',(-0.3,-0.23,0.));
#1035 = LINE('',#1036,#1037);
#1036 = CARTESIAN_POINT('',(-0.5,-0.23,0.));
#1037 = VECTOR('',#1038,1.);
#1038 = DIRECTION('',(1.,0.,0.));
#1039 = ORIENTED_EDGE('',*,*,#1040,.F.);
#1040 = EDGE_CURVE('',#1001,#1033,#1041,.T.);
#1041 = CIRCLE('',#1042,2.E-02);
#1042 = AXIS2_PLACEMENT_3D('',#1043,#1044,#1045);
#1043 = CARTESIAN_POINT('',(-0.3,-0.23,2.E-02));
#1044 = DIRECTION('',(1.,0.,-0.));
#1045 = DIRECTION('',(0.,0.,1.));
#1046 = ORIENTED_EDGE('',*,*,#1010,.F.);
#1047 = CYLINDRICAL_SURFACE('',#1048,2.E-02);
#1048 = AXIS2_PLACEMENT_3D('',#1049,#1050,#1051);
#1049 = CARTESIAN_POINT('',(-0.5,-0.23,2.E-02));
#1050 = DIRECTION('',(1.,0.,0.));
#1051 = DIRECTION('',(0.,-1.,0.));
#1052 = ADVANCED_FACE('',(#1053),#1072,.T.);
#1053 = FACE_BOUND('',#1054,.T.);
#1054 = EDGE_LOOP('',(#1055,#1056,#1065,#1071));
#1055 = ORIENTED_EDGE('',*,*,#1017,.T.);
#1056 = ORIENTED_EDGE('',*,*,#1057,.T.);
#1057 = EDGE_CURVE('',#1003,#1058,#1060,.T.);
#1058 = VERTEX_POINT('',#1059);
#1059 = CARTESIAN_POINT('',(-0.3,-0.23,0.5));
#1060 = CIRCLE('',#1061,2.E-02);
#1061 = AXIS2_PLACEMENT_3D('',#1062,#1063,#1064);
#1062 = CARTESIAN_POINT('',(-0.3,-0.23,0.48));
#1063 = DIRECTION('',(-1.,0.,0.));
#1064 = DIRECTION('',(0.,0.,1.));
#1065 = ORIENTED_EDGE('',*,*,#1066,.F.);
#1066 = EDGE_CURVE('',#978,#1058,#1067,.T.);
#1067 = LINE('',#1068,#1069);
#1068 = CARTESIAN_POINT('',(-0.5,-0.23,0.5));
#1069 = VECTOR('',#1070,1.);
#1070 = DIRECTION('',(1.,0.,0.));
#1071 = ORIENTED_EDGE('',*,*,#985,.F.);
#1072 = CYLINDRICAL_SURFACE('',#1073,2.E-02);
#1073 = AXIS2_PLACEMENT_3D('',#1074,#1075,#1076);
#1074 = CARTESIAN_POINT('',(-0.5,-0.23,0.48));
#1075 = DIRECTION('',(1.,0.,0.));
#1076 = DIRECTION('',(0.,-1.,0.));
#1077 = ADVANCED_FACE('',(#1078),#1096,.F.);
#1078 = FACE_BOUND('',#1079,.F.);
#1079 = EDGE_LOOP('',(#1080,#1081,#1082,#1090));
#1080 = ORIENTED_EDGE('',*,*,#943,.F.);
#1081 = ORIENTED_EDGE('',*,*,#1032,.T.);
#1082 = ORIENTED_EDGE('',*,*,#1083,.T.);
#1083 = EDGE_CURVE('',#1033,#1084,#1086,.T.);
#1084 = VERTEX_POINT('',#1085);
#1085 = CARTESIAN_POINT('',(-0.3,0.23,0.));
#1086 = LINE('',#1087,#1088);
#1087 = CARTESIAN_POINT('',(-0.3,-0.25,0.));
#1088 = VECTOR('',#1089,1.);
#1089 = DIRECTION('',(0.,1.,0.));
#1090 = ORIENTED_EDGE('',*,*,#1091,.F.);
#1091 = EDGE_CURVE('',#944,#1084,#1092,.T.);
#1092 = LINE('',#1093,#1094);
#1093 = CARTESIAN_POINT('',(-0.5,0.23,0.));
#1094 = VECTOR('',#1095,1.);
#1095 = DIRECTION('',(1.,0.,0.));
#1096 = PLANE('',#1097);
#1097 = AXIS2_PLACEMENT_3D('',#1098,#1099,#1100);
#1098 = CARTESIAN_POINT('',(-0.5,-0.25,0.));
#1099 = DIRECTION('',(0.,0.,1.));
#1100 = DIRECTION('',(1.,0.,-0.));
#1101 = ADVANCED_FACE('',(#1102),#1120,.T.);
#1102 = FACE_BOUND('',#1103,.T.);
#1103 = EDGE_LOOP('',(#1104,#1105,#1106,#1114));
#1104 = ORIENTED_EDGE('',*,*,#977,.F.);
#1105 = ORIENTED_EDGE('',*,*,#1066,.T.);
#1106 = ORIENTED_EDGE('',*,*,#1107,.T.);
#1107 = EDGE_CURVE('',#1058,#1108,#1110,.T.);
#1108 = VERTEX_POINT('',#1109);
#1109 = CARTESIAN_POINT('',(-0.3,0.23,0.5));
#1110 = LINE('',#1111,#1112);
#1111 = CARTESIAN_POINT('',(-0.3,-0.25,0.5));
#1112 = VECTOR('',#1113,1.);
#1113 = DIRECTION('',(0.,1.,0.));
#1114 = ORIENTED_EDGE('',*,*,#1115,.F.);
#1115 = EDGE_CURVE('',#969,#1108,#1116,.T.);
#1116 = LINE('',#1117,#1118);
#1117 = CARTESIAN_POINT('',(-0.5,0.23,0.5));
#1118 = VECTOR('',#1119,1.);
#1119 = DIRECTION('',(1.,0.,0.));
#1120 = PLANE('',#1121);
#1121 = AXIS2_PLACEMENT_3D('',#1122,#1123,#1124);
#1122 = CARTESIAN_POINT('',(-0.5,-0.25,0.5));
#1123 = DIRECTION('',(0.,0.,1.));
#1124 = DIRECTION('',(1.,0.,-0.));
#1125 = ADVANCED_FACE('',(#1126),#1145,.T.);
#1126 = FACE_BOUND('',#1127,.T.);
#1127 = EDGE_LOOP('',(#1128,#1136,#1143,#1144));
#1128 = ORIENTED_EDGE('',*,*,#1129,.T.);
#1129 = EDGE_CURVE('',#952,#1130,#1132,.T.);
#1130 = VERTEX_POINT('',#1131);
#1131 = CARTESIAN_POINT('',(-0.3,0.25,2.E-02));
#1132 = LINE('',#1133,#1134);
#1133 = CARTESIAN_POINT('',(-0.5,0.25,2.E-02));
#1134 = VECTOR('',#1135,1.);
#1135 = DIRECTION('',(1.,0.,0.));
#1136 = ORIENTED_EDGE('',*,*,#1137,.T.);
#1137 = EDGE_CURVE('',#1130,#1084,#1138,.T.);
#1138 = CIRCLE('',#1139,2.E-02);
#1139 = AXIS2_PLACEMENT_3D('',#1140,#1141,#1142);
#1140 = CARTESIAN_POINT('',(-0.3,0.23,2.E-02));
#1141 = DIRECTION('',(-1.,0.,0.));
#1142 = DIRECTION('',(0.,0.,1.));
#1143 = ORIENTED_EDGE('',*,*,#1091,.F.);
#1144 = ORIENTED_EDGE('',*,*,#951,.F.);
#1145 = CYLINDRICAL_SURFACE('',#1146,2.E-02);
#1146 = AXIS2_PLACEMENT_3D('',#1147,#1148,#1149);
#1147 = CARTESIAN_POINT('',(-0.5,0.23,2.E-02));
#1148 = DIRECTION('',(1.,0.,0.));
#1149 = DIRECTION('',(-0.,1.,0.));
#1150 = ADVANCED_FACE('',(#1151),#1170,.T.);
#1151 = FACE_BOUND('',#1152,.T.);
#1152 = EDGE_LOOP('',(#1153,#1154,#1155,#1164));
#1153 = ORIENTED_EDGE('',*,*,#968,.T.);
#1154 = ORIENTED_EDGE('',*,*,#1115,.T.);
#1155 = ORIENTED_EDGE('',*,*,#1156,.F.);
#1156 = EDGE_CURVE('',#1157,#1108,#1159,.T.);
#1157 = VERTEX_POINT('',#1158);
#1158 = CARTESIAN_POINT('',(-0.3,0.25,0.48));
#1159 = CIRCLE('',#1160,2.E-02);
#1160 = AXIS2_PLACEMENT_3D('',#1161,#1162,#1163);
#1161 = CARTESIAN_POINT('',(-0.3,0.23,0.48));
#1162 = DIRECTION('',(1.,0.,-0.));
#1163 = DIRECTION('',(0.,0.,1.));
#1164 = ORIENTED_EDGE('',*,*,#1165,.F.);
#1165 = EDGE_CURVE('',#961,#1157,#1166,.T.);
#1166 = LINE('',#1167,#1168);
#1167 = CARTESIAN_POINT('',(-0.5,0.25,0.48));
#1168 = VECTOR('',#1169,1.);
#1169 = DIRECTION('',(1.,0.,0.));
#1170 = CYLINDRICAL_SURFACE('',#1171,2.E-02);
#1171 = AXIS2_PLACEMENT_3D('',#1172,#1173,#1174);
#1172 = CARTESIAN_POINT('',(-0.5,0.23,0.48));
#1173 = DIRECTION('',(1.,0.,0.));
#1174 = DIRECTION('',(-0.,1.,0.));
#1175 = ADVANCED_FACE('',(#1176),#1187,.T.);
#1176 = FACE_BOUND('',#1177,.T.);
#1177 = EDGE_LOOP('',(#1178,#1184,#1185,#1186));
#1178 = ORIENTED_EDGE('',*,*,#1179,.F.);
#1179 = EDGE_CURVE('',#1130,#1157,#1180,.T.);
#1180 = LINE('',#1181,#1182);
#1181 = CARTESIAN_POINT('',(-0.3,0.25,0.));
#1182 = VECTOR('',#1183,1.);
#1183 = DIRECTION('',(0.,0.,1.));
#1184 = ORIENTED_EDGE('',*,*,#1129,.F.);
#1185 = ORIENTED_EDGE('',*,*,#960,.T.);
#1186 = ORIENTED_EDGE('',*,*,#1165,.T.);
#1187 = PLANE('',#1188);
#1188 = AXIS2_PLACEMENT_3D('',#1189,#1190,#1191);
#1189 = CARTESIAN_POINT('',(-0.5,0.25,0.));
#1190 = DIRECTION('',(0.,1.,0.));
#1191 = DIRECTION('',(0.,-0.,1.));
#1192 = ADVANCED_FACE('',(#1193,#1203),#1273,.T.);
#1193 = FACE_BOUND('',#1194,.T.);
#1194 = EDGE_LOOP('',(#1195,#1196,#1197,#1198,#1199,#1200,#1201,#1202));
#1195 = ORIENTED_EDGE('',*,*,#1000,.F.);
#1196 = ORIENTED_EDGE('',*,*,#1040,.T.);
#1197 = ORIENTED_EDGE('',*,*,#1083,.T.);
#1198 = ORIENTED_EDGE('',*,*,#1137,.F.);
#1199 = ORIENTED_EDGE('',*,*,#1179,.T.);
#1200 = ORIENTED_EDGE('',*,*,#1156,.T.);
#1201 = ORIENTED_EDGE('',*,*,#1107,.F.);
#1202 = ORIENTED_EDGE('',*,*,#1057,.F.);
#1203 = FACE_BOUND('',#1204,.T.);
#1204 = EDGE_LOOP('',(#1205,#1216,#1224,#1233,#1241,#1250,#1258,#1267));
#1205 = ORIENTED_EDGE('',*,*,#1206,.F.);
#1206 = EDGE_CURVE('',#1207,#1209,#1211,.T.);
#1207 = VERTEX_POINT('',#1208);
#1208 = CARTESIAN_POINT('',(-0.3,-0.23,4.E-02));
#1209 = VERTEX_POINT('',#1210);
#1210 = CARTESIAN_POINT('',(-0.3,-0.21,2.E-02));
#1211 = CIRCLE('',#1212,2.E-02);
#1212 = AXIS2_PLACEMENT_3D('',#1213,#1214,#1215);
#1213 = CARTESIAN_POINT('',(-0.3,-0.21,4.E-02));
#1214 = DIRECTION('',(1.,0.,-0.));
#1215 = DIRECTION('',(0.,0.,1.));
#1216 = ORIENTED_EDGE('',*,*,#1217,.T.);
#1217 = EDGE_CURVE('',#1207,#1218,#1220,.T.);
#1218 = VERTEX_POINT('',#1219);
#1219 = CARTESIAN_POINT('',(-0.3,-0.23,0.46));
#1220 = LINE('',#1221,#1222);
#1221 = CARTESIAN_POINT('',(-0.3,-0.23,2.E-02));
#1222 = VECTOR('',#1223,1.);
#1223 = DIRECTION('',(0.,0.,1.));
#1224 = ORIENTED_EDGE('',*,*,#1225,.T.);
#1225 = EDGE_CURVE('',#1218,#1226,#1228,.T.);
#1226 = VERTEX_POINT('',#1227);
#1227 = CARTESIAN_POINT('',(-0.3,-0.21,0.48));
#1228 = CIRCLE('',#1229,2.E-02);
#1229 = AXIS2_PLACEMENT_3D('',#1230,#1231,#1232);
#1230 = CARTESIAN_POINT('',(-0.3,-0.21,0.46));
#1231 = DIRECTION('',(-1.,0.,0.));
#1232 = DIRECTION('',(0.,0.,1.));
#1233 = ORIENTED_EDGE('',*,*,#1234,.T.);
#1234 = EDGE_CURVE('',#1226,#1235,#1237,.T.);
#1235 = VERTEX_POINT('',#1236);
#1236 = CARTESIAN_POINT('',(-0.3,0.21,0.48));
#1237 = LINE('',#1238,#1239);
#1238 = CARTESIAN_POINT('',(-0.3,-0.23,0.48));
#1239 = VECTOR('',#1240,1.);
#1240 = DIRECTION('',(0.,1.,0.));
#1241 = ORIENTED_EDGE('',*,*,#1242,.F.);
#1242 = EDGE_CURVE('',#1243,#1235,#1245,.T.);
#1243 = VERTEX_POINT('',#1244);
#1244 = CARTESIAN_POINT('',(-0.3,0.23,0.46));
#1245 = CIRCLE('',#1246,2.E-02);
#1246 = AXIS2_PLACEMENT_3D('',#1247,#1248,#1249);
#1247 = CARTESIAN_POINT('',(-0.3,0.21,0.46));
#1248 = DIRECTION('',(1.,0.,-0.));
#1249 = DIRECTION('',(0.,0.,1.));
#1250 = ORIENTED_EDGE('',*,*,#1251,.F.);
#1251 = EDGE_CURVE('',#1252,#1243,#1254,.T.);
#1252 = VERTEX_POINT('',#1253);
#1253 = CARTESIAN_POINT('',(-0.3,0.23,4.E-02));
#1254 = LINE('',#1255,#1256);
#1255 = CARTESIAN_POINT('',(-0.3,0.23,2.E-02));
#1256 = VECTOR('',#1257,1.);
#1257 = DIRECTION('',(0.,0.,1.));
#1258 = ORIENTED_EDGE('',*,*,#1259,.T.);
#1259 = EDGE_CURVE('',#1252,#1260,#1262,.T.);
#1260 = VERTEX_POINT('',#1261);
#1261 = CARTESIAN_POINT('',(-0.3,0.21,2.E-02));
#1262 = CIRCLE('',#1263,2.E-02);
#1263 = AXIS2_PLACEMENT_3D('',#1264,#1265,#1266);
#1264 = CARTESIAN_POINT('',(-0.3,0.21,4.E-02));
#1265 = DIRECTION('',(-1.,0.,0.));
#1266 = DIRECTION('',(0.,0.,1.));
#1267 = ORIENTED_EDGE('',*,*,#1268,.F.);
#1268 = EDGE_CURVE('',#1209,#1260,#1269,.T.);
#1269 = LINE('',#1270,#1271);
#1270 = CARTESIAN_POINT('',(-0.3,-0.23,2.E-02));
#1271 = VECTOR('',#1272,1.);
#1272 = DIRECTION('',(0.,1.,0.));
#1273 = PLANE('',#1274);
#1274 = AXIS2_PLACEMENT_3D('',#1275,#1276,#1277);
#1275 = CARTESIAN_POINT('',(-0.3,-0.25,0.));
#1276 = DIRECTION('',(1.,0.,0.));
#1277 = DIRECTION('',(0.,0.,1.));
#1278 = ADVANCED_FACE('',(#1279),#1305,.T.);
#1279 = FACE_BOUND('',#1280,.T.);
#1280 = EDGE_LOOP('',(#1281,#1282,#1290,#1299));
#1281 = ORIENTED_EDGE('',*,*,#1206,.T.);
#1282 = ORIENTED_EDGE('',*,*,#1283,.T.);
#1283 = EDGE_CURVE('',#1209,#1284,#1286,.T.);
#1284 = VERTEX_POINT('',#1285);
#1285 = CARTESIAN_POINT('',(0.3,-0.21,2.E-02));
#1286 = LINE('',#1287,#1288);
#1287 = CARTESIAN_POINT('',(-0.3,-0.21,2.E-02));
#1288 = VECTOR('',#1289,1.);
#1289 = DIRECTION('',(1.,0.,0.));
#1290 = ORIENTED_EDGE('',*,*,#1291,.F.);
#1291 = EDGE_CURVE('',#1292,#1284,#1294,.T.);
#1292 = VERTEX_POINT('',#1293);
#1293 = CARTESIAN_POINT('',(0.3,-0.23,4.E-02));
#1294 = CIRCLE('',#1295,2.E-02);
#1295 = AXIS2_PLACEMENT_3D('',#1296,#1297,#1298);
#1296 = CARTESIAN_POINT('',(0.3,-0.21,4.E-02));
#1297 = DIRECTION('',(1.,0.,-0.));
#1298 = DIRECTION('',(0.,0.,1.));
#1299 = ORIENTED_EDGE('',*,*,#1300,.F.);
#1300 = EDGE_CURVE('',#1207,#1292,#1301,.T.);
#1301 = LINE('',#1302,#1303);
#1302 = CARTESIAN_POINT('',(-0.3,-0.23,4.E-02));
#1303 = VECTOR('',#1304,1.);
#1304 = DIRECTION('',(1.,0.,0.));
#1305 = CYLINDRICAL_SURFACE('',#1306,2.E-02);
#1306 = AXIS2_PLACEMENT_3D('',#1307,#1308,#1309);
#1307 = CARTESIAN_POINT('',(-0.3,-0.21,4.E-02));
#1308 = DIRECTION('',(1.,0.,0.));
#1309 = DIRECTION('',(0.,-1.,0.));
#1310 = ADVANCED_FACE('',(#1311),#1329,.F.);
#1311 = FACE_BOUND('',#1312,.F.);
#1312 = EDGE_LOOP('',(#1313,#1314,#1315,#1323));
#1313 = ORIENTED_EDGE('',*,*,#1268,.F.);
#1314 = ORIENTED_EDGE('',*,*,#1283,.T.);
#1315 = ORIENTED_EDGE('',*,*,#1316,.T.);
#1316 = EDGE_CURVE('',#1284,#1317,#1319,.T.);
#1317 = VERTEX_POINT('',#1318);
#1318 = CARTESIAN_POINT('',(0.3,0.21,2.E-02));
#1319 = LINE('',#1320,#1321);
#1320 = CARTESIAN_POINT('',(0.3,-0.23,2.E-02));
#1321 = VECTOR('',#1322,1.);
#1322 = DIRECTION('',(0.,1.,0.));
#1323 = ORIENTED_EDGE('',*,*,#1324,.F.);
#1324 = EDGE_CURVE('',#1260,#1317,#1325,.T.);
#1325 = LINE('',#1326,#1327);
#1326 = CARTESIAN_POINT('',(-0.3,0.21,2.E-02));
#1327 = VECTOR('',#1328,1.);
#1328 = DIRECTION('',(1.,0.,0.));
#1329 = PLANE('',#1330);
#1330 = AXIS2_PLACEMENT_3D('',#1331,#1332,#1333);
#1331 = CARTESIAN_POINT('',(-0.3,-0.23,2.E-02));
#1332 = DIRECTION('',(0.,0.,1.));
#1333 = DIRECTION('',(1.,0.,-0.));
#1334 = ADVANCED_FACE('',(#1335),#1354,.T.);
#1335 = FACE_BOUND('',#1336,.T.);
#1336 = EDGE_LOOP('',(#1337,#1345,#1352,#1353));
#1337 = ORIENTED_EDGE('',*,*,#1338,.T.);
#1338 = EDGE_CURVE('',#1252,#1339,#1341,.T.);
#1339 = VERTEX_POINT('',#1340);
#1340 = CARTESIAN_POINT('',(0.3,0.23,4.E-02));
#1341 = LINE('',#1342,#1343);
#1342 = CARTESIAN_POINT('',(-0.3,0.23,4.E-02));
#1343 = VECTOR('',#1344,1.);
#1344 = DIRECTION('',(1.,0.,0.));
#1345 = ORIENTED_EDGE('',*,*,#1346,.T.);
#1346 = EDGE_CURVE('',#1339,#1317,#1347,.T.);
#1347 = CIRCLE('',#1348,2.E-02);
#1348 = AXIS2_PLACEMENT_3D('',#1349,#1350,#1351);
#1349 = CARTESIAN_POINT('',(0.3,0.21,4.E-02));
#1350 = DIRECTION('',(-1.,0.,0.));
#1351 = DIRECTION('',(0.,0.,1.));
#1352 = ORIENTED_EDGE('',*,*,#1324,.F.);
#1353 = ORIENTED_EDGE('',*,*,#1259,.F.);
#1354 = CYLINDRICAL_SURFACE('',#1355,2.E-02);
#1355 = AXIS2_PLACEMENT_3D('',#1356,#1357,#1358);
#1356 = CARTESIAN_POINT('',(-0.3,0.21,4.E-02));
#1357 = DIRECTION('',(1.,0.,0.));
#1358 = DIRECTION('',(-0.,1.,0.));
#1359 = ADVANCED_FACE('',(#1360),#1378,.T.);
#1360 = FACE_BOUND('',#1361,.T.);
#1361 = EDGE_LOOP('',(#1362,#1370,#1371,#1372));
#1362 = ORIENTED_EDGE('',*,*,#1363,.F.);
#1363 = EDGE_CURVE('',#1339,#1364,#1366,.T.);
#1364 = VERTEX_POINT('',#1365);
#1365 = CARTESIAN_POINT('',(0.3,0.23,0.46));
#1366 = LINE('',#1367,#1368);
#1367 = CARTESIAN_POINT('',(0.3,0.23,2.E-02));
#1368 = VECTOR('',#1369,1.);
#1369 = DIRECTION('',(0.,0.,1.));
#1370 = ORIENTED_EDGE('',*,*,#1338,.F.);
#1371 = ORIENTED_EDGE('',*,*,#1251,.T.);
#1372 = ORIENTED_EDGE('',*,*,#1373,.T.);
#1373 = EDGE_CURVE('',#1243,#1364,#1374,.T.);
#1374 = LINE('',#1375,#1376);
#1375 = CARTESIAN_POINT('',(-0.3,0.23,0.46));
#1376 = VECTOR('',#1377,1.);
#1377 = DIRECTION('',(1.,0.,0.));
#1378 = PLANE('',#1379);
#1379 = AXIS2_PLACEMENT_3D('',#1380,#1381,#1382);
#1380 = CARTESIAN_POINT('',(-0.3,0.23,2.E-02));
#1381 = DIRECTION('',(0.,1.,0.));
#1382 = DIRECTION('',(0.,-0.,1.));
#1383 = ADVANCED_FACE('',(#1384),#1403,.T.);
#1384 = FACE_BOUND('',#1385,.T.);
#1385 = EDGE_LOOP('',(#1386,#1387,#1395,#1402));
#1386 = ORIENTED_EDGE('',*,*,#1242,.T.);
#1387 = ORIENTED_EDGE('',*,*,#1388,.T.);
#1388 = EDGE_CURVE('',#1235,#1389,#1391,.T.);
#1389 = VERTEX_POINT('',#1390);
#1390 = CARTESIAN_POINT('',(0.3,0.21,0.48));
#1391 = LINE('',#1392,#1393);
#1392 = CARTESIAN_POINT('',(-0.3,0.21,0.48));
#1393 = VECTOR('',#1394,1.);
#1394 = DIRECTION('',(1.,0.,0.));
#1395 = ORIENTED_EDGE('',*,*,#1396,.F.);
#1396 = EDGE_CURVE('',#1364,#1389,#1397,.T.);
#1397 = CIRCLE('',#1398,2.E-02);
#1398 = AXIS2_PLACEMENT_3D('',#1399,#1400,#1401);
#1399 = CARTESIAN_POINT('',(0.3,0.21,0.46));
#1400 = DIRECTION('',(1.,0.,-0.));
#1401 = DIRECTION('',(0.,0.,1.));
#1402 = ORIENTED_EDGE('',*,*,#1373,.F.);
#1403 = CYLINDRICAL_SURFACE('',#1404,2.E-02);
#1404 = AXIS2_PLACEMENT_3D('',#1405,#1406,#1407);
#1405 = CARTESIAN_POINT('',(-0.3,0.21,0.46));
#1406 = DIRECTION('',(1.,0.,0.));
#1407 = DIRECTION('',(-0.,1.,0.));
#1408 = ADVANCED_FACE('',(#1409),#1427,.T.);
#1409 = FACE_BOUND('',#1410,.T.);
#1410 = EDGE_LOOP('',(#1411,#1412,#1420,#1426));
#1411 = ORIENTED_EDGE('',*,*,#1234,.F.);
#1412 = ORIENTED_EDGE('',*,*,#1413,.T.);
#1413 = EDGE_CURVE('',#1226,#1414,#1416,.T.);
#1414 = VERTEX_POINT('',#1415);
#1415 = CARTESIAN_POINT('',(0.3,-0.21,0.48));
#1416 = LINE('',#1417,#1418);
#1417 = CARTESIAN_POINT('',(-0.3,-0.21,0.48));
#1418 = VECTOR('',#1419,1.);
#1419 = DIRECTION('',(1.,0.,0.));
#1420 = ORIENTED_EDGE('',*,*,#1421,.T.);
#1421 = EDGE_CURVE('',#1414,#1389,#1422,.T.);
#1422 = LINE('',#1423,#1424);
#1423 = CARTESIAN_POINT('',(0.3,-0.23,0.48));
#1424 = VECTOR('',#1425,1.);
#1425 = DIRECTION('',(0.,1.,0.));
#1426 = ORIENTED_EDGE('',*,*,#1388,.F.);
#1427 = PLANE('',#1428);
#1428 = AXIS2_PLACEMENT_3D('',#1429,#1430,#1431);
#1429 = CARTESIAN_POINT('',(-0.3,-0.23,0.48));
#1430 = DIRECTION('',(0.,0.,1.));
#1431 = DIRECTION('',(1.,0.,-0.));
#1432 = ADVANCED_FACE('',(#1433),#1452,.T.);
#1433 = FACE_BOUND('',#1434,.T.);
#1434 = EDGE_LOOP('',(#1435,#1443,#1450,#1451));
#1435 = ORIENTED_EDGE('',*,*,#1436,.T.);
#1436 = EDGE_CURVE('',#1218,#1437,#1439,.T.);
#1437 = VERTEX_POINT('',#1438);
#1438 = CARTESIAN_POINT('',(0.3,-0.23,0.46));
#1439 = LINE('',#1440,#1441);
#1440 = CARTESIAN_POINT('',(-0.3,-0.23,0.46));
#1441 = VECTOR('',#1442,1.);
#1442 = DIRECTION('',(1.,0.,0.));
#1443 = ORIENTED_EDGE('',*,*,#1444,.T.);
#1444 = EDGE_CURVE('',#1437,#1414,#1445,.T.);
#1445 = CIRCLE('',#1446,2.E-02);
#1446 = AXIS2_PLACEMENT_3D('',#1447,#1448,#1449);
#1447 = CARTESIAN_POINT('',(0.3,-0.21,0.46));
#1448 = DIRECTION('',(-1.,0.,0.));
#1449 = DIRECTION('',(0.,0.,1.));
#1450 = ORIENTED_EDGE('',*,*,#1413,.F.);
#1451 = ORIENTED_EDGE('',*,*,#1225,.F.);
#1452 = CYLINDRICAL_SURFACE('',#1453,2.E-02);
#1453 = AXIS2_PLACEMENT_3D('',#1454,#1455,#1456);
#1454 = CARTESIAN_POINT('',(-0.3,-0.21,0.46));
#1455 = DIRECTION('',(1.,0.,0.));
#1456 = DIRECTION('',(0.,-1.,0.));
#1457 = ADVANCED_FACE('',(#1458),#1469,.F.);
#1458 = FACE_BOUND('',#1459,.F.);
#1459 = EDGE_LOOP('',(#1460,#1466,#1467,#1468));
#1460 = ORIENTED_EDGE('',*,*,#1461,.F.);
#1461 = EDGE_CURVE('',#1292,#1437,#1462,.T.);
#1462 = LINE('',#1463,#1464);
#1463 = CARTESIAN_POINT('',(0.3,-0.23,2.E-02));
#1464 = VECTOR('',#1465,1.);
#1465 = DIRECTION('',(0.,0.,1.));
#1466 = ORIENTED_EDGE('',*,*,#1300,.F.);
#1467 = ORIENTED_EDGE('',*,*,#1217,.T.);
#1468 = ORIENTED_EDGE('',*,*,#1436,.T.);
#1469 = PLANE('',#1470);
#1470 = AXIS2_PLACEMENT_3D('',#1471,#1472,#1473);
#1471 = CARTESIAN_POINT('',(-0.3,-0.23,2.E-02));
#1472 = DIRECTION('',(0.,1.,0.));
#1473 = DIRECTION('',(0.,-0.,1.));
#1474 = ADVANCED_FACE('',(#1475,#1545),#1555,.F.);
#1475 = FACE_BOUND('',#1476,.F.);
#1476 = EDGE_LOOP('',(#1477,#1487,#1496,#1504,#1513,#1521,#1530,#1538));
#1477 = ORIENTED_EDGE('',*,*,#1478,.F.);
#1478 = EDGE_CURVE('',#1479,#1481,#1483,.T.);
#1479 = VERTEX_POINT('',#1480);
#1480 = CARTESIAN_POINT('',(0.3,-0.25,2.E-02));
#1481 = VERTEX_POINT('',#1482);
#1482 = CARTESIAN_POINT('',(0.3,-0.25,0.48));
#1483 = LINE('',#1484,#1485);
#1484 = CARTESIAN_POINT('',(0.3,-0.25,0.));
#1485 = VECTOR('',#1486,1.);
#1486 = DIRECTION('',(0.,0.,1.));
#1487 = ORIENTED_EDGE('',*,*,#1488,.T.);
#1488 = EDGE_CURVE('',#1479,#1489,#1491,.T.);
#1489 = VERTEX_POINT('',#1490);
#1490 = CARTESIAN_POINT('',(0.3,-0.23,0.));
#1491 = CIRCLE('',#1492,2.E-02);
#1492 = AXIS2_PLACEMENT_3D('',#1493,#1494,#1495);
#1493 = CARTESIAN_POINT('',(0.3,-0.23,2.E-02));
#1494 = DIRECTION('',(1.,0.,-0.));
#1495 = DIRECTION('',(0.,0.,1.));
#1496 = ORIENTED_EDGE('',*,*,#1497,.T.);
#1497 = EDGE_CURVE('',#1489,#1498,#1500,.T.);
#1498 = VERTEX_POINT('',#1499);
#1499 = CARTESIAN_POINT('',(0.3,0.23,0.));
#1500 = LINE('',#1501,#1502);
#1501 = CARTESIAN_POINT('',(0.3,-0.25,0.));
#1502 = VECTOR('',#1503,1.);
#1503 = DIRECTION('',(0.,1.,0.));
#1504 = ORIENTED_EDGE('',*,*,#1505,.F.);
#1505 = EDGE_CURVE('',#1506,#1498,#1508,.T.);
#1506 = VERTEX_POINT('',#1507);
#1507 = CARTESIAN_POINT('',(0.3,0.25,2.E-02));
#1508 = CIRCLE('',#1509,2.E-02);
#1509 = AXIS2_PLACEMENT_3D('',#1510,#1511,#1512);
#1510 = CARTESIAN_POINT('',(0.3,0.23,2.E-02));
#1511 = DIRECTION('',(-1.,0.,0.));
#1512 = DIRECTION('',(0.,0.,1.));
#1513 = ORIENTED_EDGE('',*,*,#1514,.T.);
#1514 = EDGE_CURVE('',#1506,#1515,#1517,.T.);
#1515 = VERTEX_POINT('',#1516);
#1516 = CARTESIAN_POINT('',(0.3,0.25,0.48));
#1517 = LINE('',#1518,#1519);
#1518 = CARTESIAN_POINT('',(0.3,0.25,0.));
#1519 = VECTOR('',#1520,1.);
#1520 = DIRECTION('',(0.,0.,1.));
#1521 = ORIENTED_EDGE('',*,*,#1522,.T.);
#1522 = EDGE_CURVE('',#1515,#1523,#1525,.T.);
#1523 = VERTEX_POINT('',#1524);
#1524 = CARTESIAN_POINT('',(0.3,0.23,0.5));
#1525 = CIRCLE('',#1526,2.E-02);
#1526 = AXIS2_PLACEMENT_3D('',#1527,#1528,#1529);
#1527 = CARTESIAN_POINT('',(0.3,0.23,0.48));
#1528 = DIRECTION('',(1.,0.,-0.));
#1529 = DIRECTION('',(0.,0.,1.));
#1530 = ORIENTED_EDGE('',*,*,#1531,.F.);
#1531 = EDGE_CURVE('',#1532,#1523,#1534,.T.);
#1532 = VERTEX_POINT('',#1533);
#1533 = CARTESIAN_POINT('',(0.3,-0.23,0.5));
#1534 = LINE('',#1535,#1536);
#1535 = CARTESIAN_POINT('',(0.3,-0.25,0.5));
#1536 = VECTOR('',#1537,1.);
#1537 = DIRECTION('',(0.,1.,0.));
#1538 = ORIENTED_EDGE('',*,*,#1539,.F.);
#1539 = EDGE_CURVE('',#1481,#1532,#1540,.T.);
#1540 = CIRCLE('',#1541,2.E-02);
#1541 = AXIS2_PLACEMENT_3D('',#1542,#1543,#1544);
#1542 = CARTESIAN_POINT('',(0.3,-0.23,0.48));
#1543 = DIRECTION('',(-1.,0.,0.));
#1544 = DIRECTION('',(0.,0.,1.));
#1545 = FACE_BOUND('',#1546,.F.);
#1546 = EDGE_LOOP('',(#1547,#1548,#1549,#1550,#1551,#1552,#1553,#1554));
#1547 = ORIENTED_EDGE('',*,*,#1291,.F.);
#1548 = ORIENTED_EDGE('',*,*,#1461,.T.);
#1549 = ORIENTED_EDGE('',*,*,#1444,.T.);
#1550 = ORIENTED_EDGE('',*,*,#1421,.T.);
#1551 = ORIENTED_EDGE('',*,*,#1396,.F.);
#1552 = ORIENTED_EDGE('',*,*,#1363,.F.);
#1553 = ORIENTED_EDGE('',*,*,#1346,.T.);
#1554 = ORIENTED_EDGE('',*,*,#1316,.F.);
#1555 = PLANE('',#1556);
#1556 = AXIS2_PLACEMENT_3D('',#1557,#1558,#1559);
#1557 = CARTESIAN_POINT('',(0.3,-0.25,0.));
#1558 = DIRECTION('',(1.,0.,0.));
#1559 = DIRECTION('',(0.,0.,1.));
#1560 = ADVANCED_FACE('',(#1561),#1586,.F.);
#1561 = FACE_BOUND('',#1562,.F.);
#1562 = EDGE_LOOP('',(#1563,#1573,#1579,#1580));
#1563 = ORIENTED_EDGE('',*,*,#1564,.F.);
#1564 = EDGE_CURVE('',#1565,#1567,#1569,.T.);
#1565 = VERTEX_POINT('',#1566);
#1566 = CARTESIAN_POINT('',(0.5,-0.25,2.E-02));
#1567 = VERTEX_POINT('',#1568);
#1568 = CARTESIAN_POINT('',(0.5,-0.25,0.48));
#1569 = LINE('',#1570,#1571);
#1570 = CARTESIAN_POINT('',(0.5,-0.25,0.));
#1571 = VECTOR('',#1572,1.);
#1572 = DIRECTION('',(0.,0.,1.));
#1573 = ORIENTED_EDGE('',*,*,#1574,.F.);
#1574 = EDGE_CURVE('',#1479,#1565,#1575,.T.);
#1575 = LINE('',#1576,#1577);
#1576 = CARTESIAN_POINT('',(0.3,-0.25,2.E-02));
#1577 = VECTOR('',#1578,1.);
#1578 = DIRECTION('',(1.,0.,0.));
#1579 = ORIENTED_EDGE('',*,*,#1478,.T.);
#1580 = ORIENTED_EDGE('',*,*,#1581,.T.);
#1581 = EDGE_CURVE('',#1481,#1567,#1582,.T.);
#1582 = LINE('',#1583,#1584);
#1583 = CARTESIAN_POINT('',(0.3,-0.25,0.48));
#1584 = VECTOR('',#1585,1.);
#1585 = DIRECTION('',(1.,0.,0.));
#1586 = PLANE('',#1587);
#1587 = AXIS2_PLACEMENT_3D('',#1588,#1589,#1590);
#1588 = CARTESIAN_POINT('',(0.3,-0.25,0.));
#1589 = DIRECTION('',(0.,1.,0.));
#1590 = DIRECTION('',(0.,-0.,1.));
#1591 = ADVANCED_FACE('',(#1592),#1611,.T.);
#1592 = FACE_BOUND('',#1593,.T.);
#1593 = EDGE_LOOP('',(#1594,#1595,#1603,#1610));
#1594 = ORIENTED_EDGE('',*,*,#1488,.T.);
#1595 = ORIENTED_EDGE('',*,*,#1596,.T.);
#1596 = EDGE_CURVE('',#1489,#1597,#1599,.T.);
#1597 = VERTEX_POINT('',#1598);
#1598 = CARTESIAN_POINT('',(0.5,-0.23,0.));
#1599 = LINE('',#1600,#1601);
#1600 = CARTESIAN_POINT('',(0.3,-0.23,0.));
#1601 = VECTOR('',#1602,1.);
#1602 = DIRECTION('',(1.,0.,0.));
#1603 = ORIENTED_EDGE('',*,*,#1604,.F.);
#1604 = EDGE_CURVE('',#1565,#1597,#1605,.T.);
#1605 = CIRCLE('',#1606,2.E-02);
#1606 = AXIS2_PLACEMENT_3D('',#1607,#1608,#1609);
#1607 = CARTESIAN_POINT('',(0.5,-0.23,2.E-02));
#1608 = DIRECTION('',(1.,0.,-0.));
#1609 = DIRECTION('',(0.,0.,1.));
#1610 = ORIENTED_EDGE('',*,*,#1574,.F.);
#1611 = CYLINDRICAL_SURFACE('',#1612,2.E-02);
#1612 = AXIS2_PLACEMENT_3D('',#1613,#1614,#1615);
#1613 = CARTESIAN_POINT('',(0.3,-0.23,2.E-02));
#1614 = DIRECTION('',(1.,0.,0.));
#1615 = DIRECTION('',(0.,-1.,0.));
#1616 = ADVANCED_FACE('',(#1617),#1636,.T.);
#1617 = FACE_BOUND('',#1618,.T.);
#1618 = EDGE_LOOP('',(#1619,#1620,#1629,#1635));
#1619 = ORIENTED_EDGE('',*,*,#1581,.T.);
#1620 = ORIENTED_EDGE('',*,*,#1621,.T.);
#1621 = EDGE_CURVE('',#1567,#1622,#1624,.T.);
#1622 = VERTEX_POINT('',#1623);
#1623 = CARTESIAN_POINT('',(0.5,-0.23,0.5));
#1624 = CIRCLE('',#1625,2.E-02);
#1625 = AXIS2_PLACEMENT_3D('',#1626,#1627,#1628);
#1626 = CARTESIAN_POINT('',(0.5,-0.23,0.48));
#1627 = DIRECTION('',(-1.,0.,0.));
#1628 = DIRECTION('',(0.,0.,1.));
#1629 = ORIENTED_EDGE('',*,*,#1630,.F.);
#1630 = EDGE_CURVE('',#1532,#1622,#1631,.T.);
#1631 = LINE('',#1632,#1633);
#1632 = CARTESIAN_POINT('',(0.3,-0.23,0.5));
#1633 = VECTOR('',#1634,1.);
#1634 = DIRECTION('',(1.,0.,0.));
#1635 = ORIENTED_EDGE('',*,*,#1539,.F.);
#1636 = CYLINDRICAL_SURFACE('',#1637,2.E-02);
#1637 = AXIS2_PLACEMENT_3D('',#1638,#1639,#1640);
#1638 = CARTESIAN_POINT('',(0.3,-0.23,0.48));
#1639 = DIRECTION('',(1.,0.,0.));
#1640 = DIRECTION('',(0.,-1.,0.));
#1641 = ADVANCED_FACE('',(#1642),#1660,.F.);
#1642 = FACE_BOUND('',#1643,.F.);
#1643 = EDGE_LOOP('',(#1644,#1645,#1646,#1654));
#1644 = ORIENTED_EDGE('',*,*,#1497,.F.);
#1645 = ORIENTED_EDGE('',*,*,#1596,.T.);
#1646 = ORIENTED_EDGE('',*,*,#1647,.T.);
#1647 = EDGE_CURVE('',#1597,#1648,#1650,.T.);
#1648 = VERTEX_POINT('',#1649);
#1649 = CARTESIAN_POINT('',(0.5,0.23,0.));
#1650 = LINE('',#1651,#1652);
#1651 = CARTESIAN_POINT('',(0.5,-0.25,0.));
#1652 = VECTOR('',#1653,1.);
#1653 = DIRECTION('',(0.,1.,0.));
#1654 = ORIENTED_EDGE('',*,*,#1655,.F.);
#1655 = EDGE_CURVE('',#1498,#1648,#1656,.T.);
#1656 = LINE('',#1657,#1658);
#1657 = CARTESIAN_POINT('',(0.3,0.23,0.));
#1658 = VECTOR('',#1659,1.);
#1659 = DIRECTION('',(1.,0.,0.));
#1660 = PLANE('',#1661);
#1661 = AXIS2_PLACEMENT_3D('',#1662,#1663,#1664);
#1662 = CARTESIAN_POINT('',(0.3,-0.25,0.));
#1663 = DIRECTION('',(0.,0.,1.));
#1664 = DIRECTION('',(1.,0.,-0.));
#1665 = ADVANCED_FACE('',(#1666),#1684,.T.);
#1666 = FACE_BOUND('',#1667,.T.);
#1667 = EDGE_LOOP('',(#1668,#1669,#1670,#1678));
#1668 = ORIENTED_EDGE('',*,*,#1531,.F.);
#1669 = ORIENTED_EDGE('',*,*,#1630,.T.);
#1670 = ORIENTED_EDGE('',*,*,#1671,.T.);
#1671 = EDGE_CURVE('',#1622,#1672,#1674,.T.);
#1672 = VERTEX_POINT('',#1673);
#1673 = CARTESIAN_POINT('',(0.5,0.23,0.5));
#1674 = LINE('',#1675,#1676);
#1675 = CARTESIAN_POINT('',(0.5,-0.25,0.5));
#1676 = VECTOR('',#1677,1.);
#1677 = DIRECTION('',(0.,1.,0.));
#1678 = ORIENTED_EDGE('',*,*,#1679,.F.);
#1679 = EDGE_CURVE('',#1523,#1672,#1680,.T.);
#1680 = LINE('',#1681,#1682);
#1681 = CARTESIAN_POINT('',(0.3,0.23,0.5));
#1682 = VECTOR('',#1683,1.);
#1683 = DIRECTION('',(1.,0.,0.));
#1684 = PLANE('',#1685);
#1685 = AXIS2_PLACEMENT_3D('',#1686,#1687,#1688);
#1686 = CARTESIAN_POINT('',(0.3,-0.25,0.5));
#1687 = DIRECTION('',(0.,0.,1.));
#1688 = DIRECTION('',(1.,0.,-0.));
#1689 = ADVANCED_FACE('',(#1690),#1709,.T.);
#1690 = FACE_BOUND('',#1691,.T.);
#1691 = EDGE_LOOP('',(#1692,#1700,#1707,#1708));
#1692 = ORIENTED_EDGE('',*,*,#1693,.T.);
#1693 = EDGE_CURVE('',#1506,#1694,#1696,.T.);
#1694 = VERTEX_POINT('',#1695);
#1695 = CARTESIAN_POINT('',(0.5,0.25,2.E-02));
#1696 = LINE('',#1697,#1698);
#1697 = CARTESIAN_POINT('',(0.3,0.25,2.E-02));
#1698 = VECTOR('',#1699,1.);
#1699 = DIRECTION('',(1.,0.,0.));
#1700 = ORIENTED_EDGE('',*,*,#1701,.T.);
#1701 = EDGE_CURVE('',#1694,#1648,#1702,.T.);
#1702 = CIRCLE('',#1703,2.E-02);
#1703 = AXIS2_PLACEMENT_3D('',#1704,#1705,#1706);
#1704 = CARTESIAN_POINT('',(0.5,0.23,2.E-02));
#1705 = DIRECTION('',(-1.,0.,0.));
#1706 = DIRECTION('',(0.,0.,1.));
#1707 = ORIENTED_EDGE('',*,*,#1655,.F.);
#1708 = ORIENTED_EDGE('',*,*,#1505,.F.);
#1709 = CYLINDRICAL_SURFACE('',#1710,2.E-02);
#1710 = AXIS2_PLACEMENT_3D('',#1711,#1712,#1713);
#1711 = CARTESIAN_POINT('',(0.3,0.23,2.E-02));
#1712 = DIRECTION('',(1.,0.,0.));
#1713 = DIRECTION('',(-0.,1.,0.));
#1714 = ADVANCED_FACE('',(#1715),#1734,.T.);
#1715 = FACE_BOUND('',#1716,.T.);
#1716 = EDGE_LOOP('',(#1717,#1718,#1719,#1728));
#1717 = ORIENTED_EDGE('',*,*,#1522,.T.);
#1718 = ORIENTED_EDGE('',*,*,#1679,.T.);
#1719 = ORIENTED_EDGE('',*,*,#1720,.F.);
#1720 = EDGE_CURVE('',#1721,#1672,#1723,.T.);
#1721 = VERTEX_POINT('',#1722);
#1722 = CARTESIAN_POINT('',(0.5,0.25,0.48));
#1723 = CIRCLE('',#1724,2.E-02);
#1724 = AXIS2_PLACEMENT_3D('',#1725,#1726,#1727);
#1725 = CARTESIAN_POINT('',(0.5,0.23,0.48));
#1726 = DIRECTION('',(1.,0.,-0.));
#1727 = DIRECTION('',(0.,0.,1.));
#1728 = ORIENTED_EDGE('',*,*,#1729,.F.);
#1729 = EDGE_CURVE('',#1515,#1721,#1730,.T.);
#1730 = LINE('',#1731,#1732);
#1731 = CARTESIAN_POINT('',(0.3,0.25,0.48));
#1732 = VECTOR('',#1733,1.);
#1733 = DIRECTION('',(1.,0.,0.));
#1734 = CYLINDRICAL_SURFACE('',#1735,2.E-02);
#1735 = AXIS2_PLACEMENT_3D('',#1736,#1737,#1738);
#1736 = CARTESIAN_POINT('',(0.3,0.23,0.48));
#1737 = DIRECTION('',(1.,0.,0.));
#1738 = DIRECTION('',(-0.,1.,0.));
#1739 = ADVANCED_FACE('',(#1740),#1751,.T.);
#1740 = FACE_BOUND('',#1741,.T.);
#1741 = EDGE_LOOP('',(#1742,#1748,#1749,#1750));
#1742 = ORIENTED_EDGE('',*,*,#1743,.F.);
#1743 = EDGE_CURVE('',#1694,#1721,#1744,.T.);
#1744 = LINE('',#1745,#1746);
#1745 = CARTESIAN_POINT('',(0.5,0.25,0.));
#1746 = VECTOR('',#1747,1.);
#1747 = DIRECTION('',(0.,0.,1.));
#1748 = ORIENTED_EDGE('',*,*,#1693,.F.);
#1749 = ORIENTED_EDGE('',*,*,#1514,.T.);
#1750 = ORIENTED_EDGE('',*,*,#1729,.T.);
#1751 = PLANE('',#1752);
#1752 = AXIS2_PLACEMENT_3D('',#1753,#1754,#1755);
#1753 = CARTESIAN_POINT('',(0.3,0.25,0.));
#1754 = DIRECTION('',(0.,1.,0.));
#1755 = DIRECTION('',(0.,-0.,1.));
#1756 = ADVANCED_FACE('',(#1757),#1767,.T.);
#1757 = FACE_BOUND('',#1758,.T.);
#1758 = EDGE_LOOP('',(#1759,#1760,#1761,#1762,#1763,#1764,#1765,#1766));
#1759 = ORIENTED_EDGE('',*,*,#1564,.F.);
#1760 = ORIENTED_EDGE('',*,*,#1604,.T.);
#1761 = ORIENTED_EDGE('',*,*,#1647,.T.);
#1762 = ORIENTED_EDGE('',*,*,#1701,.F.);
#1763 = ORIENTED_EDGE('',*,*,#1743,.T.);
#1764 = ORIENTED_EDGE('',*,*,#1720,.T.);
#1765 = ORIENTED_EDGE('',*,*,#1671,.F.);
#1766 = ORIENTED_EDGE('',*,*,#1621,.F.);
#1767 = PLANE('',#1768);
#1768 = AXIS2_PLACEMENT_3D('',#1769,#1770,#1771);
#1769 = CARTESIAN_POINT('',(0.5,-0.25,0.));
#1770 = DIRECTION('',(1.,0.,0.));
#1771 = DIRECTION('',(0.,0.,1.));
#1772 = ( GEOMETRIC_REPRESENTATION_CONTEXT(3) 
GLOBAL_UNCERTAINTY_ASSIGNED_CONTEXT((#1776)) 
GLOBAL_UNIT_ASSIGNED_CONTEXT((#1773,#1774,#1775)) REPRESENTATION_CONTEXT
('Context #1','3D Context with UNIT and UNCERTAINTY') );
#1773 = ( LENGTH_UNIT() NAMED_UNIT(*) SI_UNIT(.MILLI.,.METRE.) );
#1774 = ( NAMED_UNIT(*) PLANE_ANGLE_UNIT() SI_UNIT($,.RADIAN.) );
#1775 = ( NAMED_UNIT(*) SI_UNIT($,.STERADIAN.) SOLID_ANGLE_UNIT() );
#1776 = UNCERTAINTY_MEASURE_WITH_UNIT(LENGTH_MEASURE(1.E-07),#1773,
  'distance_accuracy_value','confusion accuracy');
#1777 = CONTEXT_DEPENDENT_SHAPE_REPRESENTATION(#1778,#1780);
#1778 = ( REPRESENTATION_RELATIONSHIP('','',#917,#10) 
REPRESENTATION_RELATIONSHIP_WITH_TRANSFORMATION(#1779) 
SHAPE_REPRESENTATION_RELATIONSHIP() );
#1779 = ITEM_DEFINED_TRANSFORMATION('','',#11,#19);
#1780 = PRODUCT_DEFINITION_SHAPE('Placement','Placement of an item',
  #1781);
#1781 = NEXT_ASSEMBLY_USAGE_OCCURRENCE('2','C7','',#5,#912,$);
#1782 = PRODUCT_RELATED_PRODUCT_CATEGORY('part',$,(#914));
#1783 = CONTEXT_DEPENDENT_SHAPE_REPRESENTATION(#1784,#1786);
#1784 = ( REPRESENTATION_RELATIONSHIP('','',#108,#10) 
REPRESENTATION_RELATIONSHIP_WITH_TRANSFORMATION(#1785) 
SHAPE_REPRESENTATION_RELATIONSHIP() );
#1785 = ITEM_DEFINED_TRANSFORMATION('','',#11,#23);
#1786 = PRODUCT_DEFINITION_SHAPE('Placement','Placement of an item',
  #1787);
#1787 = NEXT_ASSEMBLY_USAGE_OCCURRENCE('3','R4','',#5,#103,$);
#1788 = SHAPE_DEFINITION_REPRESENTATION(#1789,#1795);
#1789 = PRODUCT_DEFINITION_SHAPE('','',#1790);
#1790 = PRODUCT_DEFINITION('design','',#1791,#1794);
#1791 = PRODUCT_DEFINITION_FORMATION('','',#1792);
#1792 = PRODUCT('C_0805_2012Metric','C_0805_2012Metric','',(#1793));
#1793 = PRODUCT_CONTEXT('',#2,'mechanical');
#1794 = PRODUCT_DEFINITION_CONTEXT('part definition',#2,'design');
#1795 = ADVANCED_BREP_SHAPE_REPRESENTATION('',(#11,#1796),#2650);
#1796 = MANIFOLD_SOLID_BREP('',#1797);
#1797 = CLOSED_SHELL('',(#1798,#1874,#1905,#1930,#1955,#1979,#2003,#2028
    ,#2053,#2070,#2156,#2188,#2212,#2237,#2261,#2286,#2310,#2335,#2352,
    #2438,#2469,#2494,#2519,#2543,#2567,#2592,#2617,#2634));
#1798 = ADVANCED_FACE('',(#1799),#1869,.F.);
#1799 = FACE_BOUND('',#1800,.F.);
#1800 = EDGE_LOOP('',(#1801,#1811,#1820,#1828,#1837,#1845,#1854,#1862));
#1801 = ORIENTED_EDGE('',*,*,#1802,.F.);
#1802 = EDGE_CURVE('',#1803,#1805,#1807,.T.);
#1803 = VERTEX_POINT('',#1804);
#1804 = CARTESIAN_POINT('',(-1.,-0.625,4.E-02));
#1805 = VERTEX_POINT('',#1806);
#1806 = CARTESIAN_POINT('',(-1.,-0.625,1.21));
#1807 = LINE('',#1808,#1809);
#1808 = CARTESIAN_POINT('',(-1.,-0.625,0.));
#1809 = VECTOR('',#1810,1.);
#1810 = DIRECTION('',(0.,0.,1.));
#1811 = ORIENTED_EDGE('',*,*,#1812,.T.);
#1812 = EDGE_CURVE('',#1803,#1813,#1815,.T.);
#1813 = VERTEX_POINT('',#1814);
#1814 = CARTESIAN_POINT('',(-1.,-0.585,0.));
#1815 = CIRCLE('',#1816,4.E-02);
#1816 = AXIS2_PLACEMENT_3D('',#1817,#1818,#1819);
#1817 = CARTESIAN_POINT('',(-1.,-0.585,4.E-02));
#1818 = DIRECTION('',(1.,0.,-0.));
#1819 = DIRECTION('',(0.,0.,1.));
#1820 = ORIENTED_EDGE('',*,*,#1821,.T.);
#1821 = EDGE_CURVE('',#1813,#1822,#1824,.T.);
#1822 = VERTEX_POINT('',#1823);
#1823 = CARTESIAN_POINT('',(-1.,0.585,0.));
#1824 = LINE('',#1825,#1826);
#1825 = CARTESIAN_POINT('',(-1.,-0.625,0.));
#1826 = VECTOR('',#1827,1.);
#1827 = DIRECTION('',(0.,1.,0.));
#1828 = ORIENTED_EDGE('',*,*,#1829,.F.);
#1829 = EDGE_CURVE('',#1830,#1822,#1832,.T.);
#1830 = VERTEX_POINT('',#1831);
#1831 = CARTESIAN_POINT('',(-1.,0.625,4.E-02));
#1832 = CIRCLE('',#1833,4.E-02);
#1833 = AXIS2_PLACEMENT_3D('',#1834,#1835,#1836);
#1834 = CARTESIAN_POINT('',(-1.,0.585,4.E-02));
#1835 = DIRECTION('',(-1.,0.,0.));
#1836 = DIRECTION('',(0.,0.,1.));
#1837 = ORIENTED_EDGE('',*,*,#1838,.T.);
#1838 = EDGE_CURVE('',#1830,#1839,#1841,.T.);
#1839 = VERTEX_POINT('',#1840);
#1840 = CARTESIAN_POINT('',(-1.,0.625,1.21));
#1841 = LINE('',#1842,#1843);
#1842 = CARTESIAN_POINT('',(-1.,0.625,0.));
#1843 = VECTOR('',#1844,1.);
#1844 = DIRECTION('',(0.,0.,1.));
#1845 = ORIENTED_EDGE('',*,*,#1846,.T.);
#1846 = EDGE_CURVE('',#1839,#1847,#1849,.T.);
#1847 = VERTEX_POINT('',#1848);
#1848 = CARTESIAN_POINT('',(-1.,0.585,1.25));
#1849 = CIRCLE('',#1850,4.E-02);
#1850 = AXIS2_PLACEMENT_3D('',#1851,#1852,#1853);
#1851 = CARTESIAN_POINT('',(-1.,0.585,1.21));
#1852 = DIRECTION('',(1.,0.,-0.));
#1853 = DIRECTION('',(0.,0.,1.));
#1854 = ORIENTED_EDGE('',*,*,#1855,.F.);
#1855 = EDGE_CURVE('',#1856,#1847,#1858,.T.);
#1856 = VERTEX_POINT('',#1857);
#1857 = CARTESIAN_POINT('',(-1.,-0.585,1.25));
#1858 = LINE('',#1859,#1860);
#1859 = CARTESIAN_POINT('',(-1.,-0.625,1.25));
#1860 = VECTOR('',#1861,1.);
#1861 = DIRECTION('',(0.,1.,0.));
#1862 = ORIENTED_EDGE('',*,*,#1863,.F.);
#1863 = EDGE_CURVE('',#1805,#1856,#1864,.T.);
#1864 = CIRCLE('',#1865,4.E-02);
#1865 = AXIS2_PLACEMENT_3D('',#1866,#1867,#1868);
#1866 = CARTESIAN_POINT('',(-1.,-0.585,1.21));
#1867 = DIRECTION('',(-1.,0.,0.));
#1868 = DIRECTION('',(0.,0.,1.));
#1869 = PLANE('',#1870);
#1870 = AXIS2_PLACEMENT_3D('',#1871,#1872,#1873);
#1871 = CARTESIAN_POINT('',(-1.,-0.625,0.));
#1872 = DIRECTION('',(1.,0.,0.));
#1873 = DIRECTION('',(0.,0.,1.));
#1874 = ADVANCED_FACE('',(#1875),#1900,.F.);
#1875 = FACE_BOUND('',#1876,.F.);
#1876 = EDGE_LOOP('',(#1877,#1887,#1893,#1894));
#1877 = ORIENTED_EDGE('',*,*,#1878,.F.);
#1878 = EDGE_CURVE('',#1879,#1881,#1883,.T.);
#1879 = VERTEX_POINT('',#1880);
#1880 = CARTESIAN_POINT('',(-0.6,-0.625,4.E-02));
#1881 = VERTEX_POINT('',#1882);
#1882 = CARTESIAN_POINT('',(-0.6,-0.625,1.21));
#1883 = LINE('',#1884,#1885);
#1884 = CARTESIAN_POINT('',(-0.6,-0.625,0.));
#1885 = VECTOR('',#1886,1.);
#1886 = DIRECTION('',(0.,0.,1.));
#1887 = ORIENTED_EDGE('',*,*,#1888,.F.);
#1888 = EDGE_CURVE('',#1803,#1879,#1889,.T.);
#1889 = LINE('',#1890,#1891);
#1890 = CARTESIAN_POINT('',(-1.,-0.625,4.E-02));
#1891 = VECTOR('',#1892,1.);
#1892 = DIRECTION('',(1.,0.,0.));
#1893 = ORIENTED_EDGE('',*,*,#1802,.T.);
#1894 = ORIENTED_EDGE('',*,*,#1895,.T.);
#1895 = EDGE_CURVE('',#1805,#1881,#1896,.T.);
#1896 = LINE('',#1897,#1898);
#1897 = CARTESIAN_POINT('',(-1.,-0.625,1.21));
#1898 = VECTOR('',#1899,1.);
#1899 = DIRECTION('',(1.,0.,0.));
#1900 = PLANE('',#1901);
#1901 = AXIS2_PLACEMENT_3D('',#1902,#1903,#1904);
#1902 = CARTESIAN_POINT('',(-1.,-0.625,0.));
#1903 = DIRECTION('',(0.,1.,0.));
#1904 = DIRECTION('',(0.,-0.,1.));
#1905 = ADVANCED_FACE('',(#1906),#1925,.T.);
#1906 = FACE_BOUND('',#1907,.T.);
#1907 = EDGE_LOOP('',(#1908,#1909,#1917,#1924));
#1908 = ORIENTED_EDGE('',*,*,#1812,.T.);
#1909 = ORIENTED_EDGE('',*,*,#1910,.T.);
#1910 = EDGE_CURVE('',#1813,#1911,#1913,.T.);
#1911 = VERTEX_POINT('',#1912);
#1912 = CARTESIAN_POINT('',(-0.6,-0.585,0.));
#1913 = LINE('',#1914,#1915);
#1914 = CARTESIAN_POINT('',(-1.,-0.585,0.));
#1915 = VECTOR('',#1916,1.);
#1916 = DIRECTION('',(1.,0.,0.));
#1917 = ORIENTED_EDGE('',*,*,#1918,.F.);
#1918 = EDGE_CURVE('',#1879,#1911,#1919,.T.);
#1919 = CIRCLE('',#1920,4.E-02);
#1920 = AXIS2_PLACEMENT_3D('',#1921,#1922,#1923);
#1921 = CARTESIAN_POINT('',(-0.6,-0.585,4.E-02));
#1922 = DIRECTION('',(1.,0.,-0.));
#1923 = DIRECTION('',(0.,0.,1.));
#1924 = ORIENTED_EDGE('',*,*,#1888,.F.);
#1925 = CYLINDRICAL_SURFACE('',#1926,4.E-02);
#1926 = AXIS2_PLACEMENT_3D('',#1927,#1928,#1929);
#1927 = CARTESIAN_POINT('',(-1.,-0.585,4.E-02));
#1928 = DIRECTION('',(1.,0.,0.));
#1929 = DIRECTION('',(0.,-1.,0.));
#1930 = ADVANCED_FACE('',(#1931),#1950,.T.);
#1931 = FACE_BOUND('',#1932,.T.);
#1932 = EDGE_LOOP('',(#1933,#1934,#1943,#1949));
#1933 = ORIENTED_EDGE('',*,*,#1895,.T.);
#1934 = ORIENTED_EDGE('',*,*,#1935,.T.);
#1935 = EDGE_CURVE('',#1881,#1936,#1938,.T.);
#1936 = VERTEX_POINT('',#1937);
#1937 = CARTESIAN_POINT('',(-0.6,-0.585,1.25));
#1938 = CIRCLE('',#1939,4.E-02);
#1939 = AXIS2_PLACEMENT_3D('',#1940,#1941,#1942);
#1940 = CARTESIAN_POINT('',(-0.6,-0.585,1.21));
#1941 = DIRECTION('',(-1.,0.,0.));
#1942 = DIRECTION('',(0.,0.,1.));
#1943 = ORIENTED_EDGE('',*,*,#1944,.F.);
#1944 = EDGE_CURVE('',#1856,#1936,#1945,.T.);
#1945 = LINE('',#1946,#1947);
#1946 = CARTESIAN_POINT('',(-1.,-0.585,1.25));
#1947 = VECTOR('',#1948,1.);
#1948 = DIRECTION('',(1.,0.,0.));
#1949 = ORIENTED_EDGE('',*,*,#1863,.F.);
#1950 = CYLINDRICAL_SURFACE('',#1951,4.E-02);
#1951 = AXIS2_PLACEMENT_3D('',#1952,#1953,#1954);
#1952 = CARTESIAN_POINT('',(-1.,-0.585,1.21));
#1953 = DIRECTION('',(1.,0.,0.));
#1954 = DIRECTION('',(0.,-1.,0.));
#1955 = ADVANCED_FACE('',(#1956),#1974,.F.);
#1956 = FACE_BOUND('',#1957,.F.);
#1957 = EDGE_LOOP('',(#1958,#1959,#1960,#1968));
#1958 = ORIENTED_EDGE('',*,*,#1821,.F.);
#1959 = ORIENTED_EDGE('',*,*,#1910,.T.);
#1960 = ORIENTED_EDGE('',*,*,#1961,.T.);
#1961 = EDGE_CURVE('',#1911,#1962,#1964,.T.);
#1962 = VERTEX_POINT('',#1963);
#1963 = CARTESIAN_POINT('',(-0.6,0.585,0.));
#1964 = LINE('',#1965,#1966);
#1965 = CARTESIAN_POINT('',(-0.6,-0.625,0.));
#1966 = VECTOR('',#1967,1.);
#1967 = DIRECTION('',(0.,1.,0.));
#1968 = ORIENTED_EDGE('',*,*,#1969,.F.);
#1969 = EDGE_CURVE('',#1822,#1962,#1970,.T.);
#1970 = LINE('',#1971,#1972);
#1971 = CARTESIAN_POINT('',(-1.,0.585,0.));
#1972 = VECTOR('',#1973,1.);
#1973 = DIRECTION('',(1.,0.,0.));
#1974 = PLANE('',#1975);
#1975 = AXIS2_PLACEMENT_3D('',#1976,#1977,#1978);
#1976 = CARTESIAN_POINT('',(-1.,-0.625,0.));
#1977 = DIRECTION('',(0.,0.,1.));
#1978 = DIRECTION('',(1.,0.,-0.));
#1979 = ADVANCED_FACE('',(#1980),#1998,.T.);
#1980 = FACE_BOUND('',#1981,.T.);
#1981 = EDGE_LOOP('',(#1982,#1983,#1984,#1992));
#1982 = ORIENTED_EDGE('',*,*,#1855,.F.);
#1983 = ORIENTED_EDGE('',*,*,#1944,.T.);
#1984 = ORIENTED_EDGE('',*,*,#1985,.T.);
#1985 = EDGE_CURVE('',#1936,#1986,#1988,.T.);
#1986 = VERTEX_POINT('',#1987);
#1987 = CARTESIAN_POINT('',(-0.6,0.585,1.25));
#1988 = LINE('',#1989,#1990);
#1989 = CARTESIAN_POINT('',(-0.6,-0.625,1.25));
#1990 = VECTOR('',#1991,1.);
#1991 = DIRECTION('',(0.,1.,0.));
#1992 = ORIENTED_EDGE('',*,*,#1993,.F.);
#1993 = EDGE_CURVE('',#1847,#1986,#1994,.T.);
#1994 = LINE('',#1995,#1996);
#1995 = CARTESIAN_POINT('',(-1.,0.585,1.25));
#1996 = VECTOR('',#1997,1.);
#1997 = DIRECTION('',(1.,0.,0.));
#1998 = PLANE('',#1999);
#1999 = AXIS2_PLACEMENT_3D('',#2000,#2001,#2002);
#2000 = CARTESIAN_POINT('',(-1.,-0.625,1.25));
#2001 = DIRECTION('',(0.,0.,1.));
#2002 = DIRECTION('',(1.,0.,-0.));
#2003 = ADVANCED_FACE('',(#2004),#2023,.T.);
#2004 = FACE_BOUND('',#2005,.T.);
#2005 = EDGE_LOOP('',(#2006,#2014,#2021,#2022));
#2006 = ORIENTED_EDGE('',*,*,#2007,.T.);
#2007 = EDGE_CURVE('',#1830,#2008,#2010,.T.);
#2008 = VERTEX_POINT('',#2009);
#2009 = CARTESIAN_POINT('',(-0.6,0.625,4.E-02));
#2010 = LINE('',#2011,#2012);
#2011 = CARTESIAN_POINT('',(-1.,0.625,4.E-02));
#2012 = VECTOR('',#2013,1.);
#2013 = DIRECTION('',(1.,0.,0.));
#2014 = ORIENTED_EDGE('',*,*,#2015,.T.);
#2015 = EDGE_CURVE('',#2008,#1962,#2016,.T.);
#2016 = CIRCLE('',#2017,4.E-02);
#2017 = AXIS2_PLACEMENT_3D('',#2018,#2019,#2020);
#2018 = CARTESIAN_POINT('',(-0.6,0.585,4.E-02));
#2019 = DIRECTION('',(-1.,0.,0.));
#2020 = DIRECTION('',(0.,0.,1.));
#2021 = ORIENTED_EDGE('',*,*,#1969,.F.);
#2022 = ORIENTED_EDGE('',*,*,#1829,.F.);
#2023 = CYLINDRICAL_SURFACE('',#2024,4.E-02);
#2024 = AXIS2_PLACEMENT_3D('',#2025,#2026,#2027);
#2025 = CARTESIAN_POINT('',(-1.,0.585,4.E-02));
#2026 = DIRECTION('',(1.,0.,0.));
#2027 = DIRECTION('',(-0.,1.,0.));
#2028 = ADVANCED_FACE('',(#2029),#2048,.T.);
#2029 = FACE_BOUND('',#2030,.T.);
#2030 = EDGE_LOOP('',(#2031,#2032,#2033,#2042));
#2031 = ORIENTED_EDGE('',*,*,#1846,.T.);
#2032 = ORIENTED_EDGE('',*,*,#1993,.T.);
#2033 = ORIENTED_EDGE('',*,*,#2034,.F.);
#2034 = EDGE_CURVE('',#2035,#1986,#2037,.T.);
#2035 = VERTEX_POINT('',#2036);
#2036 = CARTESIAN_POINT('',(-0.6,0.625,1.21));
#2037 = CIRCLE('',#2038,4.E-02);
#2038 = AXIS2_PLACEMENT_3D('',#2039,#2040,#2041);
#2039 = CARTESIAN_POINT('',(-0.6,0.585,1.21));
#2040 = DIRECTION('',(1.,0.,-0.));
#2041 = DIRECTION('',(0.,0.,1.));
#2042 = ORIENTED_EDGE('',*,*,#2043,.F.);
#2043 = EDGE_CURVE('',#1839,#2035,#2044,.T.);
#2044 = LINE('',#2045,#2046);
#2045 = CARTESIAN_POINT('',(-1.,0.625,1.21));
#2046 = VECTOR('',#2047,1.);
#2047 = DIRECTION('',(1.,0.,0.));
#2048 = CYLINDRICAL_SURFACE('',#2049,4.E-02);
#2049 = AXIS2_PLACEMENT_3D('',#2050,#2051,#2052);
#2050 = CARTESIAN_POINT('',(-1.,0.585,1.21));
#2051 = DIRECTION('',(1.,0.,0.));
#2052 = DIRECTION('',(-0.,1.,0.));
#2053 = ADVANCED_FACE('',(#2054),#2065,.T.);
#2054 = FACE_BOUND('',#2055,.T.);
#2055 = EDGE_LOOP('',(#2056,#2062,#2063,#2064));
#2056 = ORIENTED_EDGE('',*,*,#2057,.F.);
#2057 = EDGE_CURVE('',#2008,#2035,#2058,.T.);
#2058 = LINE('',#2059,#2060);
#2059 = CARTESIAN_POINT('',(-0.6,0.625,0.));
#2060 = VECTOR('',#2061,1.);
#2061 = DIRECTION('',(0.,0.,1.));
#2062 = ORIENTED_EDGE('',*,*,#2007,.F.);
#2063 = ORIENTED_EDGE('',*,*,#1838,.T.);
#2064 = ORIENTED_EDGE('',*,*,#2043,.T.);
#2065 = PLANE('',#2066);
#2066 = AXIS2_PLACEMENT_3D('',#2067,#2068,#2069);
#2067 = CARTESIAN_POINT('',(-1.,0.625,0.));
#2068 = DIRECTION('',(0.,1.,0.));
#2069 = DIRECTION('',(0.,-0.,1.));
#2070 = ADVANCED_FACE('',(#2071,#2081),#2151,.T.);
#2071 = FACE_BOUND('',#2072,.T.);
#2072 = EDGE_LOOP('',(#2073,#2074,#2075,#2076,#2077,#2078,#2079,#2080));
#2073 = ORIENTED_EDGE('',*,*,#1878,.F.);
#2074 = ORIENTED_EDGE('',*,*,#1918,.T.);
#2075 = ORIENTED_EDGE('',*,*,#1961,.T.);
#2076 = ORIENTED_EDGE('',*,*,#2015,.F.);
#2077 = ORIENTED_EDGE('',*,*,#2057,.T.);
#2078 = ORIENTED_EDGE('',*,*,#2034,.T.);
#2079 = ORIENTED_EDGE('',*,*,#1985,.F.);
#2080 = ORIENTED_EDGE('',*,*,#1935,.F.);
#2081 = FACE_BOUND('',#2082,.T.);
#2082 = EDGE_LOOP('',(#2083,#2094,#2102,#2111,#2119,#2128,#2136,#2145));
#2083 = ORIENTED_EDGE('',*,*,#2084,.F.);
#2084 = EDGE_CURVE('',#2085,#2087,#2089,.T.);
#2085 = VERTEX_POINT('',#2086);
#2086 = CARTESIAN_POINT('',(-0.6,-0.585,8.E-02));
#2087 = VERTEX_POINT('',#2088);
#2088 = CARTESIAN_POINT('',(-0.6,-0.545,4.E-02));
#2089 = CIRCLE('',#2090,4.E-02);
#2090 = AXIS2_PLACEMENT_3D('',#2091,#2092,#2093);
#2091 = CARTESIAN_POINT('',(-0.6,-0.545,8.E-02));
#2092 = DIRECTION('',(1.,0.,-0.));
#2093 = DIRECTION('',(0.,0.,1.));
#2094 = ORIENTED_EDGE('',*,*,#2095,.T.);
#2095 = EDGE_CURVE('',#2085,#2096,#2098,.T.);
#2096 = VERTEX_POINT('',#2097);
#2097 = CARTESIAN_POINT('',(-0.6,-0.585,1.17));
#2098 = LINE('',#2099,#2100);
#2099 = CARTESIAN_POINT('',(-0.6,-0.585,4.E-02));
#2100 = VECTOR('',#2101,1.);
#2101 = DIRECTION('',(0.,0.,1.));
#2102 = ORIENTED_EDGE('',*,*,#2103,.T.);
#2103 = EDGE_CURVE('',#2096,#2104,#2106,.T.);
#2104 = VERTEX_POINT('',#2105);
#2105 = CARTESIAN_POINT('',(-0.6,-0.545,1.21));
#2106 = CIRCLE('',#2107,4.E-02);
#2107 = AXIS2_PLACEMENT_3D('',#2108,#2109,#2110);
#2108 = CARTESIAN_POINT('',(-0.6,-0.545,1.17));
#2109 = DIRECTION('',(-1.,0.,0.));
#2110 = DIRECTION('',(0.,0.,1.));
#2111 = ORIENTED_EDGE('',*,*,#2112,.T.);
#2112 = EDGE_CURVE('',#2104,#2113,#2115,.T.);
#2113 = VERTEX_POINT('',#2114);
#2114 = CARTESIAN_POINT('',(-0.6,0.545,1.21));
#2115 = LINE('',#2116,#2117);
#2116 = CARTESIAN_POINT('',(-0.6,-0.585,1.21));
#2117 = VECTOR('',#2118,1.);
#2118 = DIRECTION('',(0.,1.,0.));
#2119 = ORIENTED_EDGE('',*,*,#2120,.F.);
#2120 = EDGE_CURVE('',#2121,#2113,#2123,.T.);
#2121 = VERTEX_POINT('',#2122);
#2122 = CARTESIAN_POINT('',(-0.6,0.585,1.17));
#2123 = CIRCLE('',#2124,4.E-02);
#2124 = AXIS2_PLACEMENT_3D('',#2125,#2126,#2127);
#2125 = CARTESIAN_POINT('',(-0.6,0.545,1.17));
#2126 = DIRECTION('',(1.,0.,-0.));
#2127 = DIRECTION('',(0.,0.,1.));
#2128 = ORIENTED_EDGE('',*,*,#2129,.F.);
#2129 = EDGE_CURVE('',#2130,#2121,#2132,.T.);
#2130 = VERTEX_POINT('',#2131);
#2131 = CARTESIAN_POINT('',(-0.6,0.585,8.E-02));
#2132 = LINE('',#2133,#2134);
#2133 = CARTESIAN_POINT('',(-0.6,0.585,4.E-02));
#2134 = VECTOR('',#2135,1.);
#2135 = DIRECTION('',(0.,0.,1.));
#2136 = ORIENTED_EDGE('',*,*,#2137,.T.);
#2137 = EDGE_CURVE('',#2130,#2138,#2140,.T.);
#2138 = VERTEX_POINT('',#2139);
#2139 = CARTESIAN_POINT('',(-0.6,0.545,4.E-02));
#2140 = CIRCLE('',#2141,4.E-02);
#2141 = AXIS2_PLACEMENT_3D('',#2142,#2143,#2144);
#2142 = CARTESIAN_POINT('',(-0.6,0.545,8.E-02));
#2143 = DIRECTION('',(-1.,0.,0.));
#2144 = DIRECTION('',(0.,0.,1.));
#2145 = ORIENTED_EDGE('',*,*,#2146,.F.);
#2146 = EDGE_CURVE('',#2087,#2138,#2147,.T.);
#2147 = LINE('',#2148,#2149);
#2148 = CARTESIAN_POINT('',(-0.6,-0.585,4.E-02));
#2149 = VECTOR('',#2150,1.);
#2150 = DIRECTION('',(0.,1.,0.));
#2151 = PLANE('',#2152);
#2152 = AXIS2_PLACEMENT_3D('',#2153,#2154,#2155);
#2153 = CARTESIAN_POINT('',(-0.6,-0.625,0.));
#2154 = DIRECTION('',(1.,0.,0.));
#2155 = DIRECTION('',(0.,0.,1.));
#2156 = ADVANCED_FACE('',(#2157),#2183,.T.);
#2157 = FACE_BOUND('',#2158,.T.);
#2158 = EDGE_LOOP('',(#2159,#2160,#2168,#2177));
#2159 = ORIENTED_EDGE('',*,*,#2084,.T.);
#2160 = ORIENTED_EDGE('',*,*,#2161,.T.);
#2161 = EDGE_CURVE('',#2087,#2162,#2164,.T.);
#2162 = VERTEX_POINT('',#2163);
#2163 = CARTESIAN_POINT('',(0.6,-0.545,4.E-02));
#2164 = LINE('',#2165,#2166);
#2165 = CARTESIAN_POINT('',(-0.6,-0.545,4.E-02));
#2166 = VECTOR('',#2167,1.);
#2167 = DIRECTION('',(1.,0.,0.));
#2168 = ORIENTED_EDGE('',*,*,#2169,.F.);
#2169 = EDGE_CURVE('',#2170,#2162,#2172,.T.);
#2170 = VERTEX_POINT('',#2171);
#2171 = CARTESIAN_POINT('',(0.6,-0.585,8.E-02));
#2172 = CIRCLE('',#2173,4.E-02);
#2173 = AXIS2_PLACEMENT_3D('',#2174,#2175,#2176);
#2174 = CARTESIAN_POINT('',(0.6,-0.545,8.E-02));
#2175 = DIRECTION('',(1.,0.,-0.));
#2176 = DIRECTION('',(0.,0.,1.));
#2177 = ORIENTED_EDGE('',*,*,#2178,.F.);
#2178 = EDGE_CURVE('',#2085,#2170,#2179,.T.);
#2179 = LINE('',#2180,#2181);
#2180 = CARTESIAN_POINT('',(-0.6,-0.585,8.E-02));
#2181 = VECTOR('',#2182,1.);
#2182 = DIRECTION('',(1.,0.,0.));
#2183 = CYLINDRICAL_SURFACE('',#2184,4.E-02);
#2184 = AXIS2_PLACEMENT_3D('',#2185,#2186,#2187);
#2185 = CARTESIAN_POINT('',(-0.6,-0.545,8.E-02));
#2186 = DIRECTION('',(1.,0.,0.));
#2187 = DIRECTION('',(0.,-1.,0.));
#2188 = ADVANCED_FACE('',(#2189),#2207,.F.);
#2189 = FACE_BOUND('',#2190,.F.);
#2190 = EDGE_LOOP('',(#2191,#2192,#2193,#2201));
#2191 = ORIENTED_EDGE('',*,*,#2146,.F.);
#2192 = ORIENTED_EDGE('',*,*,#2161,.T.);
#2193 = ORIENTED_EDGE('',*,*,#2194,.T.);
#2194 = EDGE_CURVE('',#2162,#2195,#2197,.T.);
#2195 = VERTEX_POINT('',#2196);
#2196 = CARTESIAN_POINT('',(0.6,0.545,4.E-02));
#2197 = LINE('',#2198,#2199);
#2198 = CARTESIAN_POINT('',(0.6,-0.585,4.E-02));
#2199 = VECTOR('',#2200,1.);
#2200 = DIRECTION('',(0.,1.,0.));
#2201 = ORIENTED_EDGE('',*,*,#2202,.F.);
#2202 = EDGE_CURVE('',#2138,#2195,#2203,.T.);
#2203 = LINE('',#2204,#2205);
#2204 = CARTESIAN_POINT('',(-0.6,0.545,4.E-02));
#2205 = VECTOR('',#2206,1.);
#2206 = DIRECTION('',(1.,0.,0.));
#2207 = PLANE('',#2208);
#2208 = AXIS2_PLACEMENT_3D('',#2209,#2210,#2211);
#2209 = CARTESIAN_POINT('',(-0.6,-0.585,4.E-02));
#2210 = DIRECTION('',(0.,0.,1.));
#2211 = DIRECTION('',(1.,0.,-0.));
#2212 = ADVANCED_FACE('',(#2213),#2232,.T.);
#2213 = FACE_BOUND('',#2214,.T.);
#2214 = EDGE_LOOP('',(#2215,#2223,#2230,#2231));
#2215 = ORIENTED_EDGE('',*,*,#2216,.T.);
#2216 = EDGE_CURVE('',#2130,#2217,#2219,.T.);
#2217 = VERTEX_POINT('',#2218);
#2218 = CARTESIAN_POINT('',(0.6,0.585,8.E-02));
#2219 = LINE('',#2220,#2221);
#2220 = CARTESIAN_POINT('',(-0.6,0.585,8.E-02));
#2221 = VECTOR('',#2222,1.);
#2222 = DIRECTION('',(1.,0.,0.));
#2223 = ORIENTED_EDGE('',*,*,#2224,.T.);
#2224 = EDGE_CURVE('',#2217,#2195,#2225,.T.);
#2225 = CIRCLE('',#2226,4.E-02);
#2226 = AXIS2_PLACEMENT_3D('',#2227,#2228,#2229);
#2227 = CARTESIAN_POINT('',(0.6,0.545,8.E-02));
#2228 = DIRECTION('',(-1.,0.,0.));
#2229 = DIRECTION('',(0.,0.,1.));
#2230 = ORIENTED_EDGE('',*,*,#2202,.F.);
#2231 = ORIENTED_EDGE('',*,*,#2137,.F.);
#2232 = CYLINDRICAL_SURFACE('',#2233,4.E-02);
#2233 = AXIS2_PLACEMENT_3D('',#2234,#2235,#2236);
#2234 = CARTESIAN_POINT('',(-0.6,0.545,8.E-02));
#2235 = DIRECTION('',(1.,0.,0.));
#2236 = DIRECTION('',(-0.,1.,0.));
#2237 = ADVANCED_FACE('',(#2238),#2256,.T.);
#2238 = FACE_BOUND('',#2239,.T.);
#2239 = EDGE_LOOP('',(#2240,#2248,#2249,#2250));
#2240 = ORIENTED_EDGE('',*,*,#2241,.F.);
#2241 = EDGE_CURVE('',#2217,#2242,#2244,.T.);
#2242 = VERTEX_POINT('',#2243);
#2243 = CARTESIAN_POINT('',(0.6,0.585,1.17));
#2244 = LINE('',#2245,#2246);
#2245 = CARTESIAN_POINT('',(0.6,0.585,4.E-02));
#2246 = VECTOR('',#2247,1.);
#2247 = DIRECTION('',(0.,0.,1.));
#2248 = ORIENTED_EDGE('',*,*,#2216,.F.);
#2249 = ORIENTED_EDGE('',*,*,#2129,.T.);
#2250 = ORIENTED_EDGE('',*,*,#2251,.T.);
#2251 = EDGE_CURVE('',#2121,#2242,#2252,.T.);
#2252 = LINE('',#2253,#2254);
#2253 = CARTESIAN_POINT('',(-0.6,0.585,1.17));
#2254 = VECTOR('',#2255,1.);
#2255 = DIRECTION('',(1.,0.,0.));
#2256 = PLANE('',#2257);
#2257 = AXIS2_PLACEMENT_3D('',#2258,#2259,#2260);
#2258 = CARTESIAN_POINT('',(-0.6,0.585,4.E-02));
#2259 = DIRECTION('',(0.,1.,0.));
#2260 = DIRECTION('',(0.,-0.,1.));
#2261 = ADVANCED_FACE('',(#2262),#2281,.T.);
#2262 = FACE_BOUND('',#2263,.T.);
#2263 = EDGE_LOOP('',(#2264,#2265,#2273,#2280));
#2264 = ORIENTED_EDGE('',*,*,#2120,.T.);
#2265 = ORIENTED_EDGE('',*,*,#2266,.T.);
#2266 = EDGE_CURVE('',#2113,#2267,#2269,.T.);
#2267 = VERTEX_POINT('',#2268);
#2268 = CARTESIAN_POINT('',(0.6,0.545,1.21));
#2269 = LINE('',#2270,#2271);
#2270 = CARTESIAN_POINT('',(-0.6,0.545,1.21));
#2271 = VECTOR('',#2272,1.);
#2272 = DIRECTION('',(1.,0.,0.));
#2273 = ORIENTED_EDGE('',*,*,#2274,.F.);
#2274 = EDGE_CURVE('',#2242,#2267,#2275,.T.);
#2275 = CIRCLE('',#2276,4.E-02);
#2276 = AXIS2_PLACEMENT_3D('',#2277,#2278,#2279);
#2277 = CARTESIAN_POINT('',(0.6,0.545,1.17));
#2278 = DIRECTION('',(1.,0.,-0.));
#2279 = DIRECTION('',(0.,0.,1.));
#2280 = ORIENTED_EDGE('',*,*,#2251,.F.);
#2281 = CYLINDRICAL_SURFACE('',#2282,4.E-02);
#2282 = AXIS2_PLACEMENT_3D('',#2283,#2284,#2285);
#2283 = CARTESIAN_POINT('',(-0.6,0.545,1.17));
#2284 = DIRECTION('',(1.,0.,0.));
#2285 = DIRECTION('',(-0.,1.,0.));
#2286 = ADVANCED_FACE('',(#2287),#2305,.T.);
#2287 = FACE_BOUND('',#2288,.T.);
#2288 = EDGE_LOOP('',(#2289,#2290,#2298,#2304));
#2289 = ORIENTED_EDGE('',*,*,#2112,.F.);
#2290 = ORIENTED_EDGE('',*,*,#2291,.T.);
#2291 = EDGE_CURVE('',#2104,#2292,#2294,.T.);
#2292 = VERTEX_POINT('',#2293);
#2293 = CARTESIAN_POINT('',(0.6,-0.545,1.21));
#2294 = LINE('',#2295,#2296);
#2295 = CARTESIAN_POINT('',(-0.6,-0.545,1.21));
#2296 = VECTOR('',#2297,1.);
#2297 = DIRECTION('',(1.,0.,0.));
#2298 = ORIENTED_EDGE('',*,*,#2299,.T.);
#2299 = EDGE_CURVE('',#2292,#2267,#2300,.T.);
#2300 = LINE('',#2301,#2302);
#2301 = CARTESIAN_POINT('',(0.6,-0.585,1.21));
#2302 = VECTOR('',#2303,1.);
#2303 = DIRECTION('',(0.,1.,0.));
#2304 = ORIENTED_EDGE('',*,*,#2266,.F.);
#2305 = PLANE('',#2306);
#2306 = AXIS2_PLACEMENT_3D('',#2307,#2308,#2309);
#2307 = CARTESIAN_POINT('',(-0.6,-0.585,1.21));
#2308 = DIRECTION('',(0.,0.,1.));
#2309 = DIRECTION('',(1.,0.,-0.));
#2310 = ADVANCED_FACE('',(#2311),#2330,.T.);
#2311 = FACE_BOUND('',#2312,.T.);
#2312 = EDGE_LOOP('',(#2313,#2321,#2328,#2329));
#2313 = ORIENTED_EDGE('',*,*,#2314,.T.);
#2314 = EDGE_CURVE('',#2096,#2315,#2317,.T.);
#2315 = VERTEX_POINT('',#2316);
#2316 = CARTESIAN_POINT('',(0.6,-0.585,1.17));
#2317 = LINE('',#2318,#2319);
#2318 = CARTESIAN_POINT('',(-0.6,-0.585,1.17));
#2319 = VECTOR('',#2320,1.);
#2320 = DIRECTION('',(1.,0.,0.));
#2321 = ORIENTED_EDGE('',*,*,#2322,.T.);
#2322 = EDGE_CURVE('',#2315,#2292,#2323,.T.);
#2323 = CIRCLE('',#2324,4.E-02);
#2324 = AXIS2_PLACEMENT_3D('',#2325,#2326,#2327);
#2325 = CARTESIAN_POINT('',(0.6,-0.545,1.17));
#2326 = DIRECTION('',(-1.,0.,0.));
#2327 = DIRECTION('',(0.,0.,1.));
#2328 = ORIENTED_EDGE('',*,*,#2291,.F.);
#2329 = ORIENTED_EDGE('',*,*,#2103,.F.);
#2330 = CYLINDRICAL_SURFACE('',#2331,4.E-02);
#2331 = AXIS2_PLACEMENT_3D('',#2332,#2333,#2334);
#2332 = CARTESIAN_POINT('',(-0.6,-0.545,1.17));
#2333 = DIRECTION('',(1.,0.,0.));
#2334 = DIRECTION('',(0.,-1.,0.));
#2335 = ADVANCED_FACE('',(#2336),#2347,.F.);
#2336 = FACE_BOUND('',#2337,.F.);
#2337 = EDGE_LOOP('',(#2338,#2344,#2345,#2346));
#2338 = ORIENTED_EDGE('',*,*,#2339,.F.);
#2339 = EDGE_CURVE('',#2170,#2315,#2340,.T.);
#2340 = LINE('',#2341,#2342);
#2341 = CARTESIAN_POINT('',(0.6,-0.585,4.E-02));
#2342 = VECTOR('',#2343,1.);
#2343 = DIRECTION('',(0.,0.,1.));
#2344 = ORIENTED_EDGE('',*,*,#2178,.F.);
#2345 = ORIENTED_EDGE('',*,*,#2095,.T.);
#2346 = ORIENTED_EDGE('',*,*,#2314,.T.);
#2347 = PLANE('',#2348);
#2348 = AXIS2_PLACEMENT_3D('',#2349,#2350,#2351);
#2349 = CARTESIAN_POINT('',(-0.6,-0.585,4.E-02));
#2350 = DIRECTION('',(0.,1.,0.));
#2351 = DIRECTION('',(0.,-0.,1.));
#2352 = ADVANCED_FACE('',(#2353,#2423),#2433,.F.);
#2353 = FACE_BOUND('',#2354,.F.);
#2354 = EDGE_LOOP('',(#2355,#2365,#2374,#2382,#2391,#2399,#2408,#2416));
#2355 = ORIENTED_EDGE('',*,*,#2356,.F.);
#2356 = EDGE_CURVE('',#2357,#2359,#2361,.T.);
#2357 = VERTEX_POINT('',#2358);
#2358 = CARTESIAN_POINT('',(0.6,-0.625,4.E-02));
#2359 = VERTEX_POINT('',#2360);
#2360 = CARTESIAN_POINT('',(0.6,-0.625,1.21));
#2361 = LINE('',#2362,#2363);
#2362 = CARTESIAN_POINT('',(0.6,-0.625,0.));
#2363 = VECTOR('',#2364,1.);
#2364 = DIRECTION('',(0.,0.,1.));
#2365 = ORIENTED_EDGE('',*,*,#2366,.T.);
#2366 = EDGE_CURVE('',#2357,#2367,#2369,.T.);
#2367 = VERTEX_POINT('',#2368);
#2368 = CARTESIAN_POINT('',(0.6,-0.585,0.));
#2369 = CIRCLE('',#2370,4.E-02);
#2370 = AXIS2_PLACEMENT_3D('',#2371,#2372,#2373);
#2371 = CARTESIAN_POINT('',(0.6,-0.585,4.E-02));
#2372 = DIRECTION('',(1.,0.,-0.));
#2373 = DIRECTION('',(0.,0.,1.));
#2374 = ORIENTED_EDGE('',*,*,#2375,.T.);
#2375 = EDGE_CURVE('',#2367,#2376,#2378,.T.);
#2376 = VERTEX_POINT('',#2377);
#2377 = CARTESIAN_POINT('',(0.6,0.585,0.));
#2378 = LINE('',#2379,#2380);
#2379 = CARTESIAN_POINT('',(0.6,-0.625,0.));
#2380 = VECTOR('',#2381,1.);
#2381 = DIRECTION('',(0.,1.,0.));
#2382 = ORIENTED_EDGE('',*,*,#2383,.F.);
#2383 = EDGE_CURVE('',#2384,#2376,#2386,.T.);
#2384 = VERTEX_POINT('',#2385);
#2385 = CARTESIAN_POINT('',(0.6,0.625,4.E-02));
#2386 = CIRCLE('',#2387,4.E-02);
#2387 = AXIS2_PLACEMENT_3D('',#2388,#2389,#2390);
#2388 = CARTESIAN_POINT('',(0.6,0.585,4.E-02));
#2389 = DIRECTION('',(-1.,0.,0.));
#2390 = DIRECTION('',(0.,0.,1.));
#2391 = ORIENTED_EDGE('',*,*,#2392,.T.);
#2392 = EDGE_CURVE('',#2384,#2393,#2395,.T.);
#2393 = VERTEX_POINT('',#2394);
#2394 = CARTESIAN_POINT('',(0.6,0.625,1.21));
#2395 = LINE('',#2396,#2397);
#2396 = CARTESIAN_POINT('',(0.6,0.625,0.));
#2397 = VECTOR('',#2398,1.);
#2398 = DIRECTION('',(0.,0.,1.));
#2399 = ORIENTED_EDGE('',*,*,#2400,.T.);
#2400 = EDGE_CURVE('',#2393,#2401,#2403,.T.);
#2401 = VERTEX_POINT('',#2402);
#2402 = CARTESIAN_POINT('',(0.6,0.585,1.25));
#2403 = CIRCLE('',#2404,4.E-02);
#2404 = AXIS2_PLACEMENT_3D('',#2405,#2406,#2407);
#2405 = CARTESIAN_POINT('',(0.6,0.585,1.21));
#2406 = DIRECTION('',(1.,0.,-0.));
#2407 = DIRECTION('',(0.,0.,1.));
#2408 = ORIENTED_EDGE('',*,*,#2409,.F.);
#2409 = EDGE_CURVE('',#2410,#2401,#2412,.T.);
#2410 = VERTEX_POINT('',#2411);
#2411 = CARTESIAN_POINT('',(0.6,-0.585,1.25));
#2412 = LINE('',#2413,#2414);
#2413 = CARTESIAN_POINT('',(0.6,-0.625,1.25));
#2414 = VECTOR('',#2415,1.);
#2415 = DIRECTION('',(0.,1.,0.));
#2416 = ORIENTED_EDGE('',*,*,#2417,.F.);
#2417 = EDGE_CURVE('',#2359,#2410,#2418,.T.);
#2418 = CIRCLE('',#2419,4.E-02);
#2419 = AXIS2_PLACEMENT_3D('',#2420,#2421,#2422);
#2420 = CARTESIAN_POINT('',(0.6,-0.585,1.21));
#2421 = DIRECTION('',(-1.,0.,0.));
#2422 = DIRECTION('',(0.,0.,1.));
#2423 = FACE_BOUND('',#2424,.F.);
#2424 = EDGE_LOOP('',(#2425,#2426,#2427,#2428,#2429,#2430,#2431,#2432));
#2425 = ORIENTED_EDGE('',*,*,#2169,.F.);
#2426 = ORIENTED_EDGE('',*,*,#2339,.T.);
#2427 = ORIENTED_EDGE('',*,*,#2322,.T.);
#2428 = ORIENTED_EDGE('',*,*,#2299,.T.);
#2429 = ORIENTED_EDGE('',*,*,#2274,.F.);
#2430 = ORIENTED_EDGE('',*,*,#2241,.F.);
#2431 = ORIENTED_EDGE('',*,*,#2224,.T.);
#2432 = ORIENTED_EDGE('',*,*,#2194,.F.);
#2433 = PLANE('',#2434);
#2434 = AXIS2_PLACEMENT_3D('',#2435,#2436,#2437);
#2435 = CARTESIAN_POINT('',(0.6,-0.625,0.));
#2436 = DIRECTION('',(1.,0.,0.));
#2437 = DIRECTION('',(0.,0.,1.));
#2438 = ADVANCED_FACE('',(#2439),#2464,.F.);
#2439 = FACE_BOUND('',#2440,.F.);
#2440 = EDGE_LOOP('',(#2441,#2451,#2457,#2458));
#2441 = ORIENTED_EDGE('',*,*,#2442,.F.);
#2442 = EDGE_CURVE('',#2443,#2445,#2447,.T.);
#2443 = VERTEX_POINT('',#2444);
#2444 = CARTESIAN_POINT('',(1.,-0.625,4.E-02));
#2445 = VERTEX_POINT('',#2446);
#2446 = CARTESIAN_POINT('',(1.,-0.625,1.21));
#2447 = LINE('',#2448,#2449);
#2448 = CARTESIAN_POINT('',(1.,-0.625,0.));
#2449 = VECTOR('',#2450,1.);
#2450 = DIRECTION('',(0.,0.,1.));
#2451 = ORIENTED_EDGE('',*,*,#2452,.F.);
#2452 = EDGE_CURVE('',#2357,#2443,#2453,.T.);
#2453 = LINE('',#2454,#2455);
#2454 = CARTESIAN_POINT('',(0.6,-0.625,4.E-02));
#2455 = VECTOR('',#2456,1.);
#2456 = DIRECTION('',(1.,0.,0.));
#2457 = ORIENTED_EDGE('',*,*,#2356,.T.);
#2458 = ORIENTED_EDGE('',*,*,#2459,.T.);
#2459 = EDGE_CURVE('',#2359,#2445,#2460,.T.);
#2460 = LINE('',#2461,#2462);
#2461 = CARTESIAN_POINT('',(0.6,-0.625,1.21));
#2462 = VECTOR('',#2463,1.);
#2463 = DIRECTION('',(1.,0.,0.));
#2464 = PLANE('',#2465);
#2465 = AXIS2_PLACEMENT_3D('',#2466,#2467,#2468);
#2466 = CARTESIAN_POINT('',(0.6,-0.625,0.));
#2467 = DIRECTION('',(0.,1.,0.));
#2468 = DIRECTION('',(0.,-0.,1.));
#2469 = ADVANCED_FACE('',(#2470),#2489,.T.);
#2470 = FACE_BOUND('',#2471,.T.);
#2471 = EDGE_LOOP('',(#2472,#2473,#2481,#2488));
#2472 = ORIENTED_EDGE('',*,*,#2366,.T.);
#2473 = ORIENTED_EDGE('',*,*,#2474,.T.);
#2474 = EDGE_CURVE('',#2367,#2475,#2477,.T.);
#2475 = VERTEX_POINT('',#2476);
#2476 = CARTESIAN_POINT('',(1.,-0.585,0.));
#2477 = LINE('',#2478,#2479);
#2478 = CARTESIAN_POINT('',(0.6,-0.585,0.));
#2479 = VECTOR('',#2480,1.);
#2480 = DIRECTION('',(1.,0.,0.));
#2481 = ORIENTED_EDGE('',*,*,#2482,.F.);
#2482 = EDGE_CURVE('',#2443,#2475,#2483,.T.);
#2483 = CIRCLE('',#2484,4.E-02);
#2484 = AXIS2_PLACEMENT_3D('',#2485,#2486,#2487);
#2485 = CARTESIAN_POINT('',(1.,-0.585,4.E-02));
#2486 = DIRECTION('',(1.,0.,-0.));
#2487 = DIRECTION('',(0.,0.,1.));
#2488 = ORIENTED_EDGE('',*,*,#2452,.F.);
#2489 = CYLINDRICAL_SURFACE('',#2490,4.E-02);
#2490 = AXIS2_PLACEMENT_3D('',#2491,#2492,#2493);
#2491 = CARTESIAN_POINT('',(0.6,-0.585,4.E-02));
#2492 = DIRECTION('',(1.,0.,0.));
#2493 = DIRECTION('',(0.,-1.,0.));
#2494 = ADVANCED_FACE('',(#2495),#2514,.T.);
#2495 = FACE_BOUND('',#2496,.T.);
#2496 = EDGE_LOOP('',(#2497,#2498,#2507,#2513));
#2497 = ORIENTED_EDGE('',*,*,#2459,.T.);
#2498 = ORIENTED_EDGE('',*,*,#2499,.T.);
#2499 = EDGE_CURVE('',#2445,#2500,#2502,.T.);
#2500 = VERTEX_POINT('',#2501);
#2501 = CARTESIAN_POINT('',(1.,-0.585,1.25));
#2502 = CIRCLE('',#2503,4.E-02);
#2503 = AXIS2_PLACEMENT_3D('',#2504,#2505,#2506);
#2504 = CARTESIAN_POINT('',(1.,-0.585,1.21));
#2505 = DIRECTION('',(-1.,0.,0.));
#2506 = DIRECTION('',(0.,0.,1.));
#2507 = ORIENTED_EDGE('',*,*,#2508,.F.);
#2508 = EDGE_CURVE('',#2410,#2500,#2509,.T.);
#2509 = LINE('',#2510,#2511);
#2510 = CARTESIAN_POINT('',(0.6,-0.585,1.25));
#2511 = VECTOR('',#2512,1.);
#2512 = DIRECTION('',(1.,0.,0.));
#2513 = ORIENTED_EDGE('',*,*,#2417,.F.);
#2514 = CYLINDRICAL_SURFACE('',#2515,4.E-02);
#2515 = AXIS2_PLACEMENT_3D('',#2516,#2517,#2518);
#2516 = CARTESIAN_POINT('',(0.6,-0.585,1.21));
#2517 = DIRECTION('',(1.,0.,0.));
#2518 = DIRECTION('',(0.,-1.,0.));
#2519 = ADVANCED_FACE('',(#2520),#2538,.F.);
#2520 = FACE_BOUND('',#2521,.F.);
#2521 = EDGE_LOOP('',(#2522,#2523,#2524,#2532));
#2522 = ORIENTED_EDGE('',*,*,#2375,.F.);
#2523 = ORIENTED_EDGE('',*,*,#2474,.T.);
#2524 = ORIENTED_EDGE('',*,*,#2525,.T.);
#2525 = EDGE_CURVE('',#2475,#2526,#2528,.T.);
#2526 = VERTEX_POINT('',#2527);
#2527 = CARTESIAN_POINT('',(1.,0.585,0.));
#2528 = LINE('',#2529,#2530);
#2529 = CARTESIAN_POINT('',(1.,-0.625,0.));
#2530 = VECTOR('',#2531,1.);
#2531 = DIRECTION('',(0.,1.,0.));
#2532 = ORIENTED_EDGE('',*,*,#2533,.F.);
#2533 = EDGE_CURVE('',#2376,#2526,#2534,.T.);
#2534 = LINE('',#2535,#2536);
#2535 = CARTESIAN_POINT('',(0.6,0.585,0.));
#2536 = VECTOR('',#2537,1.);
#2537 = DIRECTION('',(1.,0.,0.));
#2538 = PLANE('',#2539);
#2539 = AXIS2_PLACEMENT_3D('',#2540,#2541,#2542);
#2540 = CARTESIAN_POINT('',(0.6,-0.625,0.));
#2541 = DIRECTION('',(0.,0.,1.));
#2542 = DIRECTION('',(1.,0.,-0.));
#2543 = ADVANCED_FACE('',(#2544),#2562,.T.);
#2544 = FACE_BOUND('',#2545,.T.);
#2545 = EDGE_LOOP('',(#2546,#2547,#2548,#2556));
#2546 = ORIENTED_EDGE('',*,*,#2409,.F.);
#2547 = ORIENTED_EDGE('',*,*,#2508,.T.);
#2548 = ORIENTED_EDGE('',*,*,#2549,.T.);
#2549 = EDGE_CURVE('',#2500,#2550,#2552,.T.);
#2550 = VERTEX_POINT('',#2551);
#2551 = CARTESIAN_POINT('',(1.,0.585,1.25));
#2552 = LINE('',#2553,#2554);
#2553 = CARTESIAN_POINT('',(1.,-0.625,1.25));
#2554 = VECTOR('',#2555,1.);
#2555 = DIRECTION('',(0.,1.,0.));
#2556 = ORIENTED_EDGE('',*,*,#2557,.F.);
#2557 = EDGE_CURVE('',#2401,#2550,#2558,.T.);
#2558 = LINE('',#2559,#2560);
#2559 = CARTESIAN_POINT('',(0.6,0.585,1.25));
#2560 = VECTOR('',#2561,1.);
#2561 = DIRECTION('',(1.,0.,0.));
#2562 = PLANE('',#2563);
#2563 = AXIS2_PLACEMENT_3D('',#2564,#2565,#2566);
#2564 = CARTESIAN_POINT('',(0.6,-0.625,1.25));
#2565 = DIRECTION('',(0.,0.,1.));
#2566 = DIRECTION('',(1.,0.,-0.));
#2567 = ADVANCED_FACE('',(#2568),#2587,.T.);
#2568 = FACE_BOUND('',#2569,.T.);
#2569 = EDGE_LOOP('',(#2570,#2578,#2585,#2586));
#2570 = ORIENTED_EDGE('',*,*,#2571,.T.);
#2571 = EDGE_CURVE('',#2384,#2572,#2574,.T.);
#2572 = VERTEX_POINT('',#2573);
#2573 = CARTESIAN_POINT('',(1.,0.625,4.E-02));
#2574 = LINE('',#2575,#2576);
#2575 = CARTESIAN_POINT('',(0.6,0.625,4.E-02));
#2576 = VECTOR('',#2577,1.);
#2577 = DIRECTION('',(1.,0.,0.));
#2578 = ORIENTED_EDGE('',*,*,#2579,.T.);
#2579 = EDGE_CURVE('',#2572,#2526,#2580,.T.);
#2580 = CIRCLE('',#2581,4.E-02);
#2581 = AXIS2_PLACEMENT_3D('',#2582,#2583,#2584);
#2582 = CARTESIAN_POINT('',(1.,0.585,4.E-02));
#2583 = DIRECTION('',(-1.,0.,0.));
#2584 = DIRECTION('',(0.,0.,1.));
#2585 = ORIENTED_EDGE('',*,*,#2533,.F.);
#2586 = ORIENTED_EDGE('',*,*,#2383,.F.);
#2587 = CYLINDRICAL_SURFACE('',#2588,4.E-02);
#2588 = AXIS2_PLACEMENT_3D('',#2589,#2590,#2591);
#2589 = CARTESIAN_POINT('',(0.6,0.585,4.E-02));
#2590 = DIRECTION('',(1.,0.,0.));
#2591 = DIRECTION('',(-0.,1.,0.));
#2592 = ADVANCED_FACE('',(#2593),#2612,.T.);
#2593 = FACE_BOUND('',#2594,.T.);
#2594 = EDGE_LOOP('',(#2595,#2596,#2597,#2606));
#2595 = ORIENTED_EDGE('',*,*,#2400,.T.);
#2596 = ORIENTED_EDGE('',*,*,#2557,.T.);
#2597 = ORIENTED_EDGE('',*,*,#2598,.F.);
#2598 = EDGE_CURVE('',#2599,#2550,#2601,.T.);
#2599 = VERTEX_POINT('',#2600);
#2600 = CARTESIAN_POINT('',(1.,0.625,1.21));
#2601 = CIRCLE('',#2602,4.E-02);
#2602 = AXIS2_PLACEMENT_3D('',#2603,#2604,#2605);
#2603 = CARTESIAN_POINT('',(1.,0.585,1.21));
#2604 = DIRECTION('',(1.,0.,-0.));
#2605 = DIRECTION('',(0.,0.,1.));
#2606 = ORIENTED_EDGE('',*,*,#2607,.F.);
#2607 = EDGE_CURVE('',#2393,#2599,#2608,.T.);
#2608 = LINE('',#2609,#2610);
#2609 = CARTESIAN_POINT('',(0.6,0.625,1.21));
#2610 = VECTOR('',#2611,1.);
#2611 = DIRECTION('',(1.,0.,0.));
#2612 = CYLINDRICAL_SURFACE('',#2613,4.E-02);
#2613 = AXIS2_PLACEMENT_3D('',#2614,#2615,#2616);
#2614 = CARTESIAN_POINT('',(0.6,0.585,1.21));
#2615 = DIRECTION('',(1.,0.,0.));
#2616 = DIRECTION('',(-0.,1.,0.));
#2617 = ADVANCED_FACE('',(#2618),#2629,.T.);
#2618 = FACE_BOUND('',#2619,.T.);
#2619 = EDGE_LOOP('',(#2620,#2626,#2627,#2628));
#2620 = ORIENTED_EDGE('',*,*,#2621,.F.);
#2621 = EDGE_CURVE('',#2572,#2599,#2622,.T.);
#2622 = LINE('',#2623,#2624);
#2623 = CARTESIAN_POINT('',(1.,0.625,0.));
#2624 = VECTOR('',#2625,1.);
#2625 = DIRECTION('',(0.,0.,1.));
#2626 = ORIENTED_EDGE('',*,*,#2571,.F.);
#2627 = ORIENTED_EDGE('',*,*,#2392,.T.);
#2628 = ORIENTED_EDGE('',*,*,#2607,.T.);
#2629 = PLANE('',#2630);
#2630 = AXIS2_PLACEMENT_3D('',#2631,#2632,#2633);
#2631 = CARTESIAN_POINT('',(0.6,0.625,0.));
#2632 = DIRECTION('',(0.,1.,0.));
#2633 = DIRECTION('',(0.,-0.,1.));
#2634 = ADVANCED_FACE('',(#2635),#2645,.T.);
#2635 = FACE_BOUND('',#2636,.T.);
#2636 = EDGE_LOOP('',(#2637,#2638,#2639,#2640,#2641,#2642,#2643,#2644));
#2637 = ORIENTED_EDGE('',*,*,#2442,.F.);
#2638 = ORIENTED_EDGE('',*,*,#2482,.T.);
#2639 = ORIENTED_EDGE('',*,*,#2525,.T.);
#2640 = ORIENTED_EDGE('',*,*,#2579,.F.);
#2641 = ORIENTED_EDGE('',*,*,#2621,.T.);
#2642 = ORIENTED_EDGE('',*,*,#2598,.T.);
#2643 = ORIENTED_EDGE('',*,*,#2549,.F.);
#2644 = ORIENTED_EDGE('',*,*,#2499,.F.);
#2645 = PLANE('',#2646);
#2646 = AXIS2_PLACEMENT_3D('',#2647,#2648,#2649);
#2647 = CARTESIAN_POINT('',(1.,-0.625,0.));
#2648 = DIRECTION('',(1.,0.,0.));
#2649 = DIRECTION('',(0.,0.,1.));
#2650 = ( GEOMETRIC_REPRESENTATION_CONTEXT(3) 
GLOBAL_UNCERTAINTY_ASSIGNED_CONTEXT((#2654)) 
GLOBAL_UNIT_ASSIGNED_CONTEXT((#2651,#2652,#2653)) REPRESENTATION_CONTEXT
('Context #1','3D Context with UNIT and UNCERTAINTY') );
#2651 = ( LENGTH_UNIT() NAMED_UNIT(*) SI_UNIT(.MILLI.,.METRE.) );
#2652 = ( NAMED_UNIT(*) PLANE_ANGLE_UNIT() SI_UNIT($,.RADIAN.) );
#2653 = ( NAMED_UNIT(*) SI_UNIT($,.STERADIAN.) SOLID_ANGLE_UNIT() );
#2654 = UNCERTAINTY_MEASURE_WITH_UNIT(LENGTH_MEASURE(1.E-07),#2651,
  'distance_accuracy_value','confusion accuracy');
#2655 = CONTEXT_DEPENDENT_SHAPE_REPRESENTATION(#2656,#2658);
#2656 = ( REPRESENTATION_RELATIONSHIP('','',#1795,#10) 
REPRESENTATION_RELATIONSHIP_WITH_TRANSFORMATION(#2657) 
SHAPE_REPRESENTATION_RELATIONSHIP() );
#2657 = ITEM_DEFINED_TRANSFORMATION('','',#11,#27);
#2658 = PRODUCT_DEFINITION_SHAPE('Placement','Placement of an item',
  #2659);
#2659 = NEXT_ASSEMBLY_USAGE_OCCURRENCE('4','C5','',#5,#1790,$);
#2660 = PRODUCT_RELATED_PRODUCT_CATEGORY('part',$,(#1792));
#2661 = CONTEXT_DEPENDENT_SHAPE_REPRESENTATION(#2662,#2664);
#2662 = ( REPRESENTATION_RELATIONSHIP('','',#1795,#10) 
REPRESENTATION_RELATIONSHIP_WITH_TRANSFORMATION(#2663) 
SHAPE_REPRESENTATION_RELATIONSHIP() );
#2663 = ITEM_DEFINED_TRANSFORMATION('','',#11,#31);
#2664 = PRODUCT_DEFINITION_SHAPE('Placement','Placement of an item',
  #2665);
#2665 = NEXT_ASSEMBLY_USAGE_OCCURRENCE('5','C6','',#5,#1790,$);
#2666 = CONTEXT_DEPENDENT_SHAPE_REPRESENTATION(#2667,#2669);
#2667 = ( REPRESENTATION_RELATIONSHIP('','',#108,#10) 
REPRESENTATION_RELATIONSHIP_WITH_TRANSFORMATION(#2668) 
SHAPE_REPRESENTATION_RELATIONSHIP() );
#2668 = ITEM_DEFINED_TRANSFORMATION('','',#11,#35);
#2669 = PRODUCT_DEFINITION_SHAPE('Placement','Placement of an item',
  #2670);
#2670 = NEXT_ASSEMBLY_USAGE_OCCURRENCE('6','R8','',#5,#103,$);
#2671 = CONTEXT_DEPENDENT_SHAPE_REPRESENTATION(#2672,#2674);
#2672 = ( REPRESENTATION_RELATIONSHIP('','',#108,#10) 
REPRESENTATION_RELATIONSHIP_WITH_TRANSFORMATION(#2673) 
SHAPE_REPRESENTATION_RELATIONSHIP() );
#2673 = ITEM_DEFINED_TRANSFORMATION('','',#11,#39);
#2674 = PRODUCT_DEFINITION_SHAPE('Placement','Placement of an item',
  #2675);
#2675 = NEXT_ASSEMBLY_USAGE_OCCURRENCE('7','R6','',#5,#103,$);
#2676 = CONTEXT_DEPENDENT_SHAPE_REPRESENTATION(#2677,#2679);
#2677 = ( REPRESENTATION_RELATIONSHIP('','',#108,#10) 
REPRESENTATION_RELATIONSHIP_WITH_TRANSFORMATION(#2678) 
SHAPE_REPRESENTATION_RELATIONSHIP() );
#2678 = ITEM_DEFINED_TRANSFORMATION('','',#11,#43);
#2679 = PRODUCT_DEFINITION_SHAPE('Placement','Placement of an item',
  #2680);
#2680 = NEXT_ASSEMBLY_USAGE_OCCURRENCE('8','R10','',#5,#103,$);
#2681 = SHAPE_DEFINITION_REPRESENTATION(#2682,#2688);
#2682 = PRODUCT_DEFINITION_SHAPE('','',#2683);
#2683 = PRODUCT_DEFINITION('design','',#2684,#2687);
#2684 = PRODUCT_DEFINITION_FORMATION('','',#2685);
#2685 = PRODUCT('R_0603_1608Metric','R_0603_1608Metric','',(#2686));
#2686 = PRODUCT_CONTEXT('',#2,'mechanical');
#2687 = PRODUCT_DEFINITION_CONTEXT('part definition',#2,'design');
#2688 = ADVANCED_BREP_SHAPE_REPRESENTATION('',(#11,#2689),#3479);
#2689 = MANIFOLD_SOLID_BREP('',#2690);
#2690 = CLOSED_SHELL('',(#2691,#2731,#2814,#2839,#2864,#2931,#2948,#2965
    ,#3014,#3031,#3048,#3097,#3114,#3183,#3214,#3238,#3307,#3331,#3348,
    #3365,#3382,#3399,#3416,#3433,#3450,#3467));
#2691 = ADVANCED_FACE('',(#2692),#2726,.F.);
#2692 = FACE_BOUND('',#2693,.F.);
#2693 = EDGE_LOOP('',(#2694,#2704,#2712,#2720));
#2694 = ORIENTED_EDGE('',*,*,#2695,.F.);
#2695 = EDGE_CURVE('',#2696,#2698,#2700,.T.);
#2696 = VERTEX_POINT('',#2697);
#2697 = CARTESIAN_POINT('',(-0.8,-0.4,4.5E-02));
#2698 = VERTEX_POINT('',#2699);
#2699 = CARTESIAN_POINT('',(-0.8,-0.4,0.405));
#2700 = LINE('',#2701,#2702);
#2701 = CARTESIAN_POINT('',(-0.8,-0.4,0.));
#2702 = VECTOR('',#2703,1.);
#2703 = DIRECTION('',(0.,0.,1.));
#2704 = ORIENTED_EDGE('',*,*,#2705,.T.);
#2705 = EDGE_CURVE('',#2696,#2706,#2708,.T.);
#2706 = VERTEX_POINT('',#2707);
#2707 = CARTESIAN_POINT('',(-0.8,0.4,4.5E-02));
#2708 = LINE('',#2709,#2710);
#2709 = CARTESIAN_POINT('',(-0.8,-0.4,4.5E-02));
#2710 = VECTOR('',#2711,1.);
#2711 = DIRECTION('',(0.,1.,0.));
#2712 = ORIENTED_EDGE('',*,*,#2713,.T.);
#2713 = EDGE_CURVE('',#2706,#2714,#2716,.T.);
#2714 = VERTEX_POINT('',#2715);
#2715 = CARTESIAN_POINT('',(-0.8,0.4,0.405));
#2716 = LINE('',#2717,#2718);
#2717 = CARTESIAN_POINT('',(-0.8,0.4,0.));
#2718 = VECTOR('',#2719,1.);
#2719 = DIRECTION('',(0.,0.,1.));
#2720 = ORIENTED_EDGE('',*,*,#2721,.F.);
#2721 = EDGE_CURVE('',#2698,#2714,#2722,.T.);
#2722 = LINE('',#2723,#2724);
#2723 = CARTESIAN_POINT('',(-0.8,-0.4,0.405));
#2724 = VECTOR('',#2725,1.);
#2725 = DIRECTION('',(0.,1.,0.));
#2726 = PLANE('',#2727);
#2727 = AXIS2_PLACEMENT_3D('',#2728,#2729,#2730);
#2728 = CARTESIAN_POINT('',(-0.8,-0.4,0.));
#2729 = DIRECTION('',(1.,0.,0.));
#2730 = DIRECTION('',(0.,0.,1.));
#2731 = ADVANCED_FACE('',(#2732),#2809,.F.);
#2732 = FACE_BOUND('',#2733,.F.);
#2733 = EDGE_LOOP('',(#2734,#2744,#2751,#2752,#2761,#2769,#2778,#2786,
    #2794,#2802));
#2734 = ORIENTED_EDGE('',*,*,#2735,.F.);
#2735 = EDGE_CURVE('',#2736,#2738,#2740,.T.);
#2736 = VERTEX_POINT('',#2737);
#2737 = CARTESIAN_POINT('',(-0.755,-0.4,-2.775557561563E-17));
#2738 = VERTEX_POINT('',#2739);
#2739 = CARTESIAN_POINT('',(-0.545,-0.4,-2.775557561563E-17));
#2740 = LINE('',#2741,#2742);
#2741 = CARTESIAN_POINT('',(-0.8,-0.4,0.));
#2742 = VECTOR('',#2743,1.);
#2743 = DIRECTION('',(1.,0.,0.));
#2744 = ORIENTED_EDGE('',*,*,#2745,.F.);
#2745 = EDGE_CURVE('',#2696,#2736,#2746,.T.);
#2746 = CIRCLE('',#2747,4.5E-02);
#2747 = AXIS2_PLACEMENT_3D('',#2748,#2749,#2750);
#2748 = CARTESIAN_POINT('',(-0.755,-0.4,4.5E-02));
#2749 = DIRECTION('',(0.,-1.,0.));
#2750 = DIRECTION('',(0.,0.,1.));
#2751 = ORIENTED_EDGE('',*,*,#2695,.T.);
#2752 = ORIENTED_EDGE('',*,*,#2753,.T.);
#2753 = EDGE_CURVE('',#2698,#2754,#2756,.T.);
#2754 = VERTEX_POINT('',#2755);
#2755 = CARTESIAN_POINT('',(-0.755,-0.4,0.45));
#2756 = CIRCLE('',#2757,4.5E-02);
#2757 = AXIS2_PLACEMENT_3D('',#2758,#2759,#2760);
#2758 = CARTESIAN_POINT('',(-0.755,-0.4,0.405));
#2759 = DIRECTION('',(0.,1.,0.));
#2760 = DIRECTION('',(0.,-0.,1.));
#2761 = ORIENTED_EDGE('',*,*,#2762,.T.);
#2762 = EDGE_CURVE('',#2754,#2763,#2765,.T.);
#2763 = VERTEX_POINT('',#2764);
#2764 = CARTESIAN_POINT('',(-0.545,-0.4,0.45));
#2765 = LINE('',#2766,#2767);
#2766 = CARTESIAN_POINT('',(-0.8,-0.4,0.45));
#2767 = VECTOR('',#2768,1.);
#2768 = DIRECTION('',(1.,0.,0.));
#2769 = ORIENTED_EDGE('',*,*,#2770,.F.);
#2770 = EDGE_CURVE('',#2771,#2763,#2773,.T.);
#2771 = VERTEX_POINT('',#2772);
#2772 = CARTESIAN_POINT('',(-0.5,-0.4,0.405));
#2773 = CIRCLE('',#2774,4.5E-02);
#2774 = AXIS2_PLACEMENT_3D('',#2775,#2776,#2777);
#2775 = CARTESIAN_POINT('',(-0.545,-0.4,0.405));
#2776 = DIRECTION('',(0.,-1.,0.));
#2777 = DIRECTION('',(0.,0.,1.));
#2778 = ORIENTED_EDGE('',*,*,#2779,.F.);
#2779 = EDGE_CURVE('',#2780,#2771,#2782,.T.);
#2780 = VERTEX_POINT('',#2781);
#2781 = CARTESIAN_POINT('',(-0.755,-0.4,0.405));
#2782 = LINE('',#2783,#2784);
#2783 = CARTESIAN_POINT('',(-0.755,-0.4,0.405));
#2784 = VECTOR('',#2785,1.);
#2785 = DIRECTION('',(1.,0.,0.));
#2786 = ORIENTED_EDGE('',*,*,#2787,.F.);
#2787 = EDGE_CURVE('',#2788,#2780,#2790,.T.);
#2788 = VERTEX_POINT('',#2789);
#2789 = CARTESIAN_POINT('',(-0.755,-0.4,4.5E-02));
#2790 = LINE('',#2791,#2792);
#2791 = CARTESIAN_POINT('',(-0.755,-0.4,4.5E-02));
#2792 = VECTOR('',#2793,1.);
#2793 = DIRECTION('',(0.,0.,1.));
#2794 = ORIENTED_EDGE('',*,*,#2795,.T.);
#2795 = EDGE_CURVE('',#2788,#2796,#2798,.T.);
#2796 = VERTEX_POINT('',#2797);
#2797 = CARTESIAN_POINT('',(-0.5,-0.4,4.5E-02));
#2798 = LINE('',#2799,#2800);
#2799 = CARTESIAN_POINT('',(-0.755,-0.4,4.5E-02));
#2800 = VECTOR('',#2801,1.);
#2801 = DIRECTION('',(1.,0.,0.));
#2802 = ORIENTED_EDGE('',*,*,#2803,.T.);
#2803 = EDGE_CURVE('',#2796,#2738,#2804,.T.);
#2804 = CIRCLE('',#2805,4.5E-02);
#2805 = AXIS2_PLACEMENT_3D('',#2806,#2807,#2808);
#2806 = CARTESIAN_POINT('',(-0.545,-0.4,4.5E-02));
#2807 = DIRECTION('',(0.,1.,0.));
#2808 = DIRECTION('',(0.,-0.,1.));
#2809 = PLANE('',#2810);
#2810 = AXIS2_PLACEMENT_3D('',#2811,#2812,#2813);
#2811 = CARTESIAN_POINT('',(-0.8,-0.4,0.));
#2812 = DIRECTION('',(0.,1.,0.));
#2813 = DIRECTION('',(0.,-0.,1.));
#2814 = ADVANCED_FACE('',(#2815),#2834,.T.);
#2815 = FACE_BOUND('',#2816,.T.);
#2816 = EDGE_LOOP('',(#2817,#2818,#2827,#2833));
#2817 = ORIENTED_EDGE('',*,*,#2705,.T.);
#2818 = ORIENTED_EDGE('',*,*,#2819,.T.);
#2819 = EDGE_CURVE('',#2706,#2820,#2822,.T.);
#2820 = VERTEX_POINT('',#2821);
#2821 = CARTESIAN_POINT('',(-0.755,0.4,-2.775557561563E-17));
#2822 = CIRCLE('',#2823,4.5E-02);
#2823 = AXIS2_PLACEMENT_3D('',#2824,#2825,#2826);
#2824 = CARTESIAN_POINT('',(-0.755,0.4,4.5E-02));
#2825 = DIRECTION('',(0.,-1.,0.));
#2826 = DIRECTION('',(0.,0.,1.));
#2827 = ORIENTED_EDGE('',*,*,#2828,.F.);
#2828 = EDGE_CURVE('',#2736,#2820,#2829,.T.);
#2829 = LINE('',#2830,#2831);
#2830 = CARTESIAN_POINT('',(-0.755,-0.4,-2.775557561563E-17));
#2831 = VECTOR('',#2832,1.);
#2832 = DIRECTION('',(0.,1.,0.));
#2833 = ORIENTED_EDGE('',*,*,#2745,.F.);
#2834 = CYLINDRICAL_SURFACE('',#2835,4.5E-02);
#2835 = AXIS2_PLACEMENT_3D('',#2836,#2837,#2838);
#2836 = CARTESIAN_POINT('',(-0.755,-0.4,4.5E-02));
#2837 = DIRECTION('',(0.,1.,0.));
#2838 = DIRECTION('',(-1.,0.,0.));
#2839 = ADVANCED_FACE('',(#2840),#2859,.T.);
#2840 = FACE_BOUND('',#2841,.T.);
#2841 = EDGE_LOOP('',(#2842,#2843,#2851,#2858));
#2842 = ORIENTED_EDGE('',*,*,#2753,.T.);
#2843 = ORIENTED_EDGE('',*,*,#2844,.T.);
#2844 = EDGE_CURVE('',#2754,#2845,#2847,.T.);
#2845 = VERTEX_POINT('',#2846);
#2846 = CARTESIAN_POINT('',(-0.755,0.4,0.45));
#2847 = LINE('',#2848,#2849);
#2848 = CARTESIAN_POINT('',(-0.755,-0.4,0.45));
#2849 = VECTOR('',#2850,1.);
#2850 = DIRECTION('',(0.,1.,0.));
#2851 = ORIENTED_EDGE('',*,*,#2852,.F.);
#2852 = EDGE_CURVE('',#2714,#2845,#2853,.T.);
#2853 = CIRCLE('',#2854,4.5E-02);
#2854 = AXIS2_PLACEMENT_3D('',#2855,#2856,#2857);
#2855 = CARTESIAN_POINT('',(-0.755,0.4,0.405));
#2856 = DIRECTION('',(0.,1.,0.));
#2857 = DIRECTION('',(0.,-0.,1.));
#2858 = ORIENTED_EDGE('',*,*,#2721,.F.);
#2859 = CYLINDRICAL_SURFACE('',#2860,4.5E-02);
#2860 = AXIS2_PLACEMENT_3D('',#2861,#2862,#2863);
#2861 = CARTESIAN_POINT('',(-0.755,-0.4,0.405));
#2862 = DIRECTION('',(0.,1.,0.));
#2863 = DIRECTION('',(-1.,0.,0.));
#2864 = ADVANCED_FACE('',(#2865),#2926,.T.);
#2865 = FACE_BOUND('',#2866,.T.);
#2866 = EDGE_LOOP('',(#2867,#2875,#2876,#2877,#2878,#2886,#2895,#2903,
    #2911,#2919));
#2867 = ORIENTED_EDGE('',*,*,#2868,.F.);
#2868 = EDGE_CURVE('',#2820,#2869,#2871,.T.);
#2869 = VERTEX_POINT('',#2870);
#2870 = CARTESIAN_POINT('',(-0.545,0.4,-2.775557561563E-17));
#2871 = LINE('',#2872,#2873);
#2872 = CARTESIAN_POINT('',(-0.8,0.4,0.));
#2873 = VECTOR('',#2874,1.);
#2874 = DIRECTION('',(1.,0.,0.));
#2875 = ORIENTED_EDGE('',*,*,#2819,.F.);
#2876 = ORIENTED_EDGE('',*,*,#2713,.T.);
#2877 = ORIENTED_EDGE('',*,*,#2852,.T.);
#2878 = ORIENTED_EDGE('',*,*,#2879,.T.);
#2879 = EDGE_CURVE('',#2845,#2880,#2882,.T.);
#2880 = VERTEX_POINT('',#2881);
#2881 = CARTESIAN_POINT('',(-0.545,0.4,0.45));
#2882 = LINE('',#2883,#2884);
#2883 = CARTESIAN_POINT('',(-0.8,0.4,0.45));
#2884 = VECTOR('',#2885,1.);
#2885 = DIRECTION('',(1.,0.,0.));
#2886 = ORIENTED_EDGE('',*,*,#2887,.F.);
#2887 = EDGE_CURVE('',#2888,#2880,#2890,.T.);
#2888 = VERTEX_POINT('',#2889);
#2889 = CARTESIAN_POINT('',(-0.5,0.4,0.405));
#2890 = CIRCLE('',#2891,4.5E-02);
#2891 = AXIS2_PLACEMENT_3D('',#2892,#2893,#2894);
#2892 = CARTESIAN_POINT('',(-0.545,0.4,0.405));
#2893 = DIRECTION('',(0.,-1.,0.));
#2894 = DIRECTION('',(0.,0.,1.));
#2895 = ORIENTED_EDGE('',*,*,#2896,.F.);
#2896 = EDGE_CURVE('',#2897,#2888,#2899,.T.);
#2897 = VERTEX_POINT('',#2898);
#2898 = CARTESIAN_POINT('',(-0.755,0.4,0.405));
#2899 = LINE('',#2900,#2901);
#2900 = CARTESIAN_POINT('',(-0.755,0.4,0.405));
#2901 = VECTOR('',#2902,1.);
#2902 = DIRECTION('',(1.,0.,0.));
#2903 = ORIENTED_EDGE('',*,*,#2904,.F.);
#2904 = EDGE_CURVE('',#2905,#2897,#2907,.T.);
#2905 = VERTEX_POINT('',#2906);
#2906 = CARTESIAN_POINT('',(-0.755,0.4,4.5E-02));
#2907 = LINE('',#2908,#2909);
#2908 = CARTESIAN_POINT('',(-0.755,0.4,4.5E-02));
#2909 = VECTOR('',#2910,1.);
#2910 = DIRECTION('',(0.,0.,1.));
#2911 = ORIENTED_EDGE('',*,*,#2912,.T.);
#2912 = EDGE_CURVE('',#2905,#2913,#2915,.T.);
#2913 = VERTEX_POINT('',#2914);
#2914 = CARTESIAN_POINT('',(-0.5,0.4,4.5E-02));
#2915 = LINE('',#2916,#2917);
#2916 = CARTESIAN_POINT('',(-0.755,0.4,4.5E-02));
#2917 = VECTOR('',#2918,1.);
#2918 = DIRECTION('',(1.,0.,0.));
#2919 = ORIENTED_EDGE('',*,*,#2920,.T.);
#2920 = EDGE_CURVE('',#2913,#2869,#2921,.T.);
#2921 = CIRCLE('',#2922,4.5E-02);
#2922 = AXIS2_PLACEMENT_3D('',#2923,#2924,#2925);
#2923 = CARTESIAN_POINT('',(-0.545,0.4,4.5E-02));
#2924 = DIRECTION('',(0.,1.,0.));
#2925 = DIRECTION('',(0.,-0.,1.));
#2926 = PLANE('',#2927);
#2927 = AXIS2_PLACEMENT_3D('',#2928,#2929,#2930);
#2928 = CARTESIAN_POINT('',(-0.8,0.4,0.));
#2929 = DIRECTION('',(0.,1.,0.));
#2930 = DIRECTION('',(0.,-0.,1.));
#2931 = ADVANCED_FACE('',(#2932),#2943,.F.);
#2932 = FACE_BOUND('',#2933,.F.);
#2933 = EDGE_LOOP('',(#2934,#2935,#2936,#2937));
#2934 = ORIENTED_EDGE('',*,*,#2868,.F.);
#2935 = ORIENTED_EDGE('',*,*,#2828,.F.);
#2936 = ORIENTED_EDGE('',*,*,#2735,.T.);
#2937 = ORIENTED_EDGE('',*,*,#2938,.T.);
#2938 = EDGE_CURVE('',#2738,#2869,#2939,.T.);
#2939 = LINE('',#2940,#2941);
#2940 = CARTESIAN_POINT('',(-0.545,-0.4,-2.775557561563E-17));
#2941 = VECTOR('',#2942,1.);
#2942 = DIRECTION('',(0.,1.,0.));
#2943 = PLANE('',#2944);
#2944 = AXIS2_PLACEMENT_3D('',#2945,#2946,#2947);
#2945 = CARTESIAN_POINT('',(-0.8,-0.4,0.));
#2946 = DIRECTION('',(0.,0.,1.));
#2947 = DIRECTION('',(1.,0.,-0.));
#2948 = ADVANCED_FACE('',(#2949),#2960,.T.);
#2949 = FACE_BOUND('',#2950,.T.);
#2950 = EDGE_LOOP('',(#2951,#2952,#2953,#2954));
#2951 = ORIENTED_EDGE('',*,*,#2803,.T.);
#2952 = ORIENTED_EDGE('',*,*,#2938,.T.);
#2953 = ORIENTED_EDGE('',*,*,#2920,.F.);
#2954 = ORIENTED_EDGE('',*,*,#2955,.F.);
#2955 = EDGE_CURVE('',#2796,#2913,#2956,.T.);
#2956 = LINE('',#2957,#2958);
#2957 = CARTESIAN_POINT('',(-0.5,-0.4,4.5E-02));
#2958 = VECTOR('',#2959,1.);
#2959 = DIRECTION('',(0.,1.,0.));
#2960 = CYLINDRICAL_SURFACE('',#2961,4.5E-02);
#2961 = AXIS2_PLACEMENT_3D('',#2962,#2963,#2964);
#2962 = CARTESIAN_POINT('',(-0.545,-0.4,4.5E-02));
#2963 = DIRECTION('',(0.,1.,0.));
#2964 = DIRECTION('',(1.,0.,0.));
#2965 = ADVANCED_FACE('',(#2966),#3009,.F.);
#2966 = FACE_BOUND('',#2967,.F.);
#2967 = EDGE_LOOP('',(#2968,#2969,#2970,#2971,#2979,#2987,#2995,#3003));
#2968 = ORIENTED_EDGE('',*,*,#2795,.F.);
#2969 = ORIENTED_EDGE('',*,*,#2787,.T.);
#2970 = ORIENTED_EDGE('',*,*,#2779,.T.);
#2971 = ORIENTED_EDGE('',*,*,#2972,.T.);
#2972 = EDGE_CURVE('',#2771,#2973,#2975,.T.);
#2973 = VERTEX_POINT('',#2974);
#2974 = CARTESIAN_POINT('',(0.5,-0.4,0.405));
#2975 = LINE('',#2976,#2977);
#2976 = CARTESIAN_POINT('',(-0.5,-0.4,0.405));
#2977 = VECTOR('',#2978,1.);
#2978 = DIRECTION('',(1.,0.,0.));
#2979 = ORIENTED_EDGE('',*,*,#2980,.T.);
#2980 = EDGE_CURVE('',#2973,#2981,#2983,.T.);
#2981 = VERTEX_POINT('',#2982);
#2982 = CARTESIAN_POINT('',(0.755,-0.4,0.405));
#2983 = LINE('',#2984,#2985);
#2984 = CARTESIAN_POINT('',(-0.755,-0.4,0.405));
#2985 = VECTOR('',#2986,1.);
#2986 = DIRECTION('',(1.,0.,0.));
#2987 = ORIENTED_EDGE('',*,*,#2988,.F.);
#2988 = EDGE_CURVE('',#2989,#2981,#2991,.T.);
#2989 = VERTEX_POINT('',#2990);
#2990 = CARTESIAN_POINT('',(0.755,-0.4,4.5E-02));
#2991 = LINE('',#2992,#2993);
#2992 = CARTESIAN_POINT('',(0.755,-0.4,4.5E-02));
#2993 = VECTOR('',#2994,1.);
#2994 = DIRECTION('',(0.,0.,1.));
#2995 = ORIENTED_EDGE('',*,*,#2996,.F.);
#2996 = EDGE_CURVE('',#2997,#2989,#2999,.T.);
#2997 = VERTEX_POINT('',#2998);
#2998 = CARTESIAN_POINT('',(0.5,-0.4,4.5E-02));
#2999 = LINE('',#3000,#3001);
#3000 = CARTESIAN_POINT('',(-0.755,-0.4,4.5E-02));
#3001 = VECTOR('',#3002,1.);
#3002 = DIRECTION('',(1.,0.,0.));
#3003 = ORIENTED_EDGE('',*,*,#3004,.F.);
#3004 = EDGE_CURVE('',#2796,#2997,#3005,.T.);
#3005 = LINE('',#3006,#3007);
#3006 = CARTESIAN_POINT('',(-0.755,-0.4,4.5E-02));
#3007 = VECTOR('',#3008,1.);
#3008 = DIRECTION('',(1.,0.,0.));
#3009 = PLANE('',#3010);
#3010 = AXIS2_PLACEMENT_3D('',#3011,#3012,#3013);
#3011 = CARTESIAN_POINT('',(-0.755,-0.4,4.5E-02));
#3012 = DIRECTION('',(0.,1.,0.));
#3013 = DIRECTION('',(0.,-0.,1.));
#3014 = ADVANCED_FACE('',(#3015),#3026,.T.);
#3015 = FACE_BOUND('',#3016,.T.);
#3016 = EDGE_LOOP('',(#3017,#3018,#3019,#3020));
#3017 = ORIENTED_EDGE('',*,*,#2879,.F.);
#3018 = ORIENTED_EDGE('',*,*,#2844,.F.);
#3019 = ORIENTED_EDGE('',*,*,#2762,.T.);
#3020 = ORIENTED_EDGE('',*,*,#3021,.T.);
#3021 = EDGE_CURVE('',#2763,#2880,#3022,.T.);
#3022 = LINE('',#3023,#3024);
#3023 = CARTESIAN_POINT('',(-0.545,-0.4,0.45));
#3024 = VECTOR('',#3025,1.);
#3025 = DIRECTION('',(0.,1.,0.));
#3026 = PLANE('',#3027);
#3027 = AXIS2_PLACEMENT_3D('',#3028,#3029,#3030);
#3028 = CARTESIAN_POINT('',(-0.8,-0.4,0.45));
#3029 = DIRECTION('',(0.,0.,1.));
#3030 = DIRECTION('',(1.,0.,-0.));
#3031 = ADVANCED_FACE('',(#3032),#3043,.T.);
#3032 = FACE_BOUND('',#3033,.T.);
#3033 = EDGE_LOOP('',(#3034,#3040,#3041,#3042));
#3034 = ORIENTED_EDGE('',*,*,#3035,.T.);
#3035 = EDGE_CURVE('',#2771,#2888,#3036,.T.);
#3036 = LINE('',#3037,#3038);
#3037 = CARTESIAN_POINT('',(-0.5,-0.4,0.405));
#3038 = VECTOR('',#3039,1.);
#3039 = DIRECTION('',(0.,1.,0.));
#3040 = ORIENTED_EDGE('',*,*,#2887,.T.);
#3041 = ORIENTED_EDGE('',*,*,#3021,.F.);
#3042 = ORIENTED_EDGE('',*,*,#2770,.F.);
#3043 = CYLINDRICAL_SURFACE('',#3044,4.5E-02);
#3044 = AXIS2_PLACEMENT_3D('',#3045,#3046,#3047);
#3045 = CARTESIAN_POINT('',(-0.545,-0.4,0.405));
#3046 = DIRECTION('',(0.,1.,0.));
#3047 = DIRECTION('',(1.,0.,0.));
#3048 = ADVANCED_FACE('',(#3049),#3092,.T.);
#3049 = FACE_BOUND('',#3050,.T.);
#3050 = EDGE_LOOP('',(#3051,#3052,#3053,#3054,#3062,#3070,#3078,#3086));
#3051 = ORIENTED_EDGE('',*,*,#2912,.F.);
#3052 = ORIENTED_EDGE('',*,*,#2904,.T.);
#3053 = ORIENTED_EDGE('',*,*,#2896,.T.);
#3054 = ORIENTED_EDGE('',*,*,#3055,.T.);
#3055 = EDGE_CURVE('',#2888,#3056,#3058,.T.);
#3056 = VERTEX_POINT('',#3057);
#3057 = CARTESIAN_POINT('',(0.5,0.4,0.405));
#3058 = LINE('',#3059,#3060);
#3059 = CARTESIAN_POINT('',(-0.5,0.4,0.405));
#3060 = VECTOR('',#3061,1.);
#3061 = DIRECTION('',(1.,0.,0.));
#3062 = ORIENTED_EDGE('',*,*,#3063,.T.);
#3063 = EDGE_CURVE('',#3056,#3064,#3066,.T.);
#3064 = VERTEX_POINT('',#3065);
#3065 = CARTESIAN_POINT('',(0.755,0.4,0.405));
#3066 = LINE('',#3067,#3068);
#3067 = CARTESIAN_POINT('',(-0.755,0.4,0.405));
#3068 = VECTOR('',#3069,1.);
#3069 = DIRECTION('',(1.,0.,0.));
#3070 = ORIENTED_EDGE('',*,*,#3071,.F.);
#3071 = EDGE_CURVE('',#3072,#3064,#3074,.T.);
#3072 = VERTEX_POINT('',#3073);
#3073 = CARTESIAN_POINT('',(0.755,0.4,4.5E-02));
#3074 = LINE('',#3075,#3076);
#3075 = CARTESIAN_POINT('',(0.755,0.4,4.5E-02));
#3076 = VECTOR('',#3077,1.);
#3077 = DIRECTION('',(0.,0.,1.));
#3078 = ORIENTED_EDGE('',*,*,#3079,.F.);
#3079 = EDGE_CURVE('',#3080,#3072,#3082,.T.);
#3080 = VERTEX_POINT('',#3081);
#3081 = CARTESIAN_POINT('',(0.5,0.4,4.5E-02));
#3082 = LINE('',#3083,#3084);
#3083 = CARTESIAN_POINT('',(-0.755,0.4,4.5E-02));
#3084 = VECTOR('',#3085,1.);
#3085 = DIRECTION('',(1.,0.,0.));
#3086 = ORIENTED_EDGE('',*,*,#3087,.F.);
#3087 = EDGE_CURVE('',#2913,#3080,#3088,.T.);
#3088 = LINE('',#3089,#3090);
#3089 = CARTESIAN_POINT('',(-0.755,0.4,4.5E-02));
#3090 = VECTOR('',#3091,1.);
#3091 = DIRECTION('',(1.,0.,0.));
#3092 = PLANE('',#3093);
#3093 = AXIS2_PLACEMENT_3D('',#3094,#3095,#3096);
#3094 = CARTESIAN_POINT('',(-0.755,0.4,4.5E-02));
#3095 = DIRECTION('',(0.,1.,0.));
#3096 = DIRECTION('',(0.,-0.,1.));
#3097 = ADVANCED_FACE('',(#3098),#3109,.F.);
#3098 = FACE_BOUND('',#3099,.F.);
#3099 = EDGE_LOOP('',(#3100,#3101,#3102,#3108));
#3100 = ORIENTED_EDGE('',*,*,#2955,.F.);
#3101 = ORIENTED_EDGE('',*,*,#3004,.T.);
#3102 = ORIENTED_EDGE('',*,*,#3103,.T.);
#3103 = EDGE_CURVE('',#2997,#3080,#3104,.T.);
#3104 = LINE('',#3105,#3106);
#3105 = CARTESIAN_POINT('',(0.5,-0.4,4.5E-02));
#3106 = VECTOR('',#3107,1.);
#3107 = DIRECTION('',(0.,1.,0.));
#3108 = ORIENTED_EDGE('',*,*,#3087,.F.);
#3109 = PLANE('',#3110);
#3110 = AXIS2_PLACEMENT_3D('',#3111,#3112,#3113);
#3111 = CARTESIAN_POINT('',(-0.755,-0.4,4.5E-02));
#3112 = DIRECTION('',(0.,0.,1.));
#3113 = DIRECTION('',(1.,0.,-0.));
#3114 = ADVANCED_FACE('',(#3115),#3178,.F.);
#3115 = FACE_BOUND('',#3116,.F.);
#3116 = EDGE_LOOP('',(#3117,#3127,#3134,#3135,#3136,#3137,#3146,#3154,
    #3163,#3171));
#3117 = ORIENTED_EDGE('',*,*,#3118,.F.);
#3118 = EDGE_CURVE('',#3119,#3121,#3123,.T.);
#3119 = VERTEX_POINT('',#3120);
#3120 = CARTESIAN_POINT('',(0.545,-0.4,-2.775557561563E-17));
#3121 = VERTEX_POINT('',#3122);
#3122 = CARTESIAN_POINT('',(0.755,-0.4,-2.775557561563E-17));
#3123 = LINE('',#3124,#3125);
#3124 = CARTESIAN_POINT('',(0.5,-0.4,0.));
#3125 = VECTOR('',#3126,1.);
#3126 = DIRECTION('',(1.,0.,0.));
#3127 = ORIENTED_EDGE('',*,*,#3128,.F.);
#3128 = EDGE_CURVE('',#2997,#3119,#3129,.T.);
#3129 = CIRCLE('',#3130,4.5E-02);
#3130 = AXIS2_PLACEMENT_3D('',#3131,#3132,#3133);
#3131 = CARTESIAN_POINT('',(0.545,-0.4,4.5E-02));
#3132 = DIRECTION('',(0.,-1.,0.));
#3133 = DIRECTION('',(0.,0.,1.));
#3134 = ORIENTED_EDGE('',*,*,#2996,.T.);
#3135 = ORIENTED_EDGE('',*,*,#2988,.T.);
#3136 = ORIENTED_EDGE('',*,*,#2980,.F.);
#3137 = ORIENTED_EDGE('',*,*,#3138,.T.);
#3138 = EDGE_CURVE('',#2973,#3139,#3141,.T.);
#3139 = VERTEX_POINT('',#3140);
#3140 = CARTESIAN_POINT('',(0.545,-0.4,0.45));
#3141 = CIRCLE('',#3142,4.5E-02);
#3142 = AXIS2_PLACEMENT_3D('',#3143,#3144,#3145);
#3143 = CARTESIAN_POINT('',(0.545,-0.4,0.405));
#3144 = DIRECTION('',(0.,1.,0.));
#3145 = DIRECTION('',(0.,-0.,1.));
#3146 = ORIENTED_EDGE('',*,*,#3147,.T.);
#3147 = EDGE_CURVE('',#3139,#3148,#3150,.T.);
#3148 = VERTEX_POINT('',#3149);
#3149 = CARTESIAN_POINT('',(0.755,-0.4,0.45));
#3150 = LINE('',#3151,#3152);
#3151 = CARTESIAN_POINT('',(0.5,-0.4,0.45));
#3152 = VECTOR('',#3153,1.);
#3153 = DIRECTION('',(1.,0.,0.));
#3154 = ORIENTED_EDGE('',*,*,#3155,.F.);
#3155 = EDGE_CURVE('',#3156,#3148,#3158,.T.);
#3156 = VERTEX_POINT('',#3157);
#3157 = CARTESIAN_POINT('',(0.8,-0.4,0.405));
#3158 = CIRCLE('',#3159,4.5E-02);
#3159 = AXIS2_PLACEMENT_3D('',#3160,#3161,#3162);
#3160 = CARTESIAN_POINT('',(0.755,-0.4,0.405));
#3161 = DIRECTION('',(0.,-1.,0.));
#3162 = DIRECTION('',(0.,0.,1.));
#3163 = ORIENTED_EDGE('',*,*,#3164,.F.);
#3164 = EDGE_CURVE('',#3165,#3156,#3167,.T.);
#3165 = VERTEX_POINT('',#3166);
#3166 = CARTESIAN_POINT('',(0.8,-0.4,4.5E-02));
#3167 = LINE('',#3168,#3169);
#3168 = CARTESIAN_POINT('',(0.8,-0.4,0.));
#3169 = VECTOR('',#3170,1.);
#3170 = DIRECTION('',(0.,0.,1.));
#3171 = ORIENTED_EDGE('',*,*,#3172,.T.);
#3172 = EDGE_CURVE('',#3165,#3121,#3173,.T.);
#3173 = CIRCLE('',#3174,4.5E-02);
#3174 = AXIS2_PLACEMENT_3D('',#3175,#3176,#3177);
#3175 = CARTESIAN_POINT('',(0.755,-0.4,4.5E-02));
#3176 = DIRECTION('',(0.,1.,0.));
#3177 = DIRECTION('',(0.,-0.,1.));
#3178 = PLANE('',#3179);
#3179 = AXIS2_PLACEMENT_3D('',#3180,#3181,#3182);
#3180 = CARTESIAN_POINT('',(0.5,-0.4,0.));
#3181 = DIRECTION('',(0.,1.,0.));
#3182 = DIRECTION('',(0.,-0.,1.));
#3183 = ADVANCED_FACE('',(#3184),#3209,.F.);
#3184 = FACE_BOUND('',#3185,.F.);
#3185 = EDGE_LOOP('',(#3186,#3187,#3195,#3203));
#3186 = ORIENTED_EDGE('',*,*,#2972,.F.);
#3187 = ORIENTED_EDGE('',*,*,#3188,.T.);
#3188 = EDGE_CURVE('',#2771,#3189,#3191,.T.);
#3189 = VERTEX_POINT('',#3190);
#3190 = CARTESIAN_POINT('',(-0.5,-0.4,0.45));
#3191 = LINE('',#3192,#3193);
#3192 = CARTESIAN_POINT('',(-0.5,-0.4,0.405));
#3193 = VECTOR('',#3194,1.);
#3194 = DIRECTION('',(0.,0.,1.));
#3195 = ORIENTED_EDGE('',*,*,#3196,.T.);
#3196 = EDGE_CURVE('',#3189,#3197,#3199,.T.);
#3197 = VERTEX_POINT('',#3198);
#3198 = CARTESIAN_POINT('',(0.5,-0.4,0.45));
#3199 = LINE('',#3200,#3201);
#3200 = CARTESIAN_POINT('',(-0.5,-0.4,0.45));
#3201 = VECTOR('',#3202,1.);
#3202 = DIRECTION('',(1.,0.,0.));
#3203 = ORIENTED_EDGE('',*,*,#3204,.F.);
#3204 = EDGE_CURVE('',#2973,#3197,#3205,.T.);
#3205 = LINE('',#3206,#3207);
#3206 = CARTESIAN_POINT('',(0.5,-0.4,0.405));
#3207 = VECTOR('',#3208,1.);
#3208 = DIRECTION('',(0.,0.,1.));
#3209 = PLANE('',#3210);
#3210 = AXIS2_PLACEMENT_3D('',#3211,#3212,#3213);
#3211 = CARTESIAN_POINT('',(-0.5,-0.4,0.405));
#3212 = DIRECTION('',(0.,1.,0.));
#3213 = DIRECTION('',(0.,-0.,1.));
#3214 = ADVANCED_FACE('',(#3215),#3233,.F.);
#3215 = FACE_BOUND('',#3216,.F.);
#3216 = EDGE_LOOP('',(#3217,#3218,#3219,#3227));
#3217 = ORIENTED_EDGE('',*,*,#3188,.F.);
#3218 = ORIENTED_EDGE('',*,*,#3035,.T.);
#3219 = ORIENTED_EDGE('',*,*,#3220,.T.);
#3220 = EDGE_CURVE('',#2888,#3221,#3223,.T.);
#3221 = VERTEX_POINT('',#3222);
#3222 = CARTESIAN_POINT('',(-0.5,0.4,0.45));
#3223 = LINE('',#3224,#3225);
#3224 = CARTESIAN_POINT('',(-0.5,0.4,0.405));
#3225 = VECTOR('',#3226,1.);
#3226 = DIRECTION('',(0.,0.,1.));
#3227 = ORIENTED_EDGE('',*,*,#3228,.F.);
#3228 = EDGE_CURVE('',#3189,#3221,#3229,.T.);
#3229 = LINE('',#3230,#3231);
#3230 = CARTESIAN_POINT('',(-0.5,-0.4,0.45));
#3231 = VECTOR('',#3232,1.);
#3232 = DIRECTION('',(0.,1.,0.));
#3233 = PLANE('',#3234);
#3234 = AXIS2_PLACEMENT_3D('',#3235,#3236,#3237);
#3235 = CARTESIAN_POINT('',(-0.5,-0.4,0.405));
#3236 = DIRECTION('',(1.,0.,0.));
#3237 = DIRECTION('',(0.,0.,1.));
#3238 = ADVANCED_FACE('',(#3239),#3302,.T.);
#3239 = FACE_BOUND('',#3240,.T.);
#3240 = EDGE_LOOP('',(#3241,#3251,#3258,#3259,#3260,#3261,#3270,#3278,
    #3287,#3295));
#3241 = ORIENTED_EDGE('',*,*,#3242,.F.);
#3242 = EDGE_CURVE('',#3243,#3245,#3247,.T.);
#3243 = VERTEX_POINT('',#3244);
#3244 = CARTESIAN_POINT('',(0.545,0.4,-2.775557561563E-17));
#3245 = VERTEX_POINT('',#3246);
#3246 = CARTESIAN_POINT('',(0.755,0.4,-2.775557561563E-17));
#3247 = LINE('',#3248,#3249);
#3248 = CARTESIAN_POINT('',(0.5,0.4,0.));
#3249 = VECTOR('',#3250,1.);
#3250 = DIRECTION('',(1.,0.,0.));
#3251 = ORIENTED_EDGE('',*,*,#3252,.F.);
#3252 = EDGE_CURVE('',#3080,#3243,#3253,.T.);
#3253 = CIRCLE('',#3254,4.5E-02);
#3254 = AXIS2_PLACEMENT_3D('',#3255,#3256,#3257);
#3255 = CARTESIAN_POINT('',(0.545,0.4,4.5E-02));
#3256 = DIRECTION('',(0.,-1.,0.));
#3257 = DIRECTION('',(0.,0.,1.));
#3258 = ORIENTED_EDGE('',*,*,#3079,.T.);
#3259 = ORIENTED_EDGE('',*,*,#3071,.T.);
#3260 = ORIENTED_EDGE('',*,*,#3063,.F.);
#3261 = ORIENTED_EDGE('',*,*,#3262,.T.);
#3262 = EDGE_CURVE('',#3056,#3263,#3265,.T.);
#3263 = VERTEX_POINT('',#3264);
#3264 = CARTESIAN_POINT('',(0.545,0.4,0.45));
#3265 = CIRCLE('',#3266,4.5E-02);
#3266 = AXIS2_PLACEMENT_3D('',#3267,#3268,#3269);
#3267 = CARTESIAN_POINT('',(0.545,0.4,0.405));
#3268 = DIRECTION('',(0.,1.,0.));
#3269 = DIRECTION('',(0.,-0.,1.));
#3270 = ORIENTED_EDGE('',*,*,#3271,.T.);
#3271 = EDGE_CURVE('',#3263,#3272,#3274,.T.);
#3272 = VERTEX_POINT('',#3273);
#3273 = CARTESIAN_POINT('',(0.755,0.4,0.45));
#3274 = LINE('',#3275,#3276);
#3275 = CARTESIAN_POINT('',(0.5,0.4,0.45));
#3276 = VECTOR('',#3277,1.);
#3277 = DIRECTION('',(1.,0.,0.));
#3278 = ORIENTED_EDGE('',*,*,#3279,.F.);
#3279 = EDGE_CURVE('',#3280,#3272,#3282,.T.);
#3280 = VERTEX_POINT('',#3281);
#3281 = CARTESIAN_POINT('',(0.8,0.4,0.405));
#3282 = CIRCLE('',#3283,4.5E-02);
#3283 = AXIS2_PLACEMENT_3D('',#3284,#3285,#3286);
#3284 = CARTESIAN_POINT('',(0.755,0.4,0.405));
#3285 = DIRECTION('',(0.,-1.,0.));
#3286 = DIRECTION('',(0.,0.,1.));
#3287 = ORIENTED_EDGE('',*,*,#3288,.F.);
#3288 = EDGE_CURVE('',#3289,#3280,#3291,.T.);
#3289 = VERTEX_POINT('',#3290);
#3290 = CARTESIAN_POINT('',(0.8,0.4,4.5E-02));
#3291 = LINE('',#3292,#3293);
#3292 = CARTESIAN_POINT('',(0.8,0.4,0.));
#3293 = VECTOR('',#3294,1.);
#3294 = DIRECTION('',(0.,0.,1.));
#3295 = ORIENTED_EDGE('',*,*,#3296,.T.);
#3296 = EDGE_CURVE('',#3289,#3245,#3297,.T.);
#3297 = CIRCLE('',#3298,4.5E-02);
#3298 = AXIS2_PLACEMENT_3D('',#3299,#3300,#3301);
#3299 = CARTESIAN_POINT('',(0.755,0.4,4.5E-02));
#3300 = DIRECTION('',(0.,1.,0.));
#3301 = DIRECTION('',(0.,-0.,1.));
#3302 = PLANE('',#3303);
#3303 = AXIS2_PLACEMENT_3D('',#3304,#3305,#3306);
#3304 = CARTESIAN_POINT('',(0.5,0.4,0.));
#3305 = DIRECTION('',(0.,1.,0.));
#3306 = DIRECTION('',(0.,-0.,1.));
#3307 = ADVANCED_FACE('',(#3308),#3326,.T.);
#3308 = FACE_BOUND('',#3309,.T.);
#3309 = EDGE_LOOP('',(#3310,#3311,#3312,#3320));
#3310 = ORIENTED_EDGE('',*,*,#3055,.F.);
#3311 = ORIENTED_EDGE('',*,*,#3220,.T.);
#3312 = ORIENTED_EDGE('',*,*,#3313,.T.);
#3313 = EDGE_CURVE('',#3221,#3314,#3316,.T.);
#3314 = VERTEX_POINT('',#3315);
#3315 = CARTESIAN_POINT('',(0.5,0.4,0.45));
#3316 = LINE('',#3317,#3318);
#3317 = CARTESIAN_POINT('',(-0.5,0.4,0.45));
#3318 = VECTOR('',#3319,1.);
#3319 = DIRECTION('',(1.,0.,0.));
#3320 = ORIENTED_EDGE('',*,*,#3321,.F.);
#3321 = EDGE_CURVE('',#3056,#3314,#3322,.T.);
#3322 = LINE('',#3323,#3324);
#3323 = CARTESIAN_POINT('',(0.5,0.4,0.405));
#3324 = VECTOR('',#3325,1.);
#3325 = DIRECTION('',(0.,0.,1.));
#3326 = PLANE('',#3327);
#3327 = AXIS2_PLACEMENT_3D('',#3328,#3329,#3330);
#3328 = CARTESIAN_POINT('',(-0.5,0.4,0.405));
#3329 = DIRECTION('',(0.,1.,0.));
#3330 = DIRECTION('',(0.,-0.,1.));
#3331 = ADVANCED_FACE('',(#3332),#3343,.T.);
#3332 = FACE_BOUND('',#3333,.T.);
#3333 = EDGE_LOOP('',(#3334,#3335,#3336,#3342));
#3334 = ORIENTED_EDGE('',*,*,#3103,.T.);
#3335 = ORIENTED_EDGE('',*,*,#3252,.T.);
#3336 = ORIENTED_EDGE('',*,*,#3337,.F.);
#3337 = EDGE_CURVE('',#3119,#3243,#3338,.T.);
#3338 = LINE('',#3339,#3340);
#3339 = CARTESIAN_POINT('',(0.545,-0.4,-2.775557561563E-17));
#3340 = VECTOR('',#3341,1.);
#3341 = DIRECTION('',(0.,1.,0.));
#3342 = ORIENTED_EDGE('',*,*,#3128,.F.);
#3343 = CYLINDRICAL_SURFACE('',#3344,4.5E-02);
#3344 = AXIS2_PLACEMENT_3D('',#3345,#3346,#3347);
#3345 = CARTESIAN_POINT('',(0.545,-0.4,4.5E-02));
#3346 = DIRECTION('',(0.,1.,0.));
#3347 = DIRECTION('',(-1.,0.,0.));
#3348 = ADVANCED_FACE('',(#3349),#3360,.F.);
#3349 = FACE_BOUND('',#3350,.F.);
#3350 = EDGE_LOOP('',(#3351,#3352,#3353,#3354));
#3351 = ORIENTED_EDGE('',*,*,#3242,.F.);
#3352 = ORIENTED_EDGE('',*,*,#3337,.F.);
#3353 = ORIENTED_EDGE('',*,*,#3118,.T.);
#3354 = ORIENTED_EDGE('',*,*,#3355,.T.);
#3355 = EDGE_CURVE('',#3121,#3245,#3356,.T.);
#3356 = LINE('',#3357,#3358);
#3357 = CARTESIAN_POINT('',(0.755,-0.4,-2.775557561563E-17));
#3358 = VECTOR('',#3359,1.);
#3359 = DIRECTION('',(0.,1.,0.));
#3360 = PLANE('',#3361);
#3361 = AXIS2_PLACEMENT_3D('',#3362,#3363,#3364);
#3362 = CARTESIAN_POINT('',(0.5,-0.4,0.));
#3363 = DIRECTION('',(0.,0.,1.));
#3364 = DIRECTION('',(1.,0.,-0.));
#3365 = ADVANCED_FACE('',(#3366),#3377,.T.);
#3366 = FACE_BOUND('',#3367,.T.);
#3367 = EDGE_LOOP('',(#3368,#3369,#3370,#3371));
#3368 = ORIENTED_EDGE('',*,*,#3172,.T.);
#3369 = ORIENTED_EDGE('',*,*,#3355,.T.);
#3370 = ORIENTED_EDGE('',*,*,#3296,.F.);
#3371 = ORIENTED_EDGE('',*,*,#3372,.F.);
#3372 = EDGE_CURVE('',#3165,#3289,#3373,.T.);
#3373 = LINE('',#3374,#3375);
#3374 = CARTESIAN_POINT('',(0.8,-0.4,4.5E-02));
#3375 = VECTOR('',#3376,1.);
#3376 = DIRECTION('',(0.,1.,0.));
#3377 = CYLINDRICAL_SURFACE('',#3378,4.5E-02);
#3378 = AXIS2_PLACEMENT_3D('',#3379,#3380,#3381);
#3379 = CARTESIAN_POINT('',(0.755,-0.4,4.5E-02));
#3380 = DIRECTION('',(0.,1.,0.));
#3381 = DIRECTION('',(1.,0.,0.));
#3382 = ADVANCED_FACE('',(#3383),#3394,.T.);
#3383 = FACE_BOUND('',#3384,.T.);
#3384 = EDGE_LOOP('',(#3385,#3386,#3387,#3388));
#3385 = ORIENTED_EDGE('',*,*,#3164,.F.);
#3386 = ORIENTED_EDGE('',*,*,#3372,.T.);
#3387 = ORIENTED_EDGE('',*,*,#3288,.T.);
#3388 = ORIENTED_EDGE('',*,*,#3389,.F.);
#3389 = EDGE_CURVE('',#3156,#3280,#3390,.T.);
#3390 = LINE('',#3391,#3392);
#3391 = CARTESIAN_POINT('',(0.8,-0.4,0.405));
#3392 = VECTOR('',#3393,1.);
#3393 = DIRECTION('',(0.,1.,0.));
#3394 = PLANE('',#3395);
#3395 = AXIS2_PLACEMENT_3D('',#3396,#3397,#3398);
#3396 = CARTESIAN_POINT('',(0.8,-0.4,0.));
#3397 = DIRECTION('',(1.,0.,0.));
#3398 = DIRECTION('',(0.,0.,1.));
#3399 = ADVANCED_FACE('',(#3400),#3411,.T.);
#3400 = FACE_BOUND('',#3401,.T.);
#3401 = EDGE_LOOP('',(#3402,#3403,#3404,#3410));
#3402 = ORIENTED_EDGE('',*,*,#3389,.T.);
#3403 = ORIENTED_EDGE('',*,*,#3279,.T.);
#3404 = ORIENTED_EDGE('',*,*,#3405,.F.);
#3405 = EDGE_CURVE('',#3148,#3272,#3406,.T.);
#3406 = LINE('',#3407,#3408);
#3407 = CARTESIAN_POINT('',(0.755,-0.4,0.45));
#3408 = VECTOR('',#3409,1.);
#3409 = DIRECTION('',(0.,1.,0.));
#3410 = ORIENTED_EDGE('',*,*,#3155,.F.);
#3411 = CYLINDRICAL_SURFACE('',#3412,4.5E-02);
#3412 = AXIS2_PLACEMENT_3D('',#3413,#3414,#3415);
#3413 = CARTESIAN_POINT('',(0.755,-0.4,0.405));
#3414 = DIRECTION('',(0.,1.,0.));
#3415 = DIRECTION('',(1.,0.,0.));
#3416 = ADVANCED_FACE('',(#3417),#3428,.T.);
#3417 = FACE_BOUND('',#3418,.T.);
#3418 = EDGE_LOOP('',(#3419,#3420,#3426,#3427));
#3419 = ORIENTED_EDGE('',*,*,#3271,.F.);
#3420 = ORIENTED_EDGE('',*,*,#3421,.F.);
#3421 = EDGE_CURVE('',#3139,#3263,#3422,.T.);
#3422 = LINE('',#3423,#3424);
#3423 = CARTESIAN_POINT('',(0.545,-0.4,0.45));
#3424 = VECTOR('',#3425,1.);
#3425 = DIRECTION('',(0.,1.,0.));
#3426 = ORIENTED_EDGE('',*,*,#3147,.T.);
#3427 = ORIENTED_EDGE('',*,*,#3405,.T.);
#3428 = PLANE('',#3429);
#3429 = AXIS2_PLACEMENT_3D('',#3430,#3431,#3432);
#3430 = CARTESIAN_POINT('',(0.5,-0.4,0.45));
#3431 = DIRECTION('',(0.,0.,1.));
#3432 = DIRECTION('',(1.,0.,-0.));
#3433 = ADVANCED_FACE('',(#3434),#3445,.T.);
#3434 = FACE_BOUND('',#3435,.T.);
#3435 = EDGE_LOOP('',(#3436,#3437,#3438,#3439));
#3436 = ORIENTED_EDGE('',*,*,#3138,.T.);
#3437 = ORIENTED_EDGE('',*,*,#3421,.T.);
#3438 = ORIENTED_EDGE('',*,*,#3262,.F.);
#3439 = ORIENTED_EDGE('',*,*,#3440,.F.);
#3440 = EDGE_CURVE('',#2973,#3056,#3441,.T.);
#3441 = LINE('',#3442,#3443);
#3442 = CARTESIAN_POINT('',(0.5,-0.4,0.405));
#3443 = VECTOR('',#3444,1.);
#3444 = DIRECTION('',(0.,1.,0.));
#3445 = CYLINDRICAL_SURFACE('',#3446,4.5E-02);
#3446 = AXIS2_PLACEMENT_3D('',#3447,#3448,#3449);
#3447 = CARTESIAN_POINT('',(0.545,-0.4,0.405));
#3448 = DIRECTION('',(0.,1.,0.));
#3449 = DIRECTION('',(-1.,0.,0.));
#3450 = ADVANCED_FACE('',(#3451),#3462,.T.);
#3451 = FACE_BOUND('',#3452,.T.);
#3452 = EDGE_LOOP('',(#3453,#3454,#3455,#3456));
#3453 = ORIENTED_EDGE('',*,*,#3204,.F.);
#3454 = ORIENTED_EDGE('',*,*,#3440,.T.);
#3455 = ORIENTED_EDGE('',*,*,#3321,.T.);
#3456 = ORIENTED_EDGE('',*,*,#3457,.F.);
#3457 = EDGE_CURVE('',#3197,#3314,#3458,.T.);
#3458 = LINE('',#3459,#3460);
#3459 = CARTESIAN_POINT('',(0.5,-0.4,0.45));
#3460 = VECTOR('',#3461,1.);
#3461 = DIRECTION('',(0.,1.,0.));
#3462 = PLANE('',#3463);
#3463 = AXIS2_PLACEMENT_3D('',#3464,#3465,#3466);
#3464 = CARTESIAN_POINT('',(0.5,-0.4,0.405));
#3465 = DIRECTION('',(1.,0.,0.));
#3466 = DIRECTION('',(0.,0.,1.));
#3467 = ADVANCED_FACE('',(#3468),#3474,.T.);
#3468 = FACE_BOUND('',#3469,.T.);
#3469 = EDGE_LOOP('',(#3470,#3471,#3472,#3473));
#3470 = ORIENTED_EDGE('',*,*,#3228,.F.);
#3471 = ORIENTED_EDGE('',*,*,#3196,.T.);
#3472 = ORIENTED_EDGE('',*,*,#3457,.T.);
#3473 = ORIENTED_EDGE('',*,*,#3313,.F.);
#3474 = PLANE('',#3475);
#3475 = AXIS2_PLACEMENT_3D('',#3476,#3477,#3478);
#3476 = CARTESIAN_POINT('',(-0.5,-0.4,0.45));
#3477 = DIRECTION('',(0.,0.,1.));
#3478 = DIRECTION('',(1.,0.,-0.));
#3479 = ( GEOMETRIC_REPRESENTATION_CONTEXT(3) 
GLOBAL_UNCERTAINTY_ASSIGNED_CONTEXT((#3483)) 
GLOBAL_UNIT_ASSIGNED_CONTEXT((#3480,#3481,#3482)) REPRESENTATION_CONTEXT
('Context #1','3D Context with UNIT and UNCERTAINTY') );
#3480 = ( LENGTH_UNIT() NAMED_UNIT(*) SI_UNIT(.MILLI.,.METRE.) );
#3481 = ( NAMED_UNIT(*) PLANE_ANGLE_UNIT() SI_UNIT($,.RADIAN.) );
#3482 = ( NAMED_UNIT(*) SI_UNIT($,.STERADIAN.) SOLID_ANGLE_UNIT() );
#3483 = UNCERTAINTY_MEASURE_WITH_UNIT(LENGTH_MEASURE(1.E-07),#3480,
  'distance_accuracy_value','confusion accuracy');
#3484 = CONTEXT_DEPENDENT_SHAPE_REPRESENTATION(#3485,#3487);
#3485 = ( REPRESENTATION_RELATIONSHIP('','',#2688,#10) 
REPRESENTATION_RELATIONSHIP_WITH_TRANSFORMATION(#3486) 
SHAPE_REPRESENTATION_RELATIONSHIP() );
#3486 = ITEM_DEFINED_TRANSFORMATION('','',#11,#47);
#3487 = PRODUCT_DEFINITION_SHAPE('Placement','Placement of an item',
  #3488);
#3488 = NEXT_ASSEMBLY_USAGE_OCCURRENCE('9','R11','',#5,#2683,$);
#3489 = PRODUCT_RELATED_PRODUCT_CATEGORY('part',$,(#2685));
#3490 = CONTEXT_DEPENDENT_SHAPE_REPRESENTATION(#3491,#3493);
#3491 = ( REPRESENTATION_RELATIONSHIP('','',#108,#10) 
REPRESENTATION_RELATIONSHIP_WITH_TRANSFORMATION(#3492) 
SHAPE_REPRESENTATION_RELATIONSHIP() );
#3492 = ITEM_DEFINED_TRANSFORMATION('','',#11,#51);
#3493 = PRODUCT_DEFINITION_SHAPE('Placement','Placement of an item',
  #3494);
#3494 = NEXT_ASSEMBLY_USAGE_OCCURRENCE('10','R9','',#5,#103,$);
#3495 = CONTEXT_DEPENDENT_SHAPE_REPRESENTATION(#3496,#3498);
#3496 = ( REPRESENTATION_RELATIONSHIP('','',#108,#10) 
REPRESENTATION_RELATIONSHIP_WITH_TRANSFORMATION(#3497) 
SHAPE_REPRESENTATION_RELATIONSHIP() );
#3497 = ITEM_DEFINED_TRANSFORMATION('','',#11,#55);
#3498 = PRODUCT_DEFINITION_SHAPE('Placement','Placement of an item',
  #3499);
#3499 = NEXT_ASSEMBLY_USAGE_OCCURRENCE('11','R13','',#5,#103,$);
#3500 = CONTEXT_DEPENDENT_SHAPE_REPRESENTATION(#3501,#3503);
#3501 = ( REPRESENTATION_RELATIONSHIP('','',#108,#10) 
REPRESENTATION_RELATIONSHIP_WITH_TRANSFORMATION(#3502) 
SHAPE_REPRESENTATION_RELATIONSHIP() );
#3502 = ITEM_DEFINED_TRANSFORMATION('','',#11,#59);
#3503 = PRODUCT_DEFINITION_SHAPE('Placement','Placement of an item',
  #3504);
#3504 = NEXT_ASSEMBLY_USAGE_OCCURRENCE('12','R12','',#5,#103,$);
#3505 = CONTEXT_DEPENDENT_SHAPE_REPRESENTATION(#3506,#3508);
#3506 = ( REPRESENTATION_RELATIONSHIP('','',#2688,#10) 
REPRESENTATION_RELATIONSHIP_WITH_TRANSFORMATION(#3507) 
SHAPE_REPRESENTATION_RELATIONSHIP() );
#3507 = ITEM_DEFINED_TRANSFORMATION('','',#11,#63);
#3508 = PRODUCT_DEFINITION_SHAPE('Placement','Placement of an item',
  #3509);
#3509 = NEXT_ASSEMBLY_USAGE_OCCURRENCE('13','R14','',#5,#2683,$);
#3510 = CONTEXT_DEPENDENT_SHAPE_REPRESENTATION(#3511,#3513);
#3511 = ( REPRESENTATION_RELATIONSHIP('','',#108,#10) 
REPRESENTATION_RELATIONSHIP_WITH_TRANSFORMATION(#3512) 
SHAPE_REPRESENTATION_RELATIONSHIP() );
#3512 = ITEM_DEFINED_TRANSFORMATION('','',#11,#67);
#3513 = PRODUCT_DEFINITION_SHAPE('Placement','Placement of an item',
  #3514);
#3514 = NEXT_ASSEMBLY_USAGE_OCCURRENCE('14','R2','',#5,#103,$);
#3515 = CONTEXT_DEPENDENT_SHAPE_REPRESENTATION(#3516,#3518);
#3516 = ( REPRESENTATION_RELATIONSHIP('','',#108,#10) 
REPRESENTATION_RELATIONSHIP_WITH_TRANSFORMATION(#3517) 
SHAPE_REPRESENTATION_RELATIONSHIP() );
#3517 = ITEM_DEFINED_TRANSFORMATION('','',#11,#71);
#3518 = PRODUCT_DEFINITION_SHAPE('Placement','Placement of an item',
  #3519);
#3519 = NEXT_ASSEMBLY_USAGE_OCCURRENCE('15','R7','',#5,#103,$);
#3520 = CONTEXT_DEPENDENT_SHAPE_REPRESENTATION(#3521,#3523);
#3521 = ( REPRESENTATION_RELATIONSHIP('','',#108,#10) 
REPRESENTATION_RELATIONSHIP_WITH_TRANSFORMATION(#3522) 
SHAPE_REPRESENTATION_RELATIONSHIP() );
#3522 = ITEM_DEFINED_TRANSFORMATION('','',#11,#75);
#3523 = PRODUCT_DEFINITION_SHAPE('Placement','Placement of an item',
  #3524);
#3524 = NEXT_ASSEMBLY_USAGE_OCCURRENCE('16','R5','',#5,#103,$);
#3525 = CONTEXT_DEPENDENT_SHAPE_REPRESENTATION(#3526,#3528);
#3526 = ( REPRESENTATION_RELATIONSHIP('','',#108,#10) 
REPRESENTATION_RELATIONSHIP_WITH_TRANSFORMATION(#3527) 
SHAPE_REPRESENTATION_RELATIONSHIP() );
#3527 = ITEM_DEFINED_TRANSFORMATION('','',#11,#79);
#3528 = PRODUCT_DEFINITION_SHAPE('Placement','Placement of an item',
  #3529);
#3529 = NEXT_ASSEMBLY_USAGE_OCCURRENCE('17','R3','',#5,#103,$);
#3530 = CONTEXT_DEPENDENT_SHAPE_REPRESENTATION(#3531,#3533);
#3531 = ( REPRESENTATION_RELATIONSHIP('','',#1795,#10) 
REPRESENTATION_RELATIONSHIP_WITH_TRANSFORMATION(#3532) 
SHAPE_REPRESENTATION_RELATIONSHIP() );
#3532 = ITEM_DEFINED_TRANSFORMATION('','',#11,#83);
#3533 = PRODUCT_DEFINITION_SHAPE('Placement','Placement of an item',
  #3534);
#3534 = NEXT_ASSEMBLY_USAGE_OCCURRENCE('18','C4','',#5,#1790,$);
#3535 = CONTEXT_DEPENDENT_SHAPE_REPRESENTATION(#3536,#3538);
#3536 = ( REPRESENTATION_RELATIONSHIP('','',#917,#10) 
REPRESENTATION_RELATIONSHIP_WITH_TRANSFORMATION(#3537) 
SHAPE_REPRESENTATION_RELATIONSHIP() );
#3537 = ITEM_DEFINED_TRANSFORMATION('','',#11,#87);
#3538 = PRODUCT_DEFINITION_SHAPE('Placement','Placement of an item',
  #3539);
#3539 = NEXT_ASSEMBLY_USAGE_OCCURRENCE('19','C3','',#5,#912,$);
#3540 = SHAPE_DEFINITION_REPRESENTATION(#3541,#3547);
#3541 = PRODUCT_DEFINITION_SHAPE('','',#3542);
#3542 = PRODUCT_DEFINITION('design','',#3543,#3546);
#3543 = PRODUCT_DEFINITION_FORMATION('','',#3544);
#3544 = PRODUCT('load_switch_PCB','load_switch_PCB','',(#3545));
#3545 = PRODUCT_CONTEXT('',#2,'mechanical');
#3546 = PRODUCT_DEFINITION_CONTEXT('part definition',#2,'design');
#3547 = ADVANCED_BREP_SHAPE_REPRESENTATION('',(#11,#3548),#6958);
#3548 = MANIFOLD_SOLID_BREP('',#3549);
#3549 = CLOSED_SHELL('',(#3550,#3592,#3623,#3654,#4586,#5518,#5535,#5552
    ,#5569,#5586,#5598,#5615,#5632,#5649,#5666,#5683,#5700,#5717,#5734,
    #5751,#5768,#5785,#5802,#5819,#5836,#5853,#5870,#5887,#5904,#5921,
    #5938,#5955,#5972,#5989,#6006,#6023,#6040,#6057,#6074,#6091,#6108,
    #6125,#6142,#6159,#6176,#6193,#6210,#6227,#6244,#6261,#6278,#6295,
    #6312,#6329,#6346,#6363,#6380,#6397,#6414,#6431,#6448,#6465,#6482,
    #6499,#6516,#6533,#6550,#6567,#6584,#6601,#6618,#6635,#6652,#6669,
    #6686,#6703,#6720,#6737,#6754,#6771,#6788,#6805,#6822,#6839,#6856,
    #6873,#6890,#6907,#6924,#6941));
#3550 = ADVANCED_FACE('',(#3551),#3587,.T.);
#3551 = FACE_BOUND('',#3552,.T.);
#3552 = EDGE_LOOP('',(#3553,#3563,#3572,#3580));
#3553 = ORIENTED_EDGE('',*,*,#3554,.T.);
#3554 = EDGE_CURVE('',#3555,#3557,#3559,.T.);
#3555 = VERTEX_POINT('',#3556);
#3556 = CARTESIAN_POINT('',(190.,-50.,0.));
#3557 = VERTEX_POINT('',#3558);
#3558 = CARTESIAN_POINT('',(190.,-50.,1.51));
#3559 = LINE('',#3560,#3561);
#3560 = CARTESIAN_POINT('',(190.,-50.,0.));
#3561 = VECTOR('',#3562,1.);
#3562 = DIRECTION('',(0.,0.,1.));
#3563 = ORIENTED_EDGE('',*,*,#3564,.T.);
#3564 = EDGE_CURVE('',#3557,#3565,#3567,.T.);
#3565 = VERTEX_POINT('',#3566);
#3566 = CARTESIAN_POINT('',(200.,-60.,1.51));
#3567 = CIRCLE('',#3568,9.999999357669);
#3568 = AXIS2_PLACEMENT_3D('',#3569,#3570,#3571);
#3569 = CARTESIAN_POINT('',(190.00000064233,-59.99999935766,1.51));
#3570 = DIRECTION('',(0.,0.,-1.));
#3571 = DIRECTION('',(-6.423314133505E-08,1.,0.));
#3572 = ORIENTED_EDGE('',*,*,#3573,.F.);
#3573 = EDGE_CURVE('',#3574,#3565,#3576,.T.);
#3574 = VERTEX_POINT('',#3575);
#3575 = CARTESIAN_POINT('',(200.,-60.,0.));
#3576 = LINE('',#3577,#3578);
#3577 = CARTESIAN_POINT('',(200.,-60.,0.));
#3578 = VECTOR('',#3579,1.);
#3579 = DIRECTION('',(0.,0.,1.));
#3580 = ORIENTED_EDGE('',*,*,#3581,.F.);
#3581 = EDGE_CURVE('',#3555,#3574,#3582,.T.);
#3582 = CIRCLE('',#3583,9.999999357669);
#3583 = AXIS2_PLACEMENT_3D('',#3584,#3585,#3586);
#3584 = CARTESIAN_POINT('',(190.00000064233,-59.99999935766,0.));
#3585 = DIRECTION('',(0.,0.,-1.));
#3586 = DIRECTION('',(-6.423314133505E-08,1.,0.));
#3587 = CYLINDRICAL_SURFACE('',#3588,9.999999357669);
#3588 = AXIS2_PLACEMENT_3D('',#3589,#3590,#3591);
#3589 = CARTESIAN_POINT('',(190.00000064233,-59.99999935766,0.));
#3590 = DIRECTION('',(0.,0.,-1.));
#3591 = DIRECTION('',(-6.423314133505E-08,1.,0.));
#3592 = ADVANCED_FACE('',(#3593),#3618,.T.);
#3593 = FACE_BOUND('',#3594,.T.);
#3594 = EDGE_LOOP('',(#3595,#3605,#3611,#3612));
#3595 = ORIENTED_EDGE('',*,*,#3596,.T.);
#3596 = EDGE_CURVE('',#3597,#3599,#3601,.T.);
#3597 = VERTEX_POINT('',#3598);
#3598 = CARTESIAN_POINT('',(110.,-50.,0.));
#3599 = VERTEX_POINT('',#3600);
#3600 = CARTESIAN_POINT('',(110.,-50.,1.51));
#3601 = LINE('',#3602,#3603);
#3602 = CARTESIAN_POINT('',(110.,-50.,0.));
#3603 = VECTOR('',#3604,1.);
#3604 = DIRECTION('',(0.,0.,1.));
#3605 = ORIENTED_EDGE('',*,*,#3606,.T.);
#3606 = EDGE_CURVE('',#3599,#3557,#3607,.T.);
#3607 = LINE('',#3608,#3609);
#3608 = CARTESIAN_POINT('',(110.,-50.,1.51));
#3609 = VECTOR('',#3610,1.);
#3610 = DIRECTION('',(1.,0.,0.));
#3611 = ORIENTED_EDGE('',*,*,#3554,.F.);
#3612 = ORIENTED_EDGE('',*,*,#3613,.F.);
#3613 = EDGE_CURVE('',#3597,#3555,#3614,.T.);
#3614 = LINE('',#3615,#3616);
#3615 = CARTESIAN_POINT('',(110.,-50.,0.));
#3616 = VECTOR('',#3617,1.);
#3617 = DIRECTION('',(1.,0.,0.));
#3618 = PLANE('',#3619);
#3619 = AXIS2_PLACEMENT_3D('',#3620,#3621,#3622);
#3620 = CARTESIAN_POINT('',(110.,-50.,0.));
#3621 = DIRECTION('',(0.,1.,0.));
#3622 = DIRECTION('',(1.,0.,0.));
#3623 = ADVANCED_FACE('',(#3624),#3649,.T.);
#3624 = FACE_BOUND('',#3625,.T.);
#3625 = EDGE_LOOP('',(#3626,#3627,#3635,#3643));
#3626 = ORIENTED_EDGE('',*,*,#3573,.T.);
#3627 = ORIENTED_EDGE('',*,*,#3628,.T.);
#3628 = EDGE_CURVE('',#3565,#3629,#3631,.T.);
#3629 = VERTEX_POINT('',#3630);
#3630 = CARTESIAN_POINT('',(200.,-140.,1.51));
#3631 = LINE('',#3632,#3633);
#3632 = CARTESIAN_POINT('',(200.,-60.,1.51));
#3633 = VECTOR('',#3634,1.);
#3634 = DIRECTION('',(0.,-1.,0.));
#3635 = ORIENTED_EDGE('',*,*,#3636,.F.);
#3636 = EDGE_CURVE('',#3637,#3629,#3639,.T.);
#3637 = VERTEX_POINT('',#3638);
#3638 = CARTESIAN_POINT('',(200.,-140.,0.));
#3639 = LINE('',#3640,#3641);
#3640 = CARTESIAN_POINT('',(200.,-140.,0.));
#3641 = VECTOR('',#3642,1.);
#3642 = DIRECTION('',(0.,0.,1.));
#3643 = ORIENTED_EDGE('',*,*,#3644,.F.);
#3644 = EDGE_CURVE('',#3574,#3637,#3645,.T.);
#3645 = LINE('',#3646,#3647);
#3646 = CARTESIAN_POINT('',(200.,-60.,0.));
#3647 = VECTOR('',#3648,1.);
#3648 = DIRECTION('',(0.,-1.,0.));
#3649 = PLANE('',#3650);
#3650 = AXIS2_PLACEMENT_3D('',#3651,#3652,#3653);
#3651 = CARTESIAN_POINT('',(200.,-60.,0.));
#3652 = DIRECTION('',(1.,0.,-0.));
#3653 = DIRECTION('',(0.,-1.,0.));
#3654 = ADVANCED_FACE('',(#3655,#3701,#3712,#3723,#3734,#3745,#3756,
    #3767,#3778,#3789,#3800,#3811,#3822,#3833,#3844,#3855,#3866,#3877,
    #3888,#3899,#3910,#3921,#3932,#3943,#3954,#3965,#3976,#3987,#3998,
    #4009,#4020,#4031,#4042,#4053,#4064,#4075,#4086,#4097,#4108,#4119,
    #4130,#4141,#4152,#4163,#4174,#4185,#4196,#4207,#4218,#4229,#4240,
    #4251,#4262,#4273,#4284,#4295,#4306,#4317,#4328,#4339,#4350,#4361,
    #4372,#4383,#4394,#4405,#4416,#4427,#4438,#4449,#4460,#4471,#4482,
    #4493,#4504,#4515,#4526,#4537,#4548,#4559,#4570),#4581,.F.);
#3655 = FACE_BOUND('',#3656,.F.);
#3656 = EDGE_LOOP('',(#3657,#3658,#3659,#3668,#3676,#3685,#3693,#3700));
#3657 = ORIENTED_EDGE('',*,*,#3581,.F.);
#3658 = ORIENTED_EDGE('',*,*,#3613,.F.);
#3659 = ORIENTED_EDGE('',*,*,#3660,.F.);
#3660 = EDGE_CURVE('',#3661,#3597,#3663,.T.);
#3661 = VERTEX_POINT('',#3662);
#3662 = CARTESIAN_POINT('',(100.,-60.,0.));
#3663 = CIRCLE('',#3664,9.999999357669);
#3664 = AXIS2_PLACEMENT_3D('',#3665,#3666,#3667);
#3665 = CARTESIAN_POINT('',(109.99999935766,-59.99999935766,0.));
#3666 = DIRECTION('',(0.,0.,-1.));
#3667 = DIRECTION('',(-1.,-6.423314275614E-08,-0.));
#3668 = ORIENTED_EDGE('',*,*,#3669,.F.);
#3669 = EDGE_CURVE('',#3670,#3661,#3672,.T.);
#3670 = VERTEX_POINT('',#3671);
#3671 = CARTESIAN_POINT('',(100.,-140.,0.));
#3672 = LINE('',#3673,#3674);
#3673 = CARTESIAN_POINT('',(100.,-140.,0.));
#3674 = VECTOR('',#3675,1.);
#3675 = DIRECTION('',(0.,1.,0.));
#3676 = ORIENTED_EDGE('',*,*,#3677,.F.);
#3677 = EDGE_CURVE('',#3678,#3670,#3680,.T.);
#3678 = VERTEX_POINT('',#3679);
#3679 = CARTESIAN_POINT('',(110.,-150.,0.));
#3680 = CIRCLE('',#3681,9.999999357669);
#3681 = AXIS2_PLACEMENT_3D('',#3682,#3683,#3684);
#3682 = CARTESIAN_POINT('',(109.99999935766,-140.0000006423,0.));
#3683 = DIRECTION('',(0.,0.,-1.));
#3684 = DIRECTION('',(6.423314275614E-08,-1.,0.));
#3685 = ORIENTED_EDGE('',*,*,#3686,.F.);
#3686 = EDGE_CURVE('',#3687,#3678,#3689,.T.);
#3687 = VERTEX_POINT('',#3688);
#3688 = CARTESIAN_POINT('',(190.,-150.,0.));
#3689 = LINE('',#3690,#3691);
#3690 = CARTESIAN_POINT('',(190.,-150.,0.));
#3691 = VECTOR('',#3692,1.);
#3692 = DIRECTION('',(-1.,0.,0.));
#3693 = ORIENTED_EDGE('',*,*,#3694,.F.);
#3694 = EDGE_CURVE('',#3637,#3687,#3695,.T.);
#3695 = CIRCLE('',#3696,9.999999357669);
#3696 = AXIS2_PLACEMENT_3D('',#3697,#3698,#3699);
#3697 = CARTESIAN_POINT('',(190.00000064233,-140.0000006423,0.));
#3698 = DIRECTION('',(0.,0.,-1.));
#3699 = DIRECTION('',(1.,6.423314133505E-08,0.));
#3700 = ORIENTED_EDGE('',*,*,#3644,.F.);
#3701 = FACE_BOUND('',#3702,.F.);
#3702 = EDGE_LOOP('',(#3703));
#3703 = ORIENTED_EDGE('',*,*,#3704,.T.);
#3704 = EDGE_CURVE('',#3705,#3705,#3707,.T.);
#3705 = VERTEX_POINT('',#3706);
#3706 = CARTESIAN_POINT('',(116.6,-145.005,0.));
#3707 = CIRCLE('',#3708,0.425);
#3708 = AXIS2_PLACEMENT_3D('',#3709,#3710,#3711);
#3709 = CARTESIAN_POINT('',(116.6,-144.58,0.));
#3710 = DIRECTION('',(-0.,0.,-1.));
#3711 = DIRECTION('',(-0.,-1.,0.));
#3712 = FACE_BOUND('',#3713,.F.);
#3713 = EDGE_LOOP('',(#3714));
#3714 = ORIENTED_EDGE('',*,*,#3715,.T.);
#3715 = EDGE_CURVE('',#3716,#3716,#3718,.T.);
#3716 = VERTEX_POINT('',#3717);
#3717 = CARTESIAN_POINT('',(110.,-141.6,0.));
#3718 = CIRCLE('',#3719,1.6);
#3719 = AXIS2_PLACEMENT_3D('',#3720,#3721,#3722);
#3720 = CARTESIAN_POINT('',(110.,-140.,0.));
#3721 = DIRECTION('',(-0.,0.,-1.));
#3722 = DIRECTION('',(-0.,-1.,0.));
#3723 = FACE_BOUND('',#3724,.F.);
#3724 = EDGE_LOOP('',(#3725));
#3725 = ORIENTED_EDGE('',*,*,#3726,.T.);
#3726 = EDGE_CURVE('',#3727,#3727,#3729,.T.);
#3727 = VERTEX_POINT('',#3728);
#3728 = CARTESIAN_POINT('',(120.8,-145.005,0.));
#3729 = CIRCLE('',#3730,0.425);
#3730 = AXIS2_PLACEMENT_3D('',#3731,#3732,#3733);
#3731 = CARTESIAN_POINT('',(120.8,-144.58,0.));
#3732 = DIRECTION('',(-0.,0.,-1.));
#3733 = DIRECTION('',(-0.,-1.,0.));
#3734 = FACE_BOUND('',#3735,.F.);
#3735 = EDGE_LOOP('',(#3736));
#3736 = ORIENTED_EDGE('',*,*,#3737,.T.);
#3737 = EDGE_CURVE('',#3738,#3738,#3740,.T.);
#3738 = VERTEX_POINT('',#3739);
#3739 = CARTESIAN_POINT('',(125.,-145.005,0.));
#3740 = CIRCLE('',#3741,0.425);
#3741 = AXIS2_PLACEMENT_3D('',#3742,#3743,#3744);
#3742 = CARTESIAN_POINT('',(125.,-144.58,0.));
#3743 = DIRECTION('',(-0.,0.,-1.));
#3744 = DIRECTION('',(-0.,-1.,0.));
#3745 = FACE_BOUND('',#3746,.F.);
#3746 = EDGE_LOOP('',(#3747));
#3747 = ORIENTED_EDGE('',*,*,#3748,.T.);
#3748 = EDGE_CURVE('',#3749,#3749,#3751,.T.);
#3749 = VERTEX_POINT('',#3750);
#3750 = CARTESIAN_POINT('',(129.2,-145.005,0.));
#3751 = CIRCLE('',#3752,0.425);
#3752 = AXIS2_PLACEMENT_3D('',#3753,#3754,#3755);
#3753 = CARTESIAN_POINT('',(129.2,-144.58,0.));
#3754 = DIRECTION('',(-0.,0.,-1.));
#3755 = DIRECTION('',(-0.,-1.,0.));
#3756 = FACE_BOUND('',#3757,.F.);
#3757 = EDGE_LOOP('',(#3758));
#3758 = ORIENTED_EDGE('',*,*,#3759,.T.);
#3759 = EDGE_CURVE('',#3760,#3760,#3762,.T.);
#3760 = VERTEX_POINT('',#3761);
#3761 = CARTESIAN_POINT('',(136.487087,-148.478901,0.));
#3762 = CIRCLE('',#3763,0.4);
#3763 = AXIS2_PLACEMENT_3D('',#3764,#3765,#3766);
#3764 = CARTESIAN_POINT('',(136.487087,-148.078901,0.));
#3765 = DIRECTION('',(-0.,0.,-1.));
#3766 = DIRECTION('',(-0.,-1.,0.));
#3767 = FACE_BOUND('',#3768,.F.);
#3768 = EDGE_LOOP('',(#3769));
#3769 = ORIENTED_EDGE('',*,*,#3770,.T.);
#3770 = EDGE_CURVE('',#3771,#3771,#3773,.T.);
#3771 = VERTEX_POINT('',#3772);
#3772 = CARTESIAN_POINT('',(136.487087,-145.938901,0.));
#3773 = CIRCLE('',#3774,0.4);
#3774 = AXIS2_PLACEMENT_3D('',#3775,#3776,#3777);
#3775 = CARTESIAN_POINT('',(136.487087,-145.538901,0.));
#3776 = DIRECTION('',(-0.,0.,-1.));
#3777 = DIRECTION('',(-0.,-1.,0.));
#3778 = FACE_BOUND('',#3779,.F.);
#3779 = EDGE_LOOP('',(#3780));
#3780 = ORIENTED_EDGE('',*,*,#3781,.T.);
#3781 = EDGE_CURVE('',#3782,#3782,#3784,.T.);
#3782 = VERTEX_POINT('',#3783);
#3783 = CARTESIAN_POINT('',(136.487087,-143.398901,0.));
#3784 = CIRCLE('',#3785,0.4);
#3785 = AXIS2_PLACEMENT_3D('',#3786,#3787,#3788);
#3786 = CARTESIAN_POINT('',(136.487087,-142.998901,0.));
#3787 = DIRECTION('',(-0.,0.,-1.));
#3788 = DIRECTION('',(-0.,-1.,0.));
#3789 = FACE_BOUND('',#3790,.F.);
#3790 = EDGE_LOOP('',(#3791));
#3791 = ORIENTED_EDGE('',*,*,#3792,.T.);
#3792 = EDGE_CURVE('',#3793,#3793,#3795,.T.);
#3793 = VERTEX_POINT('',#3794);
#3794 = CARTESIAN_POINT('',(136.487087,-140.858901,0.));
#3795 = CIRCLE('',#3796,0.4);
#3796 = AXIS2_PLACEMENT_3D('',#3797,#3798,#3799);
#3797 = CARTESIAN_POINT('',(136.487087,-140.458901,0.));
#3798 = DIRECTION('',(-0.,0.,-1.));
#3799 = DIRECTION('',(-0.,-1.,0.));
#3800 = FACE_BOUND('',#3801,.F.);
#3801 = EDGE_LOOP('',(#3802));
#3802 = ORIENTED_EDGE('',*,*,#3803,.T.);
#3803 = EDGE_CURVE('',#3804,#3804,#3806,.T.);
#3804 = VERTEX_POINT('',#3805);
#3805 = CARTESIAN_POINT('',(136.487087,-138.318901,0.));
#3806 = CIRCLE('',#3807,0.4);
#3807 = AXIS2_PLACEMENT_3D('',#3808,#3809,#3810);
#3808 = CARTESIAN_POINT('',(136.487087,-137.918901,0.));
#3809 = DIRECTION('',(-0.,0.,-1.));
#3810 = DIRECTION('',(-0.,-1.,0.));
#3811 = FACE_BOUND('',#3812,.F.);
#3812 = EDGE_LOOP('',(#3813));
#3813 = ORIENTED_EDGE('',*,*,#3814,.T.);
#3814 = EDGE_CURVE('',#3815,#3815,#3817,.T.);
#3815 = VERTEX_POINT('',#3816);
#3816 = CARTESIAN_POINT('',(136.487087,-135.778901,0.));
#3817 = CIRCLE('',#3818,0.4);
#3818 = AXIS2_PLACEMENT_3D('',#3819,#3820,#3821);
#3819 = CARTESIAN_POINT('',(136.487087,-135.378901,0.));
#3820 = DIRECTION('',(-0.,0.,-1.));
#3821 = DIRECTION('',(-0.,-1.,0.));
#3822 = FACE_BOUND('',#3823,.F.);
#3823 = EDGE_LOOP('',(#3824));
#3824 = ORIENTED_EDGE('',*,*,#3825,.T.);
#3825 = EDGE_CURVE('',#3826,#3826,#3828,.T.);
#3826 = VERTEX_POINT('',#3827);
#3827 = CARTESIAN_POINT('',(136.487087,-133.238901,0.));
#3828 = CIRCLE('',#3829,0.4);
#3829 = AXIS2_PLACEMENT_3D('',#3830,#3831,#3832);
#3830 = CARTESIAN_POINT('',(136.487087,-132.838901,0.));
#3831 = DIRECTION('',(-0.,0.,-1.));
#3832 = DIRECTION('',(-0.,-1.,0.));
#3833 = FACE_BOUND('',#3834,.F.);
#3834 = EDGE_LOOP('',(#3835));
#3835 = ORIENTED_EDGE('',*,*,#3836,.T.);
#3836 = EDGE_CURVE('',#3837,#3837,#3839,.T.);
#3837 = VERTEX_POINT('',#3838);
#3838 = CARTESIAN_POINT('',(136.487087,-130.698901,0.));
#3839 = CIRCLE('',#3840,0.4);
#3840 = AXIS2_PLACEMENT_3D('',#3841,#3842,#3843);
#3841 = CARTESIAN_POINT('',(136.487087,-130.298901,0.));
#3842 = DIRECTION('',(-0.,0.,-1.));
#3843 = DIRECTION('',(-0.,-1.,0.));
#3844 = FACE_BOUND('',#3845,.F.);
#3845 = EDGE_LOOP('',(#3846));
#3846 = ORIENTED_EDGE('',*,*,#3847,.T.);
#3847 = EDGE_CURVE('',#3848,#3848,#3850,.T.);
#3848 = VERTEX_POINT('',#3849);
#3849 = CARTESIAN_POINT('',(136.487087,-128.158901,0.));
#3850 = CIRCLE('',#3851,0.4);
#3851 = AXIS2_PLACEMENT_3D('',#3852,#3853,#3854);
#3852 = CARTESIAN_POINT('',(136.487087,-127.758901,0.));
#3853 = DIRECTION('',(-0.,0.,-1.));
#3854 = DIRECTION('',(-0.,-1.,0.));
#3855 = FACE_BOUND('',#3856,.F.);
#3856 = EDGE_LOOP('',(#3857));
#3857 = ORIENTED_EDGE('',*,*,#3858,.T.);
#3858 = EDGE_CURVE('',#3859,#3859,#3861,.T.);
#3859 = VERTEX_POINT('',#3860);
#3860 = CARTESIAN_POINT('',(136.487087,-125.618901,0.));
#3861 = CIRCLE('',#3862,0.4);
#3862 = AXIS2_PLACEMENT_3D('',#3863,#3864,#3865);
#3863 = CARTESIAN_POINT('',(136.487087,-125.218901,0.));
#3864 = DIRECTION('',(-0.,0.,-1.));
#3865 = DIRECTION('',(-0.,-1.,0.));
#3866 = FACE_BOUND('',#3867,.F.);
#3867 = EDGE_LOOP('',(#3868));
#3868 = ORIENTED_EDGE('',*,*,#3869,.T.);
#3869 = EDGE_CURVE('',#3870,#3870,#3872,.T.);
#3870 = VERTEX_POINT('',#3871);
#3871 = CARTESIAN_POINT('',(136.487087,-123.078901,0.));
#3872 = CIRCLE('',#3873,0.4);
#3873 = AXIS2_PLACEMENT_3D('',#3874,#3875,#3876);
#3874 = CARTESIAN_POINT('',(136.487087,-122.678901,0.));
#3875 = DIRECTION('',(-0.,0.,-1.));
#3876 = DIRECTION('',(-0.,-1.,0.));
#3877 = FACE_BOUND('',#3878,.F.);
#3878 = EDGE_LOOP('',(#3879));
#3879 = ORIENTED_EDGE('',*,*,#3880,.T.);
#3880 = EDGE_CURVE('',#3881,#3881,#3883,.T.);
#3881 = VERTEX_POINT('',#3882);
#3882 = CARTESIAN_POINT('',(136.487087,-120.538901,0.));
#3883 = CIRCLE('',#3884,0.4);
#3884 = AXIS2_PLACEMENT_3D('',#3885,#3886,#3887);
#3885 = CARTESIAN_POINT('',(136.487087,-120.138901,0.));
#3886 = DIRECTION('',(-0.,0.,-1.));
#3887 = DIRECTION('',(-0.,-1.,0.));
#3888 = FACE_BOUND('',#3889,.F.);
#3889 = EDGE_LOOP('',(#3890));
#3890 = ORIENTED_EDGE('',*,*,#3891,.T.);
#3891 = EDGE_CURVE('',#3892,#3892,#3894,.T.);
#3892 = VERTEX_POINT('',#3893);
#3893 = CARTESIAN_POINT('',(136.487087,-117.998901,0.));
#3894 = CIRCLE('',#3895,0.4);
#3895 = AXIS2_PLACEMENT_3D('',#3896,#3897,#3898);
#3896 = CARTESIAN_POINT('',(136.487087,-117.598901,0.));
#3897 = DIRECTION('',(-0.,0.,-1.));
#3898 = DIRECTION('',(-0.,-1.,0.));
#3899 = FACE_BOUND('',#3900,.F.);
#3900 = EDGE_LOOP('',(#3901));
#3901 = ORIENTED_EDGE('',*,*,#3902,.T.);
#3902 = EDGE_CURVE('',#3903,#3903,#3905,.T.);
#3903 = VERTEX_POINT('',#3904);
#3904 = CARTESIAN_POINT('',(136.487087,-115.458901,0.));
#3905 = CIRCLE('',#3906,0.4);
#3906 = AXIS2_PLACEMENT_3D('',#3907,#3908,#3909);
#3907 = CARTESIAN_POINT('',(136.487087,-115.058901,0.));
#3908 = DIRECTION('',(-0.,0.,-1.));
#3909 = DIRECTION('',(-0.,-1.,0.));
#3910 = FACE_BOUND('',#3911,.F.);
#3911 = EDGE_LOOP('',(#3912));
#3912 = ORIENTED_EDGE('',*,*,#3913,.T.);
#3913 = EDGE_CURVE('',#3914,#3914,#3916,.T.);
#3914 = VERTEX_POINT('',#3915);
#3915 = CARTESIAN_POINT('',(136.487087,-112.918901,0.));
#3916 = CIRCLE('',#3917,0.4);
#3917 = AXIS2_PLACEMENT_3D('',#3918,#3919,#3920);
#3918 = CARTESIAN_POINT('',(136.487087,-112.518901,0.));
#3919 = DIRECTION('',(-0.,0.,-1.));
#3920 = DIRECTION('',(-0.,-1.,0.));
#3921 = FACE_BOUND('',#3922,.F.);
#3922 = EDGE_LOOP('',(#3923));
#3923 = ORIENTED_EDGE('',*,*,#3924,.T.);
#3924 = EDGE_CURVE('',#3925,#3925,#3927,.T.);
#3925 = VERTEX_POINT('',#3926);
#3926 = CARTESIAN_POINT('',(161.887087,-148.478901,0.));
#3927 = CIRCLE('',#3928,0.4);
#3928 = AXIS2_PLACEMENT_3D('',#3929,#3930,#3931);
#3929 = CARTESIAN_POINT('',(161.887087,-148.078901,0.));
#3930 = DIRECTION('',(-0.,0.,-1.));
#3931 = DIRECTION('',(-0.,-1.,0.));
#3932 = FACE_BOUND('',#3933,.F.);
#3933 = EDGE_LOOP('',(#3934));
#3934 = ORIENTED_EDGE('',*,*,#3935,.T.);
#3935 = EDGE_CURVE('',#3936,#3936,#3938,.T.);
#3936 = VERTEX_POINT('',#3937);
#3937 = CARTESIAN_POINT('',(161.887087,-145.938901,0.));
#3938 = CIRCLE('',#3939,0.4);
#3939 = AXIS2_PLACEMENT_3D('',#3940,#3941,#3942);
#3940 = CARTESIAN_POINT('',(161.887087,-145.538901,0.));
#3941 = DIRECTION('',(-0.,0.,-1.));
#3942 = DIRECTION('',(-0.,-1.,0.));
#3943 = FACE_BOUND('',#3944,.F.);
#3944 = EDGE_LOOP('',(#3945));
#3945 = ORIENTED_EDGE('',*,*,#3946,.T.);
#3946 = EDGE_CURVE('',#3947,#3947,#3949,.T.);
#3947 = VERTEX_POINT('',#3948);
#3948 = CARTESIAN_POINT('',(161.887087,-143.398901,0.));
#3949 = CIRCLE('',#3950,0.4);
#3950 = AXIS2_PLACEMENT_3D('',#3951,#3952,#3953);
#3951 = CARTESIAN_POINT('',(161.887087,-142.998901,0.));
#3952 = DIRECTION('',(-0.,0.,-1.));
#3953 = DIRECTION('',(-0.,-1.,0.));
#3954 = FACE_BOUND('',#3955,.F.);
#3955 = EDGE_LOOP('',(#3956));
#3956 = ORIENTED_EDGE('',*,*,#3957,.T.);
#3957 = EDGE_CURVE('',#3958,#3958,#3960,.T.);
#3958 = VERTEX_POINT('',#3959);
#3959 = CARTESIAN_POINT('',(169.1,-145.005,0.));
#3960 = CIRCLE('',#3961,0.425);
#3961 = AXIS2_PLACEMENT_3D('',#3962,#3963,#3964);
#3962 = CARTESIAN_POINT('',(169.1,-144.58,0.));
#3963 = DIRECTION('',(-0.,0.,-1.));
#3964 = DIRECTION('',(-6.687461042448E-14,-1.,0.));
#3965 = FACE_BOUND('',#3966,.F.);
#3966 = EDGE_LOOP('',(#3967));
#3967 = ORIENTED_EDGE('',*,*,#3968,.T.);
#3968 = EDGE_CURVE('',#3969,#3969,#3971,.T.);
#3969 = VERTEX_POINT('',#3970);
#3970 = CARTESIAN_POINT('',(161.887087,-140.858901,0.));
#3971 = CIRCLE('',#3972,0.4);
#3972 = AXIS2_PLACEMENT_3D('',#3973,#3974,#3975);
#3973 = CARTESIAN_POINT('',(161.887087,-140.458901,0.));
#3974 = DIRECTION('',(-0.,0.,-1.));
#3975 = DIRECTION('',(-0.,-1.,0.));
#3976 = FACE_BOUND('',#3977,.F.);
#3977 = EDGE_LOOP('',(#3978));
#3978 = ORIENTED_EDGE('',*,*,#3979,.T.);
#3979 = EDGE_CURVE('',#3980,#3980,#3982,.T.);
#3980 = VERTEX_POINT('',#3981);
#3981 = CARTESIAN_POINT('',(161.887087,-138.318901,0.));
#3982 = CIRCLE('',#3983,0.4);
#3983 = AXIS2_PLACEMENT_3D('',#3984,#3985,#3986);
#3984 = CARTESIAN_POINT('',(161.887087,-137.918901,0.));
#3985 = DIRECTION('',(-0.,0.,-1.));
#3986 = DIRECTION('',(-0.,-1.,0.));
#3987 = FACE_BOUND('',#3988,.F.);
#3988 = EDGE_LOOP('',(#3989));
#3989 = ORIENTED_EDGE('',*,*,#3990,.T.);
#3990 = EDGE_CURVE('',#3991,#3991,#3993,.T.);
#3991 = VERTEX_POINT('',#3992);
#3992 = CARTESIAN_POINT('',(161.887087,-135.778901,0.));
#3993 = CIRCLE('',#3994,0.4);
#3994 = AXIS2_PLACEMENT_3D('',#3995,#3996,#3997);
#3995 = CARTESIAN_POINT('',(161.887087,-135.378901,0.));
#3996 = DIRECTION('',(-0.,0.,-1.));
#3997 = DIRECTION('',(-0.,-1.,0.));
#3998 = FACE_BOUND('',#3999,.F.);
#3999 = EDGE_LOOP('',(#4000));
#4000 = ORIENTED_EDGE('',*,*,#4001,.T.);
#4001 = EDGE_CURVE('',#4002,#4002,#4004,.T.);
#4002 = VERTEX_POINT('',#4003);
#4003 = CARTESIAN_POINT('',(161.887087,-133.238901,0.));
#4004 = CIRCLE('',#4005,0.4);
#4005 = AXIS2_PLACEMENT_3D('',#4006,#4007,#4008);
#4006 = CARTESIAN_POINT('',(161.887087,-132.838901,0.));
#4007 = DIRECTION('',(-0.,0.,-1.));
#4008 = DIRECTION('',(-0.,-1.,0.));
#4009 = FACE_BOUND('',#4010,.F.);
#4010 = EDGE_LOOP('',(#4011));
#4011 = ORIENTED_EDGE('',*,*,#4012,.T.);
#4012 = EDGE_CURVE('',#4013,#4013,#4015,.T.);
#4013 = VERTEX_POINT('',#4014);
#4014 = CARTESIAN_POINT('',(161.887087,-130.698901,0.));
#4015 = CIRCLE('',#4016,0.4);
#4016 = AXIS2_PLACEMENT_3D('',#4017,#4018,#4019);
#4017 = CARTESIAN_POINT('',(161.887087,-130.298901,0.));
#4018 = DIRECTION('',(-0.,0.,-1.));
#4019 = DIRECTION('',(-0.,-1.,0.));
#4020 = FACE_BOUND('',#4021,.F.);
#4021 = EDGE_LOOP('',(#4022));
#4022 = ORIENTED_EDGE('',*,*,#4023,.T.);
#4023 = EDGE_CURVE('',#4024,#4024,#4026,.T.);
#4024 = VERTEX_POINT('',#4025);
#4025 = CARTESIAN_POINT('',(161.887087,-128.158901,0.));
#4026 = CIRCLE('',#4027,0.4);
#4027 = AXIS2_PLACEMENT_3D('',#4028,#4029,#4030);
#4028 = CARTESIAN_POINT('',(161.887087,-127.758901,0.));
#4029 = DIRECTION('',(-0.,0.,-1.));
#4030 = DIRECTION('',(-0.,-1.,0.));
#4031 = FACE_BOUND('',#4032,.F.);
#4032 = EDGE_LOOP('',(#4033));
#4033 = ORIENTED_EDGE('',*,*,#4034,.T.);
#4034 = EDGE_CURVE('',#4035,#4035,#4037,.T.);
#4035 = VERTEX_POINT('',#4036);
#4036 = CARTESIAN_POINT('',(173.3,-145.005,0.));
#4037 = CIRCLE('',#4038,0.425);
#4038 = AXIS2_PLACEMENT_3D('',#4039,#4040,#4041);
#4039 = CARTESIAN_POINT('',(173.3,-144.58,0.));
#4040 = DIRECTION('',(-0.,0.,-1.));
#4041 = DIRECTION('',(-0.,-1.,0.));
#4042 = FACE_BOUND('',#4043,.F.);
#4043 = EDGE_LOOP('',(#4044));
#4044 = ORIENTED_EDGE('',*,*,#4045,.T.);
#4045 = EDGE_CURVE('',#4046,#4046,#4048,.T.);
#4046 = VERTEX_POINT('',#4047);
#4047 = CARTESIAN_POINT('',(177.5,-145.005,0.));
#4048 = CIRCLE('',#4049,0.425);
#4049 = AXIS2_PLACEMENT_3D('',#4050,#4051,#4052);
#4050 = CARTESIAN_POINT('',(177.5,-144.58,0.));
#4051 = DIRECTION('',(-0.,0.,-1.));
#4052 = DIRECTION('',(-0.,-1.,0.));
#4053 = FACE_BOUND('',#4054,.F.);
#4054 = EDGE_LOOP('',(#4055));
#4055 = ORIENTED_EDGE('',*,*,#4056,.T.);
#4056 = EDGE_CURVE('',#4057,#4057,#4059,.T.);
#4057 = VERTEX_POINT('',#4058);
#4058 = CARTESIAN_POINT('',(181.7,-145.005,0.));
#4059 = CIRCLE('',#4060,0.425);
#4060 = AXIS2_PLACEMENT_3D('',#4061,#4062,#4063);
#4061 = CARTESIAN_POINT('',(181.7,-144.58,0.));
#4062 = DIRECTION('',(-0.,0.,-1.));
#4063 = DIRECTION('',(-0.,-1.,0.));
#4064 = FACE_BOUND('',#4065,.F.);
#4065 = EDGE_LOOP('',(#4066));
#4066 = ORIENTED_EDGE('',*,*,#4067,.T.);
#4067 = EDGE_CURVE('',#4068,#4068,#4070,.T.);
#4068 = VERTEX_POINT('',#4069);
#4069 = CARTESIAN_POINT('',(190.,-141.6,0.));
#4070 = CIRCLE('',#4071,1.6);
#4071 = AXIS2_PLACEMENT_3D('',#4072,#4073,#4074);
#4072 = CARTESIAN_POINT('',(190.,-140.,0.));
#4073 = DIRECTION('',(-0.,0.,-1.));
#4074 = DIRECTION('',(-0.,-1.,0.));
#4075 = FACE_BOUND('',#4076,.F.);
#4076 = EDGE_LOOP('',(#4077));
#4077 = ORIENTED_EDGE('',*,*,#4078,.T.);
#4078 = EDGE_CURVE('',#4079,#4079,#4081,.T.);
#4079 = VERTEX_POINT('',#4080);
#4080 = CARTESIAN_POINT('',(161.887087,-125.618901,0.));
#4081 = CIRCLE('',#4082,0.4);
#4082 = AXIS2_PLACEMENT_3D('',#4083,#4084,#4085);
#4083 = CARTESIAN_POINT('',(161.887087,-125.218901,0.));
#4084 = DIRECTION('',(-0.,0.,-1.));
#4085 = DIRECTION('',(-0.,-1.,0.));
#4086 = FACE_BOUND('',#4087,.F.);
#4087 = EDGE_LOOP('',(#4088));
#4088 = ORIENTED_EDGE('',*,*,#4089,.T.);
#4089 = EDGE_CURVE('',#4090,#4090,#4092,.T.);
#4090 = VERTEX_POINT('',#4091);
#4091 = CARTESIAN_POINT('',(161.887087,-123.078901,0.));
#4092 = CIRCLE('',#4093,0.4);
#4093 = AXIS2_PLACEMENT_3D('',#4094,#4095,#4096);
#4094 = CARTESIAN_POINT('',(161.887087,-122.678901,0.));
#4095 = DIRECTION('',(-0.,0.,-1.));
#4096 = DIRECTION('',(-0.,-1.,0.));
#4097 = FACE_BOUND('',#4098,.F.);
#4098 = EDGE_LOOP('',(#4099));
#4099 = ORIENTED_EDGE('',*,*,#4100,.T.);
#4100 = EDGE_CURVE('',#4101,#4101,#4103,.T.);
#4101 = VERTEX_POINT('',#4102);
#4102 = CARTESIAN_POINT('',(161.887087,-120.538901,0.));
#4103 = CIRCLE('',#4104,0.4);
#4104 = AXIS2_PLACEMENT_3D('',#4105,#4106,#4107);
#4105 = CARTESIAN_POINT('',(161.887087,-120.138901,0.));
#4106 = DIRECTION('',(-0.,0.,-1.));
#4107 = DIRECTION('',(-0.,-1.,0.));
#4108 = FACE_BOUND('',#4109,.F.);
#4109 = EDGE_LOOP('',(#4110));
#4110 = ORIENTED_EDGE('',*,*,#4111,.T.);
#4111 = EDGE_CURVE('',#4112,#4112,#4114,.T.);
#4112 = VERTEX_POINT('',#4113);
#4113 = CARTESIAN_POINT('',(161.887087,-117.998901,0.));
#4114 = CIRCLE('',#4115,0.4);
#4115 = AXIS2_PLACEMENT_3D('',#4116,#4117,#4118);
#4116 = CARTESIAN_POINT('',(161.887087,-117.598901,0.));
#4117 = DIRECTION('',(-0.,0.,-1.));
#4118 = DIRECTION('',(-0.,-1.,0.));
#4119 = FACE_BOUND('',#4120,.F.);
#4120 = EDGE_LOOP('',(#4121));
#4121 = ORIENTED_EDGE('',*,*,#4122,.T.);
#4122 = EDGE_CURVE('',#4123,#4123,#4125,.T.);
#4123 = VERTEX_POINT('',#4124);
#4124 = CARTESIAN_POINT('',(161.887087,-115.458901,0.));
#4125 = CIRCLE('',#4126,0.4);
#4126 = AXIS2_PLACEMENT_3D('',#4127,#4128,#4129);
#4127 = CARTESIAN_POINT('',(161.887087,-115.058901,0.));
#4128 = DIRECTION('',(-0.,0.,-1.));
#4129 = DIRECTION('',(-0.,-1.,0.));
#4130 = FACE_BOUND('',#4131,.F.);
#4131 = EDGE_LOOP('',(#4132));
#4132 = ORIENTED_EDGE('',*,*,#4133,.T.);
#4133 = EDGE_CURVE('',#4134,#4134,#4136,.T.);
#4134 = VERTEX_POINT('',#4135);
#4135 = CARTESIAN_POINT('',(161.887087,-112.918901,0.));
#4136 = CIRCLE('',#4137,0.4);
#4137 = AXIS2_PLACEMENT_3D('',#4138,#4139,#4140);
#4138 = CARTESIAN_POINT('',(161.887087,-112.518901,0.));
#4139 = DIRECTION('',(-0.,0.,-1.));
#4140 = DIRECTION('',(-0.,-1.,0.));
#4141 = FACE_BOUND('',#4142,.F.);
#4142 = EDGE_LOOP('',(#4143));
#4143 = ORIENTED_EDGE('',*,*,#4144,.T.);
#4144 = EDGE_CURVE('',#4145,#4145,#4147,.T.);
#4145 = VERTEX_POINT('',#4146);
#4146 = CARTESIAN_POINT('',(177.,-118.15,0.));
#4147 = CIRCLE('',#4148,0.55);
#4148 = AXIS2_PLACEMENT_3D('',#4149,#4150,#4151);
#4149 = CARTESIAN_POINT('',(177.,-117.6,0.));
#4150 = DIRECTION('',(-0.,0.,-1.));
#4151 = DIRECTION('',(-0.,-1.,0.));
#4152 = FACE_BOUND('',#4153,.F.);
#4153 = EDGE_LOOP('',(#4154));
#4154 = ORIENTED_EDGE('',*,*,#4155,.T.);
#4155 = EDGE_CURVE('',#4156,#4156,#4158,.T.);
#4156 = VERTEX_POINT('',#4157);
#4157 = CARTESIAN_POINT('',(188.4,-116.25,0.));
#4158 = CIRCLE('',#4159,0.55);
#4159 = AXIS2_PLACEMENT_3D('',#4160,#4161,#4162);
#4160 = CARTESIAN_POINT('',(188.4,-115.7,0.));
#4161 = DIRECTION('',(-0.,0.,-1.));
#4162 = DIRECTION('',(5.1675835328E-14,-1.,-0.));
#4163 = FACE_BOUND('',#4164,.F.);
#4164 = EDGE_LOOP('',(#4165));
#4165 = ORIENTED_EDGE('',*,*,#4166,.T.);
#4166 = EDGE_CURVE('',#4167,#4167,#4169,.T.);
#4167 = VERTEX_POINT('',#4168);
#4168 = CARTESIAN_POINT('',(177.,-114.34,0.));
#4169 = CIRCLE('',#4170,0.55);
#4170 = AXIS2_PLACEMENT_3D('',#4171,#4172,#4173);
#4171 = CARTESIAN_POINT('',(177.,-113.79,0.));
#4172 = DIRECTION('',(-0.,0.,-1.));
#4173 = DIRECTION('',(-0.,-1.,0.));
#4174 = FACE_BOUND('',#4175,.F.);
#4175 = EDGE_LOOP('',(#4176));
#4176 = ORIENTED_EDGE('',*,*,#4177,.T.);
#4177 = EDGE_CURVE('',#4178,#4178,#4180,.T.);
#4178 = VERTEX_POINT('',#4179);
#4179 = CARTESIAN_POINT('',(177.,-110.53,0.));
#4180 = CIRCLE('',#4181,0.55);
#4181 = AXIS2_PLACEMENT_3D('',#4182,#4183,#4184);
#4182 = CARTESIAN_POINT('',(177.,-109.98,0.));
#4183 = DIRECTION('',(-0.,0.,-1.));
#4184 = DIRECTION('',(-0.,-1.,0.));
#4185 = FACE_BOUND('',#4186,.F.);
#4186 = EDGE_LOOP('',(#4187));
#4187 = ORIENTED_EDGE('',*,*,#4188,.T.);
#4188 = EDGE_CURVE('',#4189,#4189,#4191,.T.);
#4189 = VERTEX_POINT('',#4190);
#4190 = CARTESIAN_POINT('',(177.,-106.72,0.));
#4191 = CIRCLE('',#4192,0.55);
#4192 = AXIS2_PLACEMENT_3D('',#4193,#4194,#4195);
#4193 = CARTESIAN_POINT('',(177.,-106.17,0.));
#4194 = DIRECTION('',(-0.,0.,-1.));
#4195 = DIRECTION('',(-0.,-1.,0.));
#4196 = FACE_BOUND('',#4197,.F.);
#4197 = EDGE_LOOP('',(#4198));
#4198 = ORIENTED_EDGE('',*,*,#4199,.T.);
#4199 = EDGE_CURVE('',#4200,#4200,#4202,.T.);
#4200 = VERTEX_POINT('',#4201);
#4201 = CARTESIAN_POINT('',(188.4,-112.44,0.));
#4202 = CIRCLE('',#4203,0.55);
#4203 = AXIS2_PLACEMENT_3D('',#4204,#4205,#4206);
#4204 = CARTESIAN_POINT('',(188.4,-111.89,0.));
#4205 = DIRECTION('',(-0.,0.,-1.));
#4206 = DIRECTION('',(5.1675835328E-14,-1.,-0.));
#4207 = FACE_BOUND('',#4208,.F.);
#4208 = EDGE_LOOP('',(#4209));
#4209 = ORIENTED_EDGE('',*,*,#4210,.T.);
#4210 = EDGE_CURVE('',#4211,#4211,#4213,.T.);
#4211 = VERTEX_POINT('',#4212);
#4212 = CARTESIAN_POINT('',(188.4,-108.63,0.));
#4213 = CIRCLE('',#4214,0.55);
#4214 = AXIS2_PLACEMENT_3D('',#4215,#4216,#4217);
#4215 = CARTESIAN_POINT('',(188.4,-108.08,0.));
#4216 = DIRECTION('',(-0.,0.,-1.));
#4217 = DIRECTION('',(5.1675835328E-14,-1.,-0.));
#4218 = FACE_BOUND('',#4219,.F.);
#4219 = EDGE_LOOP('',(#4220));
#4220 = ORIENTED_EDGE('',*,*,#4221,.T.);
#4221 = EDGE_CURVE('',#4222,#4222,#4224,.T.);
#4222 = VERTEX_POINT('',#4223);
#4223 = CARTESIAN_POINT('',(188.4,-104.82,0.));
#4224 = CIRCLE('',#4225,0.55);
#4225 = AXIS2_PLACEMENT_3D('',#4226,#4227,#4228);
#4226 = CARTESIAN_POINT('',(188.4,-104.27,0.));
#4227 = DIRECTION('',(-0.,0.,-1.));
#4228 = DIRECTION('',(5.1675835328E-14,-1.,-0.));
#4229 = FACE_BOUND('',#4230,.F.);
#4230 = EDGE_LOOP('',(#4231));
#4231 = ORIENTED_EDGE('',*,*,#4232,.T.);
#4232 = EDGE_CURVE('',#4233,#4233,#4235,.T.);
#4233 = VERTEX_POINT('',#4234);
#4234 = CARTESIAN_POINT('',(111.873126,-98.312537,0.));
#4235 = CIRCLE('',#4236,0.65);
#4236 = AXIS2_PLACEMENT_3D('',#4237,#4238,#4239);
#4237 = CARTESIAN_POINT('',(111.873126,-97.662537,0.));
#4238 = DIRECTION('',(-0.,0.,-1.));
#4239 = DIRECTION('',(-0.,-1.,0.));
#4240 = FACE_BOUND('',#4241,.F.);
#4241 = EDGE_LOOP('',(#4242));
#4242 = ORIENTED_EDGE('',*,*,#4243,.T.);
#4243 = EDGE_CURVE('',#4244,#4244,#4246,.T.);
#4244 = VERTEX_POINT('',#4245);
#4245 = CARTESIAN_POINT('',(111.873126,-91.962537,0.));
#4246 = CIRCLE('',#4247,0.65);
#4247 = AXIS2_PLACEMENT_3D('',#4248,#4249,#4250);
#4248 = CARTESIAN_POINT('',(111.873126,-91.312537,0.));
#4249 = DIRECTION('',(-0.,0.,-1.));
#4250 = DIRECTION('',(-0.,-1.,0.));
#4251 = FACE_BOUND('',#4252,.F.);
#4252 = EDGE_LOOP('',(#4253));
#4253 = ORIENTED_EDGE('',*,*,#4254,.T.);
#4254 = EDGE_CURVE('',#4255,#4255,#4257,.T.);
#4255 = VERTEX_POINT('',#4256);
#4256 = CARTESIAN_POINT('',(111.873126,-85.612537,0.));
#4257 = CIRCLE('',#4258,0.65);
#4258 = AXIS2_PLACEMENT_3D('',#4259,#4260,#4261);
#4259 = CARTESIAN_POINT('',(111.873126,-84.962537,0.));
#4260 = DIRECTION('',(-0.,0.,-1.));
#4261 = DIRECTION('',(-0.,-1.,0.));
#4262 = FACE_BOUND('',#4263,.F.);
#4263 = EDGE_LOOP('',(#4264));
#4264 = ORIENTED_EDGE('',*,*,#4265,.T.);
#4265 = EDGE_CURVE('',#4266,#4266,#4268,.T.);
#4266 = VERTEX_POINT('',#4267);
#4267 = CARTESIAN_POINT('',(111.873126,-79.262537,0.));
#4268 = CIRCLE('',#4269,0.65);
#4269 = AXIS2_PLACEMENT_3D('',#4270,#4271,#4272);
#4270 = CARTESIAN_POINT('',(111.873126,-78.612537,0.));
#4271 = DIRECTION('',(-0.,0.,-1.));
#4272 = DIRECTION('',(-0.,-1.,0.));
#4273 = FACE_BOUND('',#4274,.F.);
#4274 = EDGE_LOOP('',(#4275));
#4275 = ORIENTED_EDGE('',*,*,#4276,.T.);
#4276 = EDGE_CURVE('',#4277,#4277,#4279,.T.);
#4277 = VERTEX_POINT('',#4278);
#4278 = CARTESIAN_POINT('',(110.,-61.6,0.));
#4279 = CIRCLE('',#4280,1.6);
#4280 = AXIS2_PLACEMENT_3D('',#4281,#4282,#4283);
#4281 = CARTESIAN_POINT('',(110.,-60.,0.));
#4282 = DIRECTION('',(-0.,0.,-1.));
#4283 = DIRECTION('',(-0.,-1.,0.));
#4284 = FACE_BOUND('',#4285,.F.);
#4285 = EDGE_LOOP('',(#4286));
#4286 = ORIENTED_EDGE('',*,*,#4287,.T.);
#4287 = EDGE_CURVE('',#4288,#4288,#4290,.T.);
#4288 = VERTEX_POINT('',#4289);
#4289 = CARTESIAN_POINT('',(121.417499,-62.5775,0.));
#4290 = CIRCLE('',#4291,0.65);
#4291 = AXIS2_PLACEMENT_3D('',#4292,#4293,#4294);
#4292 = CARTESIAN_POINT('',(121.417499,-61.9275,0.));
#4293 = DIRECTION('',(-0.,0.,-1.));
#4294 = DIRECTION('',(2.1862853408E-14,-1.,-0.));
#4295 = FACE_BOUND('',#4296,.F.);
#4296 = EDGE_LOOP('',(#4297));
#4297 = ORIENTED_EDGE('',*,*,#4298,.T.);
#4298 = EDGE_CURVE('',#4299,#4299,#4301,.T.);
#4299 = VERTEX_POINT('',#4300);
#4300 = CARTESIAN_POINT('',(127.767499,-62.5775,0.));
#4301 = CIRCLE('',#4302,0.65);
#4302 = AXIS2_PLACEMENT_3D('',#4303,#4304,#4305);
#4303 = CARTESIAN_POINT('',(127.767499,-61.9275,0.));
#4304 = DIRECTION('',(-0.,0.,-1.));
#4305 = DIRECTION('',(2.1862853408E-14,-1.,-0.));
#4306 = FACE_BOUND('',#4307,.F.);
#4307 = EDGE_LOOP('',(#4308));
#4308 = ORIENTED_EDGE('',*,*,#4309,.T.);
#4309 = EDGE_CURVE('',#4310,#4310,#4312,.T.);
#4310 = VERTEX_POINT('',#4311);
#4311 = CARTESIAN_POINT('',(134.117499,-62.5775,0.));
#4312 = CIRCLE('',#4313,0.65);
#4313 = AXIS2_PLACEMENT_3D('',#4314,#4315,#4316);
#4314 = CARTESIAN_POINT('',(134.117499,-61.9275,0.));
#4315 = DIRECTION('',(-0.,0.,-1.));
#4316 = DIRECTION('',(-0.,-1.,0.));
#4317 = FACE_BOUND('',#4318,.F.);
#4318 = EDGE_LOOP('',(#4319));
#4319 = ORIENTED_EDGE('',*,*,#4320,.T.);
#4320 = EDGE_CURVE('',#4321,#4321,#4323,.T.);
#4321 = VERTEX_POINT('',#4322);
#4322 = CARTESIAN_POINT('',(140.467499,-62.5775,0.));
#4323 = CIRCLE('',#4324,0.65);
#4324 = AXIS2_PLACEMENT_3D('',#4325,#4326,#4327);
#4325 = CARTESIAN_POINT('',(140.467499,-61.9275,0.));
#4326 = DIRECTION('',(-0.,0.,-1.));
#4327 = DIRECTION('',(-0.,-1.,0.));
#4328 = FACE_BOUND('',#4329,.F.);
#4329 = EDGE_LOOP('',(#4330));
#4330 = ORIENTED_EDGE('',*,*,#4331,.T.);
#4331 = EDGE_CURVE('',#4332,#4332,#4334,.T.);
#4332 = VERTEX_POINT('',#4333);
#4333 = CARTESIAN_POINT('',(146.817499,-62.5775,0.));
#4334 = CIRCLE('',#4335,0.65);
#4335 = AXIS2_PLACEMENT_3D('',#4336,#4337,#4338);
#4336 = CARTESIAN_POINT('',(146.817499,-61.9275,0.));
#4337 = DIRECTION('',(-0.,0.,-1.));
#4338 = DIRECTION('',(-0.,-1.,0.));
#4339 = FACE_BOUND('',#4340,.F.);
#4340 = EDGE_LOOP('',(#4341));
#4341 = ORIENTED_EDGE('',*,*,#4342,.T.);
#4342 = EDGE_CURVE('',#4343,#4343,#4345,.T.);
#4343 = VERTEX_POINT('',#4344);
#4344 = CARTESIAN_POINT('',(177.,-102.91,0.));
#4345 = CIRCLE('',#4346,0.55);
#4346 = AXIS2_PLACEMENT_3D('',#4347,#4348,#4349);
#4347 = CARTESIAN_POINT('',(177.,-102.36,0.));
#4348 = DIRECTION('',(-0.,0.,-1.));
#4349 = DIRECTION('',(-0.,-1.,0.));
#4350 = FACE_BOUND('',#4351,.F.);
#4351 = EDGE_LOOP('',(#4352));
#4352 = ORIENTED_EDGE('',*,*,#4353,.T.);
#4353 = EDGE_CURVE('',#4354,#4354,#4356,.T.);
#4354 = VERTEX_POINT('',#4355);
#4355 = CARTESIAN_POINT('',(177.,-99.1,0.));
#4356 = CIRCLE('',#4357,0.55);
#4357 = AXIS2_PLACEMENT_3D('',#4358,#4359,#4360);
#4358 = CARTESIAN_POINT('',(177.,-98.55,0.));
#4359 = DIRECTION('',(-0.,0.,-1.));
#4360 = DIRECTION('',(-0.,-1.,0.));
#4361 = FACE_BOUND('',#4362,.F.);
#4362 = EDGE_LOOP('',(#4363));
#4363 = ORIENTED_EDGE('',*,*,#4364,.T.);
#4364 = EDGE_CURVE('',#4365,#4365,#4367,.T.);
#4365 = VERTEX_POINT('',#4366);
#4366 = CARTESIAN_POINT('',(177.,-95.29,0.));
#4367 = CIRCLE('',#4368,0.55);
#4368 = AXIS2_PLACEMENT_3D('',#4369,#4370,#4371);
#4369 = CARTESIAN_POINT('',(177.,-94.74,0.));
#4370 = DIRECTION('',(-0.,0.,-1.));
#4371 = DIRECTION('',(-0.,-1.,0.));
#4372 = FACE_BOUND('',#4373,.F.);
#4373 = EDGE_LOOP('',(#4374));
#4374 = ORIENTED_EDGE('',*,*,#4375,.T.);
#4375 = EDGE_CURVE('',#4376,#4376,#4378,.T.);
#4376 = VERTEX_POINT('',#4377);
#4377 = CARTESIAN_POINT('',(188.4,-101.01,0.));
#4378 = CIRCLE('',#4379,0.55);
#4379 = AXIS2_PLACEMENT_3D('',#4380,#4381,#4382);
#4380 = CARTESIAN_POINT('',(188.4,-100.46,0.));
#4381 = DIRECTION('',(-0.,0.,-1.));
#4382 = DIRECTION('',(5.1675835328E-14,-1.,-0.));
#4383 = FACE_BOUND('',#4384,.F.);
#4384 = EDGE_LOOP('',(#4385));
#4385 = ORIENTED_EDGE('',*,*,#4386,.T.);
#4386 = EDGE_CURVE('',#4387,#4387,#4389,.T.);
#4387 = VERTEX_POINT('',#4388);
#4388 = CARTESIAN_POINT('',(188.4,-97.2,0.));
#4389 = CIRCLE('',#4390,0.55);
#4390 = AXIS2_PLACEMENT_3D('',#4391,#4392,#4393);
#4391 = CARTESIAN_POINT('',(188.4,-96.65,0.));
#4392 = DIRECTION('',(-0.,0.,-1.));
#4393 = DIRECTION('',(5.167583532801E-14,-1.,-0.));
#4394 = FACE_BOUND('',#4395,.F.);
#4395 = EDGE_LOOP('',(#4396));
#4396 = ORIENTED_EDGE('',*,*,#4397,.T.);
#4397 = EDGE_CURVE('',#4398,#4398,#4400,.T.);
#4398 = VERTEX_POINT('',#4399);
#4399 = CARTESIAN_POINT('',(188.4,-93.39,0.));
#4400 = CIRCLE('',#4401,0.55);
#4401 = AXIS2_PLACEMENT_3D('',#4402,#4403,#4404);
#4402 = CARTESIAN_POINT('',(188.4,-92.84,0.));
#4403 = DIRECTION('',(-0.,0.,-1.));
#4404 = DIRECTION('',(5.167583532801E-14,-1.,-0.));
#4405 = FACE_BOUND('',#4406,.F.);
#4406 = EDGE_LOOP('',(#4407));
#4407 = ORIENTED_EDGE('',*,*,#4408,.T.);
#4408 = EDGE_CURVE('',#4409,#4409,#4411,.T.);
#4409 = VERTEX_POINT('',#4410);
#4410 = CARTESIAN_POINT('',(177.,-91.48,0.));
#4411 = CIRCLE('',#4412,0.55);
#4412 = AXIS2_PLACEMENT_3D('',#4413,#4414,#4415);
#4413 = CARTESIAN_POINT('',(177.,-90.93,0.));
#4414 = DIRECTION('',(-0.,0.,-1.));
#4415 = DIRECTION('',(-0.,-1.,0.));
#4416 = FACE_BOUND('',#4417,.F.);
#4417 = EDGE_LOOP('',(#4418));
#4418 = ORIENTED_EDGE('',*,*,#4419,.T.);
#4419 = EDGE_CURVE('',#4420,#4420,#4422,.T.);
#4420 = VERTEX_POINT('',#4421);
#4421 = CARTESIAN_POINT('',(177.,-87.67,0.));
#4422 = CIRCLE('',#4423,0.55);
#4423 = AXIS2_PLACEMENT_3D('',#4424,#4425,#4426);
#4424 = CARTESIAN_POINT('',(177.,-87.12,0.));
#4425 = DIRECTION('',(-0.,0.,-1.));
#4426 = DIRECTION('',(-0.,-1.,0.));
#4427 = FACE_BOUND('',#4428,.F.);
#4428 = EDGE_LOOP('',(#4429));
#4429 = ORIENTED_EDGE('',*,*,#4430,.T.);
#4430 = EDGE_CURVE('',#4431,#4431,#4433,.T.);
#4431 = VERTEX_POINT('',#4432);
#4432 = CARTESIAN_POINT('',(177.,-83.86,0.));
#4433 = CIRCLE('',#4434,0.55);
#4434 = AXIS2_PLACEMENT_3D('',#4435,#4436,#4437);
#4435 = CARTESIAN_POINT('',(177.,-83.31,0.));
#4436 = DIRECTION('',(-0.,0.,-1.));
#4437 = DIRECTION('',(-0.,-1.,0.));
#4438 = FACE_BOUND('',#4439,.F.);
#4439 = EDGE_LOOP('',(#4440));
#4440 = ORIENTED_EDGE('',*,*,#4441,.T.);
#4441 = EDGE_CURVE('',#4442,#4442,#4444,.T.);
#4442 = VERTEX_POINT('',#4443);
#4443 = CARTESIAN_POINT('',(188.4,-89.58,0.));
#4444 = CIRCLE('',#4445,0.55);
#4445 = AXIS2_PLACEMENT_3D('',#4446,#4447,#4448);
#4446 = CARTESIAN_POINT('',(188.4,-89.03,0.));
#4447 = DIRECTION('',(-0.,0.,-1.));
#4448 = DIRECTION('',(5.167583532801E-14,-1.,-0.));
#4449 = FACE_BOUND('',#4450,.F.);
#4450 = EDGE_LOOP('',(#4451));
#4451 = ORIENTED_EDGE('',*,*,#4452,.T.);
#4452 = EDGE_CURVE('',#4453,#4453,#4455,.T.);
#4453 = VERTEX_POINT('',#4454);
#4454 = CARTESIAN_POINT('',(188.4,-85.77,0.));
#4455 = CIRCLE('',#4456,0.55);
#4456 = AXIS2_PLACEMENT_3D('',#4457,#4458,#4459);
#4457 = CARTESIAN_POINT('',(188.4,-85.22,0.));
#4458 = DIRECTION('',(-0.,0.,-1.));
#4459 = DIRECTION('',(5.167583532801E-14,-1.,-0.));
#4460 = FACE_BOUND('',#4461,.F.);
#4461 = EDGE_LOOP('',(#4462));
#4462 = ORIENTED_EDGE('',*,*,#4463,.T.);
#4463 = EDGE_CURVE('',#4464,#4464,#4466,.T.);
#4464 = VERTEX_POINT('',#4465);
#4465 = CARTESIAN_POINT('',(188.4,-81.96,0.));
#4466 = CIRCLE('',#4467,0.55);
#4467 = AXIS2_PLACEMENT_3D('',#4468,#4469,#4470);
#4468 = CARTESIAN_POINT('',(188.4,-81.41,0.));
#4469 = DIRECTION('',(-0.,0.,-1.));
#4470 = DIRECTION('',(5.167583532801E-14,-1.,-0.));
#4471 = FACE_BOUND('',#4472,.F.);
#4472 = EDGE_LOOP('',(#4473));
#4473 = ORIENTED_EDGE('',*,*,#4474,.T.);
#4474 = EDGE_CURVE('',#4475,#4475,#4477,.T.);
#4475 = VERTEX_POINT('',#4476);
#4476 = CARTESIAN_POINT('',(153.167499,-62.5775,0.));
#4477 = CIRCLE('',#4478,0.65);
#4478 = AXIS2_PLACEMENT_3D('',#4479,#4480,#4481);
#4479 = CARTESIAN_POINT('',(153.167499,-61.9275,0.));
#4480 = DIRECTION('',(-0.,0.,-1.));
#4481 = DIRECTION('',(-0.,-1.,0.));
#4482 = FACE_BOUND('',#4483,.F.);
#4483 = EDGE_LOOP('',(#4484));
#4484 = ORIENTED_EDGE('',*,*,#4485,.T.);
#4485 = EDGE_CURVE('',#4486,#4486,#4488,.T.);
#4486 = VERTEX_POINT('',#4487);
#4487 = CARTESIAN_POINT('',(159.517499,-62.5775,0.));
#4488 = CIRCLE('',#4489,0.65);
#4489 = AXIS2_PLACEMENT_3D('',#4490,#4491,#4492);
#4490 = CARTESIAN_POINT('',(159.517499,-61.9275,0.));
#4491 = DIRECTION('',(-0.,0.,-1.));
#4492 = DIRECTION('',(-0.,-1.,0.));
#4493 = FACE_BOUND('',#4494,.F.);
#4494 = EDGE_LOOP('',(#4495));
#4495 = ORIENTED_EDGE('',*,*,#4496,.T.);
#4496 = EDGE_CURVE('',#4497,#4497,#4499,.T.);
#4497 = VERTEX_POINT('',#4498);
#4498 = CARTESIAN_POINT('',(165.867499,-62.5775,0.));
#4499 = CIRCLE('',#4500,0.65);
#4500 = AXIS2_PLACEMENT_3D('',#4501,#4502,#4503);
#4501 = CARTESIAN_POINT('',(165.867499,-61.9275,0.));
#4502 = DIRECTION('',(-0.,0.,-1.));
#4503 = DIRECTION('',(-0.,-1.,0.));
#4504 = FACE_BOUND('',#4505,.F.);
#4505 = EDGE_LOOP('',(#4506));
#4506 = ORIENTED_EDGE('',*,*,#4507,.T.);
#4507 = EDGE_CURVE('',#4508,#4508,#4510,.T.);
#4508 = VERTEX_POINT('',#4509);
#4509 = CARTESIAN_POINT('',(177.,-80.05,0.));
#4510 = CIRCLE('',#4511,0.55);
#4511 = AXIS2_PLACEMENT_3D('',#4512,#4513,#4514);
#4512 = CARTESIAN_POINT('',(177.,-79.5,0.));
#4513 = DIRECTION('',(-0.,0.,-1.));
#4514 = DIRECTION('',(-0.,-1.,0.));
#4515 = FACE_BOUND('',#4516,.F.);
#4516 = EDGE_LOOP('',(#4517));
#4517 = ORIENTED_EDGE('',*,*,#4518,.T.);
#4518 = EDGE_CURVE('',#4519,#4519,#4521,.T.);
#4519 = VERTEX_POINT('',#4520);
#4520 = CARTESIAN_POINT('',(177.,-76.24,0.));
#4521 = CIRCLE('',#4522,0.55);
#4522 = AXIS2_PLACEMENT_3D('',#4523,#4524,#4525);
#4523 = CARTESIAN_POINT('',(177.,-75.69,0.));
#4524 = DIRECTION('',(-0.,0.,-1.));
#4525 = DIRECTION('',(-0.,-1.,0.));
#4526 = FACE_BOUND('',#4527,.F.);
#4527 = EDGE_LOOP('',(#4528));
#4528 = ORIENTED_EDGE('',*,*,#4529,.T.);
#4529 = EDGE_CURVE('',#4530,#4530,#4532,.T.);
#4530 = VERTEX_POINT('',#4531);
#4531 = CARTESIAN_POINT('',(188.4,-78.15,0.));
#4532 = CIRCLE('',#4533,0.55);
#4533 = AXIS2_PLACEMENT_3D('',#4534,#4535,#4536);
#4534 = CARTESIAN_POINT('',(188.4,-77.6,0.));
#4535 = DIRECTION('',(-0.,0.,-1.));
#4536 = DIRECTION('',(5.1675835328E-14,-1.,-0.));
#4537 = FACE_BOUND('',#4538,.F.);
#4538 = EDGE_LOOP('',(#4539));
#4539 = ORIENTED_EDGE('',*,*,#4540,.T.);
#4540 = EDGE_CURVE('',#4541,#4541,#4543,.T.);
#4541 = VERTEX_POINT('',#4542);
#4542 = CARTESIAN_POINT('',(188.4,-74.34,0.));
#4543 = CIRCLE('',#4544,0.55);
#4544 = AXIS2_PLACEMENT_3D('',#4545,#4546,#4547);
#4545 = CARTESIAN_POINT('',(188.4,-73.79,0.));
#4546 = DIRECTION('',(-0.,0.,-1.));
#4547 = DIRECTION('',(5.1675835328E-14,-1.,-0.));
#4548 = FACE_BOUND('',#4549,.F.);
#4549 = EDGE_LOOP('',(#4550));
#4550 = ORIENTED_EDGE('',*,*,#4551,.T.);
#4551 = EDGE_CURVE('',#4552,#4552,#4554,.T.);
#4552 = VERTEX_POINT('',#4553);
#4553 = CARTESIAN_POINT('',(172.217499,-62.5775,0.));
#4554 = CIRCLE('',#4555,0.65);
#4555 = AXIS2_PLACEMENT_3D('',#4556,#4557,#4558);
#4556 = CARTESIAN_POINT('',(172.217499,-61.9275,0.));
#4557 = DIRECTION('',(-0.,0.,-1.));
#4558 = DIRECTION('',(-0.,-1.,0.));
#4559 = FACE_BOUND('',#4560,.F.);
#4560 = EDGE_LOOP('',(#4561));
#4561 = ORIENTED_EDGE('',*,*,#4562,.T.);
#4562 = EDGE_CURVE('',#4563,#4563,#4565,.T.);
#4563 = VERTEX_POINT('',#4564);
#4564 = CARTESIAN_POINT('',(178.567499,-62.5775,0.));
#4565 = CIRCLE('',#4566,0.65);
#4566 = AXIS2_PLACEMENT_3D('',#4567,#4568,#4569);
#4567 = CARTESIAN_POINT('',(178.567499,-61.9275,0.));
#4568 = DIRECTION('',(-0.,0.,-1.));
#4569 = DIRECTION('',(-0.,-1.,0.));
#4570 = FACE_BOUND('',#4571,.F.);
#4571 = EDGE_LOOP('',(#4572));
#4572 = ORIENTED_EDGE('',*,*,#4573,.T.);
#4573 = EDGE_CURVE('',#4574,#4574,#4576,.T.);
#4574 = VERTEX_POINT('',#4575);
#4575 = CARTESIAN_POINT('',(190.,-61.6,0.));
#4576 = CIRCLE('',#4577,1.6);
#4577 = AXIS2_PLACEMENT_3D('',#4578,#4579,#4580);
#4578 = CARTESIAN_POINT('',(190.,-60.,0.));
#4579 = DIRECTION('',(-0.,0.,-1.));
#4580 = DIRECTION('',(-0.,-1.,0.));
#4581 = PLANE('',#4582);
#4582 = AXIS2_PLACEMENT_3D('',#4583,#4584,#4585);
#4583 = CARTESIAN_POINT('',(0.,0.,0.));
#4584 = DIRECTION('',(0.,0.,1.));
#4585 = DIRECTION('',(1.,0.,-0.));
#4586 = ADVANCED_FACE('',(#4587,#4633,#4644,#4655,#4666,#4677,#4688,
    #4699,#4710,#4721,#4732,#4743,#4754,#4765,#4776,#4787,#4798,#4809,
    #4820,#4831,#4842,#4853,#4864,#4875,#4886,#4897,#4908,#4919,#4930,
    #4941,#4952,#4963,#4974,#4985,#4996,#5007,#5018,#5029,#5040,#5051,
    #5062,#5073,#5084,#5095,#5106,#5117,#5128,#5139,#5150,#5161,#5172,
    #5183,#5194,#5205,#5216,#5227,#5238,#5249,#5260,#5271,#5282,#5293,
    #5304,#5315,#5326,#5337,#5348,#5359,#5370,#5381,#5392,#5403,#5414,
    #5425,#5436,#5447,#5458,#5469,#5480,#5491,#5502),#5513,.T.);
#4587 = FACE_BOUND('',#4588,.T.);
#4588 = EDGE_LOOP('',(#4589,#4590,#4591,#4600,#4608,#4617,#4625,#4632));
#4589 = ORIENTED_EDGE('',*,*,#3564,.F.);
#4590 = ORIENTED_EDGE('',*,*,#3606,.F.);
#4591 = ORIENTED_EDGE('',*,*,#4592,.F.);
#4592 = EDGE_CURVE('',#4593,#3599,#4595,.T.);
#4593 = VERTEX_POINT('',#4594);
#4594 = CARTESIAN_POINT('',(100.,-60.,1.51));
#4595 = CIRCLE('',#4596,9.999999357669);
#4596 = AXIS2_PLACEMENT_3D('',#4597,#4598,#4599);
#4597 = CARTESIAN_POINT('',(109.99999935766,-59.99999935766,1.51));
#4598 = DIRECTION('',(0.,0.,-1.));
#4599 = DIRECTION('',(-1.,-6.423314275614E-08,-0.));
#4600 = ORIENTED_EDGE('',*,*,#4601,.F.);
#4601 = EDGE_CURVE('',#4602,#4593,#4604,.T.);
#4602 = VERTEX_POINT('',#4603);
#4603 = CARTESIAN_POINT('',(100.,-140.,1.51));
#4604 = LINE('',#4605,#4606);
#4605 = CARTESIAN_POINT('',(100.,-140.,1.51));
#4606 = VECTOR('',#4607,1.);
#4607 = DIRECTION('',(0.,1.,0.));
#4608 = ORIENTED_EDGE('',*,*,#4609,.F.);
#4609 = EDGE_CURVE('',#4610,#4602,#4612,.T.);
#4610 = VERTEX_POINT('',#4611);
#4611 = CARTESIAN_POINT('',(110.,-150.,1.51));
#4612 = CIRCLE('',#4613,9.999999357669);
#4613 = AXIS2_PLACEMENT_3D('',#4614,#4615,#4616);
#4614 = CARTESIAN_POINT('',(109.99999935766,-140.0000006423,1.51));
#4615 = DIRECTION('',(0.,0.,-1.));
#4616 = DIRECTION('',(6.423314275614E-08,-1.,0.));
#4617 = ORIENTED_EDGE('',*,*,#4618,.F.);
#4618 = EDGE_CURVE('',#4619,#4610,#4621,.T.);
#4619 = VERTEX_POINT('',#4620);
#4620 = CARTESIAN_POINT('',(190.,-150.,1.51));
#4621 = LINE('',#4622,#4623);
#4622 = CARTESIAN_POINT('',(190.,-150.,1.51));
#4623 = VECTOR('',#4624,1.);
#4624 = DIRECTION('',(-1.,0.,0.));
#4625 = ORIENTED_EDGE('',*,*,#4626,.F.);
#4626 = EDGE_CURVE('',#3629,#4619,#4627,.T.);
#4627 = CIRCLE('',#4628,9.999999357669);
#4628 = AXIS2_PLACEMENT_3D('',#4629,#4630,#4631);
#4629 = CARTESIAN_POINT('',(190.00000064233,-140.0000006423,1.51));
#4630 = DIRECTION('',(0.,0.,-1.));
#4631 = DIRECTION('',(1.,6.423314133505E-08,0.));
#4632 = ORIENTED_EDGE('',*,*,#3628,.F.);
#4633 = FACE_BOUND('',#4634,.T.);
#4634 = EDGE_LOOP('',(#4635));
#4635 = ORIENTED_EDGE('',*,*,#4636,.T.);
#4636 = EDGE_CURVE('',#4637,#4637,#4639,.T.);
#4637 = VERTEX_POINT('',#4638);
#4638 = CARTESIAN_POINT('',(116.6,-145.005,1.51));
#4639 = CIRCLE('',#4640,0.425);
#4640 = AXIS2_PLACEMENT_3D('',#4641,#4642,#4643);
#4641 = CARTESIAN_POINT('',(116.6,-144.58,1.51));
#4642 = DIRECTION('',(-0.,0.,-1.));
#4643 = DIRECTION('',(-0.,-1.,0.));
#4644 = FACE_BOUND('',#4645,.T.);
#4645 = EDGE_LOOP('',(#4646));
#4646 = ORIENTED_EDGE('',*,*,#4647,.T.);
#4647 = EDGE_CURVE('',#4648,#4648,#4650,.T.);
#4648 = VERTEX_POINT('',#4649);
#4649 = CARTESIAN_POINT('',(110.,-141.6,1.51));
#4650 = CIRCLE('',#4651,1.6);
#4651 = AXIS2_PLACEMENT_3D('',#4652,#4653,#4654);
#4652 = CARTESIAN_POINT('',(110.,-140.,1.51));
#4653 = DIRECTION('',(-0.,0.,-1.));
#4654 = DIRECTION('',(-0.,-1.,0.));
#4655 = FACE_BOUND('',#4656,.T.);
#4656 = EDGE_LOOP('',(#4657));
#4657 = ORIENTED_EDGE('',*,*,#4658,.T.);
#4658 = EDGE_CURVE('',#4659,#4659,#4661,.T.);
#4659 = VERTEX_POINT('',#4660);
#4660 = CARTESIAN_POINT('',(120.8,-145.005,1.51));
#4661 = CIRCLE('',#4662,0.425);
#4662 = AXIS2_PLACEMENT_3D('',#4663,#4664,#4665);
#4663 = CARTESIAN_POINT('',(120.8,-144.58,1.51));
#4664 = DIRECTION('',(-0.,0.,-1.));
#4665 = DIRECTION('',(-0.,-1.,0.));
#4666 = FACE_BOUND('',#4667,.T.);
#4667 = EDGE_LOOP('',(#4668));
#4668 = ORIENTED_EDGE('',*,*,#4669,.T.);
#4669 = EDGE_CURVE('',#4670,#4670,#4672,.T.);
#4670 = VERTEX_POINT('',#4671);
#4671 = CARTESIAN_POINT('',(125.,-145.005,1.51));
#4672 = CIRCLE('',#4673,0.425);
#4673 = AXIS2_PLACEMENT_3D('',#4674,#4675,#4676);
#4674 = CARTESIAN_POINT('',(125.,-144.58,1.51));
#4675 = DIRECTION('',(-0.,0.,-1.));
#4676 = DIRECTION('',(-0.,-1.,0.));
#4677 = FACE_BOUND('',#4678,.T.);
#4678 = EDGE_LOOP('',(#4679));
#4679 = ORIENTED_EDGE('',*,*,#4680,.T.);
#4680 = EDGE_CURVE('',#4681,#4681,#4683,.T.);
#4681 = VERTEX_POINT('',#4682);
#4682 = CARTESIAN_POINT('',(129.2,-145.005,1.51));
#4683 = CIRCLE('',#4684,0.425);
#4684 = AXIS2_PLACEMENT_3D('',#4685,#4686,#4687);
#4685 = CARTESIAN_POINT('',(129.2,-144.58,1.51));
#4686 = DIRECTION('',(-0.,0.,-1.));
#4687 = DIRECTION('',(-0.,-1.,0.));
#4688 = FACE_BOUND('',#4689,.T.);
#4689 = EDGE_LOOP('',(#4690));
#4690 = ORIENTED_EDGE('',*,*,#4691,.T.);
#4691 = EDGE_CURVE('',#4692,#4692,#4694,.T.);
#4692 = VERTEX_POINT('',#4693);
#4693 = CARTESIAN_POINT('',(136.487087,-148.478901,1.51));
#4694 = CIRCLE('',#4695,0.4);
#4695 = AXIS2_PLACEMENT_3D('',#4696,#4697,#4698);
#4696 = CARTESIAN_POINT('',(136.487087,-148.078901,1.51));
#4697 = DIRECTION('',(-0.,0.,-1.));
#4698 = DIRECTION('',(-0.,-1.,0.));
#4699 = FACE_BOUND('',#4700,.T.);
#4700 = EDGE_LOOP('',(#4701));
#4701 = ORIENTED_EDGE('',*,*,#4702,.T.);
#4702 = EDGE_CURVE('',#4703,#4703,#4705,.T.);
#4703 = VERTEX_POINT('',#4704);
#4704 = CARTESIAN_POINT('',(136.487087,-145.938901,1.51));
#4705 = CIRCLE('',#4706,0.4);
#4706 = AXIS2_PLACEMENT_3D('',#4707,#4708,#4709);
#4707 = CARTESIAN_POINT('',(136.487087,-145.538901,1.51));
#4708 = DIRECTION('',(-0.,0.,-1.));
#4709 = DIRECTION('',(-0.,-1.,0.));
#4710 = FACE_BOUND('',#4711,.T.);
#4711 = EDGE_LOOP('',(#4712));
#4712 = ORIENTED_EDGE('',*,*,#4713,.T.);
#4713 = EDGE_CURVE('',#4714,#4714,#4716,.T.);
#4714 = VERTEX_POINT('',#4715);
#4715 = CARTESIAN_POINT('',(136.487087,-143.398901,1.51));
#4716 = CIRCLE('',#4717,0.4);
#4717 = AXIS2_PLACEMENT_3D('',#4718,#4719,#4720);
#4718 = CARTESIAN_POINT('',(136.487087,-142.998901,1.51));
#4719 = DIRECTION('',(-0.,0.,-1.));
#4720 = DIRECTION('',(-0.,-1.,0.));
#4721 = FACE_BOUND('',#4722,.T.);
#4722 = EDGE_LOOP('',(#4723));
#4723 = ORIENTED_EDGE('',*,*,#4724,.T.);
#4724 = EDGE_CURVE('',#4725,#4725,#4727,.T.);
#4725 = VERTEX_POINT('',#4726);
#4726 = CARTESIAN_POINT('',(136.487087,-140.858901,1.51));
#4727 = CIRCLE('',#4728,0.4);
#4728 = AXIS2_PLACEMENT_3D('',#4729,#4730,#4731);
#4729 = CARTESIAN_POINT('',(136.487087,-140.458901,1.51));
#4730 = DIRECTION('',(-0.,0.,-1.));
#4731 = DIRECTION('',(-0.,-1.,0.));
#4732 = FACE_BOUND('',#4733,.T.);
#4733 = EDGE_LOOP('',(#4734));
#4734 = ORIENTED_EDGE('',*,*,#4735,.T.);
#4735 = EDGE_CURVE('',#4736,#4736,#4738,.T.);
#4736 = VERTEX_POINT('',#4737);
#4737 = CARTESIAN_POINT('',(136.487087,-138.318901,1.51));
#4738 = CIRCLE('',#4739,0.4);
#4739 = AXIS2_PLACEMENT_3D('',#4740,#4741,#4742);
#4740 = CARTESIAN_POINT('',(136.487087,-137.918901,1.51));
#4741 = DIRECTION('',(-0.,0.,-1.));
#4742 = DIRECTION('',(-0.,-1.,0.));
#4743 = FACE_BOUND('',#4744,.T.);
#4744 = EDGE_LOOP('',(#4745));
#4745 = ORIENTED_EDGE('',*,*,#4746,.T.);
#4746 = EDGE_CURVE('',#4747,#4747,#4749,.T.);
#4747 = VERTEX_POINT('',#4748);
#4748 = CARTESIAN_POINT('',(136.487087,-135.778901,1.51));
#4749 = CIRCLE('',#4750,0.4);
#4750 = AXIS2_PLACEMENT_3D('',#4751,#4752,#4753);
#4751 = CARTESIAN_POINT('',(136.487087,-135.378901,1.51));
#4752 = DIRECTION('',(-0.,0.,-1.));
#4753 = DIRECTION('',(-0.,-1.,0.));
#4754 = FACE_BOUND('',#4755,.T.);
#4755 = EDGE_LOOP('',(#4756));
#4756 = ORIENTED_EDGE('',*,*,#4757,.T.);
#4757 = EDGE_CURVE('',#4758,#4758,#4760,.T.);
#4758 = VERTEX_POINT('',#4759);
#4759 = CARTESIAN_POINT('',(136.487087,-133.238901,1.51));
#4760 = CIRCLE('',#4761,0.4);
#4761 = AXIS2_PLACEMENT_3D('',#4762,#4763,#4764);
#4762 = CARTESIAN_POINT('',(136.487087,-132.838901,1.51));
#4763 = DIRECTION('',(-0.,0.,-1.));
#4764 = DIRECTION('',(-0.,-1.,0.));
#4765 = FACE_BOUND('',#4766,.T.);
#4766 = EDGE_LOOP('',(#4767));
#4767 = ORIENTED_EDGE('',*,*,#4768,.T.);
#4768 = EDGE_CURVE('',#4769,#4769,#4771,.T.);
#4769 = VERTEX_POINT('',#4770);
#4770 = CARTESIAN_POINT('',(136.487087,-130.698901,1.51));
#4771 = CIRCLE('',#4772,0.4);
#4772 = AXIS2_PLACEMENT_3D('',#4773,#4774,#4775);
#4773 = CARTESIAN_POINT('',(136.487087,-130.298901,1.51));
#4774 = DIRECTION('',(-0.,0.,-1.));
#4775 = DIRECTION('',(-0.,-1.,0.));
#4776 = FACE_BOUND('',#4777,.T.);
#4777 = EDGE_LOOP('',(#4778));
#4778 = ORIENTED_EDGE('',*,*,#4779,.T.);
#4779 = EDGE_CURVE('',#4780,#4780,#4782,.T.);
#4780 = VERTEX_POINT('',#4781);
#4781 = CARTESIAN_POINT('',(136.487087,-128.158901,1.51));
#4782 = CIRCLE('',#4783,0.4);
#4783 = AXIS2_PLACEMENT_3D('',#4784,#4785,#4786);
#4784 = CARTESIAN_POINT('',(136.487087,-127.758901,1.51));
#4785 = DIRECTION('',(-0.,0.,-1.));
#4786 = DIRECTION('',(-0.,-1.,0.));
#4787 = FACE_BOUND('',#4788,.T.);
#4788 = EDGE_LOOP('',(#4789));
#4789 = ORIENTED_EDGE('',*,*,#4790,.T.);
#4790 = EDGE_CURVE('',#4791,#4791,#4793,.T.);
#4791 = VERTEX_POINT('',#4792);
#4792 = CARTESIAN_POINT('',(136.487087,-125.618901,1.51));
#4793 = CIRCLE('',#4794,0.4);
#4794 = AXIS2_PLACEMENT_3D('',#4795,#4796,#4797);
#4795 = CARTESIAN_POINT('',(136.487087,-125.218901,1.51));
#4796 = DIRECTION('',(-0.,0.,-1.));
#4797 = DIRECTION('',(-0.,-1.,0.));
#4798 = FACE_BOUND('',#4799,.T.);
#4799 = EDGE_LOOP('',(#4800));
#4800 = ORIENTED_EDGE('',*,*,#4801,.T.);
#4801 = EDGE_CURVE('',#4802,#4802,#4804,.T.);
#4802 = VERTEX_POINT('',#4803);
#4803 = CARTESIAN_POINT('',(136.487087,-123.078901,1.51));
#4804 = CIRCLE('',#4805,0.4);
#4805 = AXIS2_PLACEMENT_3D('',#4806,#4807,#4808);
#4806 = CARTESIAN_POINT('',(136.487087,-122.678901,1.51));
#4807 = DIRECTION('',(-0.,0.,-1.));
#4808 = DIRECTION('',(-0.,-1.,0.));
#4809 = FACE_BOUND('',#4810,.T.);
#4810 = EDGE_LOOP('',(#4811));
#4811 = ORIENTED_EDGE('',*,*,#4812,.T.);
#4812 = EDGE_CURVE('',#4813,#4813,#4815,.T.);
#4813 = VERTEX_POINT('',#4814);
#4814 = CARTESIAN_POINT('',(136.487087,-120.538901,1.51));
#4815 = CIRCLE('',#4816,0.4);
#4816 = AXIS2_PLACEMENT_3D('',#4817,#4818,#4819);
#4817 = CARTESIAN_POINT('',(136.487087,-120.138901,1.51));
#4818 = DIRECTION('',(-0.,0.,-1.));
#4819 = DIRECTION('',(-0.,-1.,0.));
#4820 = FACE_BOUND('',#4821,.T.);
#4821 = EDGE_LOOP('',(#4822));
#4822 = ORIENTED_EDGE('',*,*,#4823,.T.);
#4823 = EDGE_CURVE('',#4824,#4824,#4826,.T.);
#4824 = VERTEX_POINT('',#4825);
#4825 = CARTESIAN_POINT('',(136.487087,-117.998901,1.51));
#4826 = CIRCLE('',#4827,0.4);
#4827 = AXIS2_PLACEMENT_3D('',#4828,#4829,#4830);
#4828 = CARTESIAN_POINT('',(136.487087,-117.598901,1.51));
#4829 = DIRECTION('',(-0.,0.,-1.));
#4830 = DIRECTION('',(-0.,-1.,0.));
#4831 = FACE_BOUND('',#4832,.T.);
#4832 = EDGE_LOOP('',(#4833));
#4833 = ORIENTED_EDGE('',*,*,#4834,.T.);
#4834 = EDGE_CURVE('',#4835,#4835,#4837,.T.);
#4835 = VERTEX_POINT('',#4836);
#4836 = CARTESIAN_POINT('',(136.487087,-115.458901,1.51));
#4837 = CIRCLE('',#4838,0.4);
#4838 = AXIS2_PLACEMENT_3D('',#4839,#4840,#4841);
#4839 = CARTESIAN_POINT('',(136.487087,-115.058901,1.51));
#4840 = DIRECTION('',(-0.,0.,-1.));
#4841 = DIRECTION('',(-0.,-1.,0.));
#4842 = FACE_BOUND('',#4843,.T.);
#4843 = EDGE_LOOP('',(#4844));
#4844 = ORIENTED_EDGE('',*,*,#4845,.T.);
#4845 = EDGE_CURVE('',#4846,#4846,#4848,.T.);
#4846 = VERTEX_POINT('',#4847);
#4847 = CARTESIAN_POINT('',(136.487087,-112.918901,1.51));
#4848 = CIRCLE('',#4849,0.4);
#4849 = AXIS2_PLACEMENT_3D('',#4850,#4851,#4852);
#4850 = CARTESIAN_POINT('',(136.487087,-112.518901,1.51));
#4851 = DIRECTION('',(-0.,0.,-1.));
#4852 = DIRECTION('',(-0.,-1.,0.));
#4853 = FACE_BOUND('',#4854,.T.);
#4854 = EDGE_LOOP('',(#4855));
#4855 = ORIENTED_EDGE('',*,*,#4856,.T.);
#4856 = EDGE_CURVE('',#4857,#4857,#4859,.T.);
#4857 = VERTEX_POINT('',#4858);
#4858 = CARTESIAN_POINT('',(161.887087,-148.478901,1.51));
#4859 = CIRCLE('',#4860,0.4);
#4860 = AXIS2_PLACEMENT_3D('',#4861,#4862,#4863);
#4861 = CARTESIAN_POINT('',(161.887087,-148.078901,1.51));
#4862 = DIRECTION('',(-0.,0.,-1.));
#4863 = DIRECTION('',(-0.,-1.,0.));
#4864 = FACE_BOUND('',#4865,.T.);
#4865 = EDGE_LOOP('',(#4866));
#4866 = ORIENTED_EDGE('',*,*,#4867,.T.);
#4867 = EDGE_CURVE('',#4868,#4868,#4870,.T.);
#4868 = VERTEX_POINT('',#4869);
#4869 = CARTESIAN_POINT('',(161.887087,-145.938901,1.51));
#4870 = CIRCLE('',#4871,0.4);
#4871 = AXIS2_PLACEMENT_3D('',#4872,#4873,#4874);
#4872 = CARTESIAN_POINT('',(161.887087,-145.538901,1.51));
#4873 = DIRECTION('',(-0.,0.,-1.));
#4874 = DIRECTION('',(-0.,-1.,0.));
#4875 = FACE_BOUND('',#4876,.T.);
#4876 = EDGE_LOOP('',(#4877));
#4877 = ORIENTED_EDGE('',*,*,#4878,.T.);
#4878 = EDGE_CURVE('',#4879,#4879,#4881,.T.);
#4879 = VERTEX_POINT('',#4880);
#4880 = CARTESIAN_POINT('',(161.887087,-143.398901,1.51));
#4881 = CIRCLE('',#4882,0.4);
#4882 = AXIS2_PLACEMENT_3D('',#4883,#4884,#4885);
#4883 = CARTESIAN_POINT('',(161.887087,-142.998901,1.51));
#4884 = DIRECTION('',(-0.,0.,-1.));
#4885 = DIRECTION('',(-0.,-1.,0.));
#4886 = FACE_BOUND('',#4887,.T.);
#4887 = EDGE_LOOP('',(#4888));
#4888 = ORIENTED_EDGE('',*,*,#4889,.T.);
#4889 = EDGE_CURVE('',#4890,#4890,#4892,.T.);
#4890 = VERTEX_POINT('',#4891);
#4891 = CARTESIAN_POINT('',(169.1,-145.005,1.51));
#4892 = CIRCLE('',#4893,0.425);
#4893 = AXIS2_PLACEMENT_3D('',#4894,#4895,#4896);
#4894 = CARTESIAN_POINT('',(169.1,-144.58,1.51));
#4895 = DIRECTION('',(-0.,0.,-1.));
#4896 = DIRECTION('',(-6.687461042448E-14,-1.,0.));
#4897 = FACE_BOUND('',#4898,.T.);
#4898 = EDGE_LOOP('',(#4899));
#4899 = ORIENTED_EDGE('',*,*,#4900,.T.);
#4900 = EDGE_CURVE('',#4901,#4901,#4903,.T.);
#4901 = VERTEX_POINT('',#4902);
#4902 = CARTESIAN_POINT('',(161.887087,-140.858901,1.51));
#4903 = CIRCLE('',#4904,0.4);
#4904 = AXIS2_PLACEMENT_3D('',#4905,#4906,#4907);
#4905 = CARTESIAN_POINT('',(161.887087,-140.458901,1.51));
#4906 = DIRECTION('',(-0.,0.,-1.));
#4907 = DIRECTION('',(-0.,-1.,0.));
#4908 = FACE_BOUND('',#4909,.T.);
#4909 = EDGE_LOOP('',(#4910));
#4910 = ORIENTED_EDGE('',*,*,#4911,.T.);
#4911 = EDGE_CURVE('',#4912,#4912,#4914,.T.);
#4912 = VERTEX_POINT('',#4913);
#4913 = CARTESIAN_POINT('',(161.887087,-138.318901,1.51));
#4914 = CIRCLE('',#4915,0.4);
#4915 = AXIS2_PLACEMENT_3D('',#4916,#4917,#4918);
#4916 = CARTESIAN_POINT('',(161.887087,-137.918901,1.51));
#4917 = DIRECTION('',(-0.,0.,-1.));
#4918 = DIRECTION('',(-0.,-1.,0.));
#4919 = FACE_BOUND('',#4920,.T.);
#4920 = EDGE_LOOP('',(#4921));
#4921 = ORIENTED_EDGE('',*,*,#4922,.T.);
#4922 = EDGE_CURVE('',#4923,#4923,#4925,.T.);
#4923 = VERTEX_POINT('',#4924);
#4924 = CARTESIAN_POINT('',(161.887087,-135.778901,1.51));
#4925 = CIRCLE('',#4926,0.4);
#4926 = AXIS2_PLACEMENT_3D('',#4927,#4928,#4929);
#4927 = CARTESIAN_POINT('',(161.887087,-135.378901,1.51));
#4928 = DIRECTION('',(-0.,0.,-1.));
#4929 = DIRECTION('',(-0.,-1.,0.));
#4930 = FACE_BOUND('',#4931,.T.);
#4931 = EDGE_LOOP('',(#4932));
#4932 = ORIENTED_EDGE('',*,*,#4933,.T.);
#4933 = EDGE_CURVE('',#4934,#4934,#4936,.T.);
#4934 = VERTEX_POINT('',#4935);
#4935 = CARTESIAN_POINT('',(161.887087,-133.238901,1.51));
#4936 = CIRCLE('',#4937,0.4);
#4937 = AXIS2_PLACEMENT_3D('',#4938,#4939,#4940);
#4938 = CARTESIAN_POINT('',(161.887087,-132.838901,1.51));
#4939 = DIRECTION('',(-0.,0.,-1.));
#4940 = DIRECTION('',(-0.,-1.,0.));
#4941 = FACE_BOUND('',#4942,.T.);
#4942 = EDGE_LOOP('',(#4943));
#4943 = ORIENTED_EDGE('',*,*,#4944,.T.);
#4944 = EDGE_CURVE('',#4945,#4945,#4947,.T.);
#4945 = VERTEX_POINT('',#4946);
#4946 = CARTESIAN_POINT('',(161.887087,-130.698901,1.51));
#4947 = CIRCLE('',#4948,0.4);
#4948 = AXIS2_PLACEMENT_3D('',#4949,#4950,#4951);
#4949 = CARTESIAN_POINT('',(161.887087,-130.298901,1.51));
#4950 = DIRECTION('',(-0.,0.,-1.));
#4951 = DIRECTION('',(-0.,-1.,0.));
#4952 = FACE_BOUND('',#4953,.T.);
#4953 = EDGE_LOOP('',(#4954));
#4954 = ORIENTED_EDGE('',*,*,#4955,.T.);
#4955 = EDGE_CURVE('',#4956,#4956,#4958,.T.);
#4956 = VERTEX_POINT('',#4957);
#4957 = CARTESIAN_POINT('',(161.887087,-128.158901,1.51));
#4958 = CIRCLE('',#4959,0.4);
#4959 = AXIS2_PLACEMENT_3D('',#4960,#4961,#4962);
#4960 = CARTESIAN_POINT('',(161.887087,-127.758901,1.51));
#4961 = DIRECTION('',(-0.,0.,-1.));
#4962 = DIRECTION('',(-0.,-1.,0.));
#4963 = FACE_BOUND('',#4964,.T.);
#4964 = EDGE_LOOP('',(#4965));
#4965 = ORIENTED_EDGE('',*,*,#4966,.T.);
#4966 = EDGE_CURVE('',#4967,#4967,#4969,.T.);
#4967 = VERTEX_POINT('',#4968);
#4968 = CARTESIAN_POINT('',(173.3,-145.005,1.51));
#4969 = CIRCLE('',#4970,0.425);
#4970 = AXIS2_PLACEMENT_3D('',#4971,#4972,#4973);
#4971 = CARTESIAN_POINT('',(173.3,-144.58,1.51));
#4972 = DIRECTION('',(-0.,0.,-1.));
#4973 = DIRECTION('',(-0.,-1.,0.));
#4974 = FACE_BOUND('',#4975,.T.);
#4975 = EDGE_LOOP('',(#4976));
#4976 = ORIENTED_EDGE('',*,*,#4977,.T.);
#4977 = EDGE_CURVE('',#4978,#4978,#4980,.T.);
#4978 = VERTEX_POINT('',#4979);
#4979 = CARTESIAN_POINT('',(177.5,-145.005,1.51));
#4980 = CIRCLE('',#4981,0.425);
#4981 = AXIS2_PLACEMENT_3D('',#4982,#4983,#4984);
#4982 = CARTESIAN_POINT('',(177.5,-144.58,1.51));
#4983 = DIRECTION('',(-0.,0.,-1.));
#4984 = DIRECTION('',(-0.,-1.,0.));
#4985 = FACE_BOUND('',#4986,.T.);
#4986 = EDGE_LOOP('',(#4987));
#4987 = ORIENTED_EDGE('',*,*,#4988,.T.);
#4988 = EDGE_CURVE('',#4989,#4989,#4991,.T.);
#4989 = VERTEX_POINT('',#4990);
#4990 = CARTESIAN_POINT('',(181.7,-145.005,1.51));
#4991 = CIRCLE('',#4992,0.425);
#4992 = AXIS2_PLACEMENT_3D('',#4993,#4994,#4995);
#4993 = CARTESIAN_POINT('',(181.7,-144.58,1.51));
#4994 = DIRECTION('',(-0.,0.,-1.));
#4995 = DIRECTION('',(-0.,-1.,0.));
#4996 = FACE_BOUND('',#4997,.T.);
#4997 = EDGE_LOOP('',(#4998));
#4998 = ORIENTED_EDGE('',*,*,#4999,.T.);
#4999 = EDGE_CURVE('',#5000,#5000,#5002,.T.);
#5000 = VERTEX_POINT('',#5001);
#5001 = CARTESIAN_POINT('',(190.,-141.6,1.51));
#5002 = CIRCLE('',#5003,1.6);
#5003 = AXIS2_PLACEMENT_3D('',#5004,#5005,#5006);
#5004 = CARTESIAN_POINT('',(190.,-140.,1.51));
#5005 = DIRECTION('',(-0.,0.,-1.));
#5006 = DIRECTION('',(-0.,-1.,0.));
#5007 = FACE_BOUND('',#5008,.T.);
#5008 = EDGE_LOOP('',(#5009));
#5009 = ORIENTED_EDGE('',*,*,#5010,.T.);
#5010 = EDGE_CURVE('',#5011,#5011,#5013,.T.);
#5011 = VERTEX_POINT('',#5012);
#5012 = CARTESIAN_POINT('',(161.887087,-125.618901,1.51));
#5013 = CIRCLE('',#5014,0.4);
#5014 = AXIS2_PLACEMENT_3D('',#5015,#5016,#5017);
#5015 = CARTESIAN_POINT('',(161.887087,-125.218901,1.51));
#5016 = DIRECTION('',(-0.,0.,-1.));
#5017 = DIRECTION('',(-0.,-1.,0.));
#5018 = FACE_BOUND('',#5019,.T.);
#5019 = EDGE_LOOP('',(#5020));
#5020 = ORIENTED_EDGE('',*,*,#5021,.T.);
#5021 = EDGE_CURVE('',#5022,#5022,#5024,.T.);
#5022 = VERTEX_POINT('',#5023);
#5023 = CARTESIAN_POINT('',(161.887087,-123.078901,1.51));
#5024 = CIRCLE('',#5025,0.4);
#5025 = AXIS2_PLACEMENT_3D('',#5026,#5027,#5028);
#5026 = CARTESIAN_POINT('',(161.887087,-122.678901,1.51));
#5027 = DIRECTION('',(-0.,0.,-1.));
#5028 = DIRECTION('',(-0.,-1.,0.));
#5029 = FACE_BOUND('',#5030,.T.);
#5030 = EDGE_LOOP('',(#5031));
#5031 = ORIENTED_EDGE('',*,*,#5032,.T.);
#5032 = EDGE_CURVE('',#5033,#5033,#5035,.T.);
#5033 = VERTEX_POINT('',#5034);
#5034 = CARTESIAN_POINT('',(161.887087,-120.538901,1.51));
#5035 = CIRCLE('',#5036,0.4);
#5036 = AXIS2_PLACEMENT_3D('',#5037,#5038,#5039);
#5037 = CARTESIAN_POINT('',(161.887087,-120.138901,1.51));
#5038 = DIRECTION('',(-0.,0.,-1.));
#5039 = DIRECTION('',(-0.,-1.,0.));
#5040 = FACE_BOUND('',#5041,.T.);
#5041 = EDGE_LOOP('',(#5042));
#5042 = ORIENTED_EDGE('',*,*,#5043,.T.);
#5043 = EDGE_CURVE('',#5044,#5044,#5046,.T.);
#5044 = VERTEX_POINT('',#5045);
#5045 = CARTESIAN_POINT('',(161.887087,-117.998901,1.51));
#5046 = CIRCLE('',#5047,0.4);
#5047 = AXIS2_PLACEMENT_3D('',#5048,#5049,#5050);
#5048 = CARTESIAN_POINT('',(161.887087,-117.598901,1.51));
#5049 = DIRECTION('',(-0.,0.,-1.));
#5050 = DIRECTION('',(-0.,-1.,0.));
#5051 = FACE_BOUND('',#5052,.T.);
#5052 = EDGE_LOOP('',(#5053));
#5053 = ORIENTED_EDGE('',*,*,#5054,.T.);
#5054 = EDGE_CURVE('',#5055,#5055,#5057,.T.);
#5055 = VERTEX_POINT('',#5056);
#5056 = CARTESIAN_POINT('',(161.887087,-115.458901,1.51));
#5057 = CIRCLE('',#5058,0.4);
#5058 = AXIS2_PLACEMENT_3D('',#5059,#5060,#5061);
#5059 = CARTESIAN_POINT('',(161.887087,-115.058901,1.51));
#5060 = DIRECTION('',(-0.,0.,-1.));
#5061 = DIRECTION('',(-0.,-1.,0.));
#5062 = FACE_BOUND('',#5063,.T.);
#5063 = EDGE_LOOP('',(#5064));
#5064 = ORIENTED_EDGE('',*,*,#5065,.T.);
#5065 = EDGE_CURVE('',#5066,#5066,#5068,.T.);
#5066 = VERTEX_POINT('',#5067);
#5067 = CARTESIAN_POINT('',(161.887087,-112.918901,1.51));
#5068 = CIRCLE('',#5069,0.4);
#5069 = AXIS2_PLACEMENT_3D('',#5070,#5071,#5072);
#5070 = CARTESIAN_POINT('',(161.887087,-112.518901,1.51));
#5071 = DIRECTION('',(-0.,0.,-1.));
#5072 = DIRECTION('',(-0.,-1.,0.));
#5073 = FACE_BOUND('',#5074,.T.);
#5074 = EDGE_LOOP('',(#5075));
#5075 = ORIENTED_EDGE('',*,*,#5076,.T.);
#5076 = EDGE_CURVE('',#5077,#5077,#5079,.T.);
#5077 = VERTEX_POINT('',#5078);
#5078 = CARTESIAN_POINT('',(177.,-118.15,1.51));
#5079 = CIRCLE('',#5080,0.55);
#5080 = AXIS2_PLACEMENT_3D('',#5081,#5082,#5083);
#5081 = CARTESIAN_POINT('',(177.,-117.6,1.51));
#5082 = DIRECTION('',(-0.,0.,-1.));
#5083 = DIRECTION('',(-0.,-1.,0.));
#5084 = FACE_BOUND('',#5085,.T.);
#5085 = EDGE_LOOP('',(#5086));
#5086 = ORIENTED_EDGE('',*,*,#5087,.T.);
#5087 = EDGE_CURVE('',#5088,#5088,#5090,.T.);
#5088 = VERTEX_POINT('',#5089);
#5089 = CARTESIAN_POINT('',(188.4,-116.25,1.51));
#5090 = CIRCLE('',#5091,0.55);
#5091 = AXIS2_PLACEMENT_3D('',#5092,#5093,#5094);
#5092 = CARTESIAN_POINT('',(188.4,-115.7,1.51));
#5093 = DIRECTION('',(-0.,0.,-1.));
#5094 = DIRECTION('',(5.1675835328E-14,-1.,-0.));
#5095 = FACE_BOUND('',#5096,.T.);
#5096 = EDGE_LOOP('',(#5097));
#5097 = ORIENTED_EDGE('',*,*,#5098,.T.);
#5098 = EDGE_CURVE('',#5099,#5099,#5101,.T.);
#5099 = VERTEX_POINT('',#5100);
#5100 = CARTESIAN_POINT('',(177.,-114.34,1.51));
#5101 = CIRCLE('',#5102,0.55);
#5102 = AXIS2_PLACEMENT_3D('',#5103,#5104,#5105);
#5103 = CARTESIAN_POINT('',(177.,-113.79,1.51));
#5104 = DIRECTION('',(-0.,0.,-1.));
#5105 = DIRECTION('',(-0.,-1.,0.));
#5106 = FACE_BOUND('',#5107,.T.);
#5107 = EDGE_LOOP('',(#5108));
#5108 = ORIENTED_EDGE('',*,*,#5109,.T.);
#5109 = EDGE_CURVE('',#5110,#5110,#5112,.T.);
#5110 = VERTEX_POINT('',#5111);
#5111 = CARTESIAN_POINT('',(177.,-110.53,1.51));
#5112 = CIRCLE('',#5113,0.55);
#5113 = AXIS2_PLACEMENT_3D('',#5114,#5115,#5116);
#5114 = CARTESIAN_POINT('',(177.,-109.98,1.51));
#5115 = DIRECTION('',(-0.,0.,-1.));
#5116 = DIRECTION('',(-0.,-1.,0.));
#5117 = FACE_BOUND('',#5118,.T.);
#5118 = EDGE_LOOP('',(#5119));
#5119 = ORIENTED_EDGE('',*,*,#5120,.T.);
#5120 = EDGE_CURVE('',#5121,#5121,#5123,.T.);
#5121 = VERTEX_POINT('',#5122);
#5122 = CARTESIAN_POINT('',(177.,-106.72,1.51));
#5123 = CIRCLE('',#5124,0.55);
#5124 = AXIS2_PLACEMENT_3D('',#5125,#5126,#5127);
#5125 = CARTESIAN_POINT('',(177.,-106.17,1.51));
#5126 = DIRECTION('',(-0.,0.,-1.));
#5127 = DIRECTION('',(-0.,-1.,0.));
#5128 = FACE_BOUND('',#5129,.T.);
#5129 = EDGE_LOOP('',(#5130));
#5130 = ORIENTED_EDGE('',*,*,#5131,.T.);
#5131 = EDGE_CURVE('',#5132,#5132,#5134,.T.);
#5132 = VERTEX_POINT('',#5133);
#5133 = CARTESIAN_POINT('',(188.4,-112.44,1.51));
#5134 = CIRCLE('',#5135,0.55);
#5135 = AXIS2_PLACEMENT_3D('',#5136,#5137,#5138);
#5136 = CARTESIAN_POINT('',(188.4,-111.89,1.51));
#5137 = DIRECTION('',(-0.,0.,-1.));
#5138 = DIRECTION('',(5.1675835328E-14,-1.,-0.));
#5139 = FACE_BOUND('',#5140,.T.);
#5140 = EDGE_LOOP('',(#5141));
#5141 = ORIENTED_EDGE('',*,*,#5142,.T.);
#5142 = EDGE_CURVE('',#5143,#5143,#5145,.T.);
#5143 = VERTEX_POINT('',#5144);
#5144 = CARTESIAN_POINT('',(188.4,-108.63,1.51));
#5145 = CIRCLE('',#5146,0.55);
#5146 = AXIS2_PLACEMENT_3D('',#5147,#5148,#5149);
#5147 = CARTESIAN_POINT('',(188.4,-108.08,1.51));
#5148 = DIRECTION('',(-0.,0.,-1.));
#5149 = DIRECTION('',(5.1675835328E-14,-1.,-0.));
#5150 = FACE_BOUND('',#5151,.T.);
#5151 = EDGE_LOOP('',(#5152));
#5152 = ORIENTED_EDGE('',*,*,#5153,.T.);
#5153 = EDGE_CURVE('',#5154,#5154,#5156,.T.);
#5154 = VERTEX_POINT('',#5155);
#5155 = CARTESIAN_POINT('',(188.4,-104.82,1.51));
#5156 = CIRCLE('',#5157,0.55);
#5157 = AXIS2_PLACEMENT_3D('',#5158,#5159,#5160);
#5158 = CARTESIAN_POINT('',(188.4,-104.27,1.51));
#5159 = DIRECTION('',(-0.,0.,-1.));
#5160 = DIRECTION('',(5.1675835328E-14,-1.,-0.));
#5161 = FACE_BOUND('',#5162,.T.);
#5162 = EDGE_LOOP('',(#5163));
#5163 = ORIENTED_EDGE('',*,*,#5164,.T.);
#5164 = EDGE_CURVE('',#5165,#5165,#5167,.T.);
#5165 = VERTEX_POINT('',#5166);
#5166 = CARTESIAN_POINT('',(111.873126,-98.312537,1.51));
#5167 = CIRCLE('',#5168,0.65);
#5168 = AXIS2_PLACEMENT_3D('',#5169,#5170,#5171);
#5169 = CARTESIAN_POINT('',(111.873126,-97.662537,1.51));
#5170 = DIRECTION('',(-0.,0.,-1.));
#5171 = DIRECTION('',(-0.,-1.,0.));
#5172 = FACE_BOUND('',#5173,.T.);
#5173 = EDGE_LOOP('',(#5174));
#5174 = ORIENTED_EDGE('',*,*,#5175,.T.);
#5175 = EDGE_CURVE('',#5176,#5176,#5178,.T.);
#5176 = VERTEX_POINT('',#5177);
#5177 = CARTESIAN_POINT('',(111.873126,-91.962537,1.51));
#5178 = CIRCLE('',#5179,0.65);
#5179 = AXIS2_PLACEMENT_3D('',#5180,#5181,#5182);
#5180 = CARTESIAN_POINT('',(111.873126,-91.312537,1.51));
#5181 = DIRECTION('',(-0.,0.,-1.));
#5182 = DIRECTION('',(-0.,-1.,0.));
#5183 = FACE_BOUND('',#5184,.T.);
#5184 = EDGE_LOOP('',(#5185));
#5185 = ORIENTED_EDGE('',*,*,#5186,.T.);
#5186 = EDGE_CURVE('',#5187,#5187,#5189,.T.);
#5187 = VERTEX_POINT('',#5188);
#5188 = CARTESIAN_POINT('',(111.873126,-85.612537,1.51));
#5189 = CIRCLE('',#5190,0.65);
#5190 = AXIS2_PLACEMENT_3D('',#5191,#5192,#5193);
#5191 = CARTESIAN_POINT('',(111.873126,-84.962537,1.51));
#5192 = DIRECTION('',(-0.,0.,-1.));
#5193 = DIRECTION('',(-0.,-1.,0.));
#5194 = FACE_BOUND('',#5195,.T.);
#5195 = EDGE_LOOP('',(#5196));
#5196 = ORIENTED_EDGE('',*,*,#5197,.T.);
#5197 = EDGE_CURVE('',#5198,#5198,#5200,.T.);
#5198 = VERTEX_POINT('',#5199);
#5199 = CARTESIAN_POINT('',(111.873126,-79.262537,1.51));
#5200 = CIRCLE('',#5201,0.65);
#5201 = AXIS2_PLACEMENT_3D('',#5202,#5203,#5204);
#5202 = CARTESIAN_POINT('',(111.873126,-78.612537,1.51));
#5203 = DIRECTION('',(-0.,0.,-1.));
#5204 = DIRECTION('',(-0.,-1.,0.));
#5205 = FACE_BOUND('',#5206,.T.);
#5206 = EDGE_LOOP('',(#5207));
#5207 = ORIENTED_EDGE('',*,*,#5208,.T.);
#5208 = EDGE_CURVE('',#5209,#5209,#5211,.T.);
#5209 = VERTEX_POINT('',#5210);
#5210 = CARTESIAN_POINT('',(110.,-61.6,1.51));
#5211 = CIRCLE('',#5212,1.6);
#5212 = AXIS2_PLACEMENT_3D('',#5213,#5214,#5215);
#5213 = CARTESIAN_POINT('',(110.,-60.,1.51));
#5214 = DIRECTION('',(-0.,0.,-1.));
#5215 = DIRECTION('',(-0.,-1.,0.));
#5216 = FACE_BOUND('',#5217,.T.);
#5217 = EDGE_LOOP('',(#5218));
#5218 = ORIENTED_EDGE('',*,*,#5219,.T.);
#5219 = EDGE_CURVE('',#5220,#5220,#5222,.T.);
#5220 = VERTEX_POINT('',#5221);
#5221 = CARTESIAN_POINT('',(121.417499,-62.5775,1.51));
#5222 = CIRCLE('',#5223,0.65);
#5223 = AXIS2_PLACEMENT_3D('',#5224,#5225,#5226);
#5224 = CARTESIAN_POINT('',(121.417499,-61.9275,1.51));
#5225 = DIRECTION('',(-0.,0.,-1.));
#5226 = DIRECTION('',(2.1862853408E-14,-1.,-0.));
#5227 = FACE_BOUND('',#5228,.T.);
#5228 = EDGE_LOOP('',(#5229));
#5229 = ORIENTED_EDGE('',*,*,#5230,.T.);
#5230 = EDGE_CURVE('',#5231,#5231,#5233,.T.);
#5231 = VERTEX_POINT('',#5232);
#5232 = CARTESIAN_POINT('',(127.767499,-62.5775,1.51));
#5233 = CIRCLE('',#5234,0.65);
#5234 = AXIS2_PLACEMENT_3D('',#5235,#5236,#5237);
#5235 = CARTESIAN_POINT('',(127.767499,-61.9275,1.51));
#5236 = DIRECTION('',(-0.,0.,-1.));
#5237 = DIRECTION('',(2.1862853408E-14,-1.,-0.));
#5238 = FACE_BOUND('',#5239,.T.);
#5239 = EDGE_LOOP('',(#5240));
#5240 = ORIENTED_EDGE('',*,*,#5241,.T.);
#5241 = EDGE_CURVE('',#5242,#5242,#5244,.T.);
#5242 = VERTEX_POINT('',#5243);
#5243 = CARTESIAN_POINT('',(134.117499,-62.5775,1.51));
#5244 = CIRCLE('',#5245,0.65);
#5245 = AXIS2_PLACEMENT_3D('',#5246,#5247,#5248);
#5246 = CARTESIAN_POINT('',(134.117499,-61.9275,1.51));
#5247 = DIRECTION('',(-0.,0.,-1.));
#5248 = DIRECTION('',(-0.,-1.,0.));
#5249 = FACE_BOUND('',#5250,.T.);
#5250 = EDGE_LOOP('',(#5251));
#5251 = ORIENTED_EDGE('',*,*,#5252,.T.);
#5252 = EDGE_CURVE('',#5253,#5253,#5255,.T.);
#5253 = VERTEX_POINT('',#5254);
#5254 = CARTESIAN_POINT('',(140.467499,-62.5775,1.51));
#5255 = CIRCLE('',#5256,0.65);
#5256 = AXIS2_PLACEMENT_3D('',#5257,#5258,#5259);
#5257 = CARTESIAN_POINT('',(140.467499,-61.9275,1.51));
#5258 = DIRECTION('',(-0.,0.,-1.));
#5259 = DIRECTION('',(-0.,-1.,0.));
#5260 = FACE_BOUND('',#5261,.T.);
#5261 = EDGE_LOOP('',(#5262));
#5262 = ORIENTED_EDGE('',*,*,#5263,.T.);
#5263 = EDGE_CURVE('',#5264,#5264,#5266,.T.);
#5264 = VERTEX_POINT('',#5265);
#5265 = CARTESIAN_POINT('',(146.817499,-62.5775,1.51));
#5266 = CIRCLE('',#5267,0.65);
#5267 = AXIS2_PLACEMENT_3D('',#5268,#5269,#5270);
#5268 = CARTESIAN_POINT('',(146.817499,-61.9275,1.51));
#5269 = DIRECTION('',(-0.,0.,-1.));
#5270 = DIRECTION('',(-0.,-1.,0.));
#5271 = FACE_BOUND('',#5272,.T.);
#5272 = EDGE_LOOP('',(#5273));
#5273 = ORIENTED_EDGE('',*,*,#5274,.T.);
#5274 = EDGE_CURVE('',#5275,#5275,#5277,.T.);
#5275 = VERTEX_POINT('',#5276);
#5276 = CARTESIAN_POINT('',(177.,-102.91,1.51));
#5277 = CIRCLE('',#5278,0.55);
#5278 = AXIS2_PLACEMENT_3D('',#5279,#5280,#5281);
#5279 = CARTESIAN_POINT('',(177.,-102.36,1.51));
#5280 = DIRECTION('',(-0.,0.,-1.));
#5281 = DIRECTION('',(-0.,-1.,0.));
#5282 = FACE_BOUND('',#5283,.T.);
#5283 = EDGE_LOOP('',(#5284));
#5284 = ORIENTED_EDGE('',*,*,#5285,.T.);
#5285 = EDGE_CURVE('',#5286,#5286,#5288,.T.);
#5286 = VERTEX_POINT('',#5287);
#5287 = CARTESIAN_POINT('',(177.,-99.1,1.51));
#5288 = CIRCLE('',#5289,0.55);
#5289 = AXIS2_PLACEMENT_3D('',#5290,#5291,#5292);
#5290 = CARTESIAN_POINT('',(177.,-98.55,1.51));
#5291 = DIRECTION('',(-0.,0.,-1.));
#5292 = DIRECTION('',(-0.,-1.,0.));
#5293 = FACE_BOUND('',#5294,.T.);
#5294 = EDGE_LOOP('',(#5295));
#5295 = ORIENTED_EDGE('',*,*,#5296,.T.);
#5296 = EDGE_CURVE('',#5297,#5297,#5299,.T.);
#5297 = VERTEX_POINT('',#5298);
#5298 = CARTESIAN_POINT('',(177.,-95.29,1.51));
#5299 = CIRCLE('',#5300,0.55);
#5300 = AXIS2_PLACEMENT_3D('',#5301,#5302,#5303);
#5301 = CARTESIAN_POINT('',(177.,-94.74,1.51));
#5302 = DIRECTION('',(-0.,0.,-1.));
#5303 = DIRECTION('',(-0.,-1.,0.));
#5304 = FACE_BOUND('',#5305,.T.);
#5305 = EDGE_LOOP('',(#5306));
#5306 = ORIENTED_EDGE('',*,*,#5307,.T.);
#5307 = EDGE_CURVE('',#5308,#5308,#5310,.T.);
#5308 = VERTEX_POINT('',#5309);
#5309 = CARTESIAN_POINT('',(188.4,-101.01,1.51));
#5310 = CIRCLE('',#5311,0.55);
#5311 = AXIS2_PLACEMENT_3D('',#5312,#5313,#5314);
#5312 = CARTESIAN_POINT('',(188.4,-100.46,1.51));
#5313 = DIRECTION('',(-0.,0.,-1.));
#5314 = DIRECTION('',(5.1675835328E-14,-1.,-0.));
#5315 = FACE_BOUND('',#5316,.T.);
#5316 = EDGE_LOOP('',(#5317));
#5317 = ORIENTED_EDGE('',*,*,#5318,.T.);
#5318 = EDGE_CURVE('',#5319,#5319,#5321,.T.);
#5319 = VERTEX_POINT('',#5320);
#5320 = CARTESIAN_POINT('',(188.4,-97.2,1.51));
#5321 = CIRCLE('',#5322,0.55);
#5322 = AXIS2_PLACEMENT_3D('',#5323,#5324,#5325);
#5323 = CARTESIAN_POINT('',(188.4,-96.65,1.51));
#5324 = DIRECTION('',(-0.,0.,-1.));
#5325 = DIRECTION('',(5.167583532801E-14,-1.,-0.));
#5326 = FACE_BOUND('',#5327,.T.);
#5327 = EDGE_LOOP('',(#5328));
#5328 = ORIENTED_EDGE('',*,*,#5329,.T.);
#5329 = EDGE_CURVE('',#5330,#5330,#5332,.T.);
#5330 = VERTEX_POINT('',#5331);
#5331 = CARTESIAN_POINT('',(188.4,-93.39,1.51));
#5332 = CIRCLE('',#5333,0.55);
#5333 = AXIS2_PLACEMENT_3D('',#5334,#5335,#5336);
#5334 = CARTESIAN_POINT('',(188.4,-92.84,1.51));
#5335 = DIRECTION('',(-0.,0.,-1.));
#5336 = DIRECTION('',(5.167583532801E-14,-1.,-0.));
#5337 = FACE_BOUND('',#5338,.T.);
#5338 = EDGE_LOOP('',(#5339));
#5339 = ORIENTED_EDGE('',*,*,#5340,.T.);
#5340 = EDGE_CURVE('',#5341,#5341,#5343,.T.);
#5341 = VERTEX_POINT('',#5342);
#5342 = CARTESIAN_POINT('',(177.,-91.48,1.51));
#5343 = CIRCLE('',#5344,0.55);
#5344 = AXIS2_PLACEMENT_3D('',#5345,#5346,#5347);
#5345 = CARTESIAN_POINT('',(177.,-90.93,1.51));
#5346 = DIRECTION('',(-0.,0.,-1.));
#5347 = DIRECTION('',(-0.,-1.,0.));
#5348 = FACE_BOUND('',#5349,.T.);
#5349 = EDGE_LOOP('',(#5350));
#5350 = ORIENTED_EDGE('',*,*,#5351,.T.);
#5351 = EDGE_CURVE('',#5352,#5352,#5354,.T.);
#5352 = VERTEX_POINT('',#5353);
#5353 = CARTESIAN_POINT('',(177.,-87.67,1.51));
#5354 = CIRCLE('',#5355,0.55);
#5355 = AXIS2_PLACEMENT_3D('',#5356,#5357,#5358);
#5356 = CARTESIAN_POINT('',(177.,-87.12,1.51));
#5357 = DIRECTION('',(-0.,0.,-1.));
#5358 = DIRECTION('',(-0.,-1.,0.));
#5359 = FACE_BOUND('',#5360,.T.);
#5360 = EDGE_LOOP('',(#5361));
#5361 = ORIENTED_EDGE('',*,*,#5362,.T.);
#5362 = EDGE_CURVE('',#5363,#5363,#5365,.T.);
#5363 = VERTEX_POINT('',#5364);
#5364 = CARTESIAN_POINT('',(177.,-83.86,1.51));
#5365 = CIRCLE('',#5366,0.55);
#5366 = AXIS2_PLACEMENT_3D('',#5367,#5368,#5369);
#5367 = CARTESIAN_POINT('',(177.,-83.31,1.51));
#5368 = DIRECTION('',(-0.,0.,-1.));
#5369 = DIRECTION('',(-0.,-1.,0.));
#5370 = FACE_BOUND('',#5371,.T.);
#5371 = EDGE_LOOP('',(#5372));
#5372 = ORIENTED_EDGE('',*,*,#5373,.T.);
#5373 = EDGE_CURVE('',#5374,#5374,#5376,.T.);
#5374 = VERTEX_POINT('',#5375);
#5375 = CARTESIAN_POINT('',(188.4,-89.58,1.51));
#5376 = CIRCLE('',#5377,0.55);
#5377 = AXIS2_PLACEMENT_3D('',#5378,#5379,#5380);
#5378 = CARTESIAN_POINT('',(188.4,-89.03,1.51));
#5379 = DIRECTION('',(-0.,0.,-1.));
#5380 = DIRECTION('',(5.167583532801E-14,-1.,-0.));
#5381 = FACE_BOUND('',#5382,.T.);
#5382 = EDGE_LOOP('',(#5383));
#5383 = ORIENTED_EDGE('',*,*,#5384,.T.);
#5384 = EDGE_CURVE('',#5385,#5385,#5387,.T.);
#5385 = VERTEX_POINT('',#5386);
#5386 = CARTESIAN_POINT('',(188.4,-85.77,1.51));
#5387 = CIRCLE('',#5388,0.55);
#5388 = AXIS2_PLACEMENT_3D('',#5389,#5390,#5391);
#5389 = CARTESIAN_POINT('',(188.4,-85.22,1.51));
#5390 = DIRECTION('',(-0.,0.,-1.));
#5391 = DIRECTION('',(5.167583532801E-14,-1.,-0.));
#5392 = FACE_BOUND('',#5393,.T.);
#5393 = EDGE_LOOP('',(#5394));
#5394 = ORIENTED_EDGE('',*,*,#5395,.T.);
#5395 = EDGE_CURVE('',#5396,#5396,#5398,.T.);
#5396 = VERTEX_POINT('',#5397);
#5397 = CARTESIAN_POINT('',(188.4,-81.96,1.51));
#5398 = CIRCLE('',#5399,0.55);
#5399 = AXIS2_PLACEMENT_3D('',#5400,#5401,#5402);
#5400 = CARTESIAN_POINT('',(188.4,-81.41,1.51));
#5401 = DIRECTION('',(-0.,0.,-1.));
#5402 = DIRECTION('',(5.167583532801E-14,-1.,-0.));
#5403 = FACE_BOUND('',#5404,.T.);
#5404 = EDGE_LOOP('',(#5405));
#5405 = ORIENTED_EDGE('',*,*,#5406,.T.);
#5406 = EDGE_CURVE('',#5407,#5407,#5409,.T.);
#5407 = VERTEX_POINT('',#5408);
#5408 = CARTESIAN_POINT('',(153.167499,-62.5775,1.51));
#5409 = CIRCLE('',#5410,0.65);
#5410 = AXIS2_PLACEMENT_3D('',#5411,#5412,#5413);
#5411 = CARTESIAN_POINT('',(153.167499,-61.9275,1.51));
#5412 = DIRECTION('',(-0.,0.,-1.));
#5413 = DIRECTION('',(-0.,-1.,0.));
#5414 = FACE_BOUND('',#5415,.T.);
#5415 = EDGE_LOOP('',(#5416));
#5416 = ORIENTED_EDGE('',*,*,#5417,.T.);
#5417 = EDGE_CURVE('',#5418,#5418,#5420,.T.);
#5418 = VERTEX_POINT('',#5419);
#5419 = CARTESIAN_POINT('',(159.517499,-62.5775,1.51));
#5420 = CIRCLE('',#5421,0.65);
#5421 = AXIS2_PLACEMENT_3D('',#5422,#5423,#5424);
#5422 = CARTESIAN_POINT('',(159.517499,-61.9275,1.51));
#5423 = DIRECTION('',(-0.,0.,-1.));
#5424 = DIRECTION('',(-0.,-1.,0.));
#5425 = FACE_BOUND('',#5426,.T.);
#5426 = EDGE_LOOP('',(#5427));
#5427 = ORIENTED_EDGE('',*,*,#5428,.T.);
#5428 = EDGE_CURVE('',#5429,#5429,#5431,.T.);
#5429 = VERTEX_POINT('',#5430);
#5430 = CARTESIAN_POINT('',(165.867499,-62.5775,1.51));
#5431 = CIRCLE('',#5432,0.65);
#5432 = AXIS2_PLACEMENT_3D('',#5433,#5434,#5435);
#5433 = CARTESIAN_POINT('',(165.867499,-61.9275,1.51));
#5434 = DIRECTION('',(-0.,0.,-1.));
#5435 = DIRECTION('',(-0.,-1.,0.));
#5436 = FACE_BOUND('',#5437,.T.);
#5437 = EDGE_LOOP('',(#5438));
#5438 = ORIENTED_EDGE('',*,*,#5439,.T.);
#5439 = EDGE_CURVE('',#5440,#5440,#5442,.T.);
#5440 = VERTEX_POINT('',#5441);
#5441 = CARTESIAN_POINT('',(177.,-80.05,1.51));
#5442 = CIRCLE('',#5443,0.55);
#5443 = AXIS2_PLACEMENT_3D('',#5444,#5445,#5446);
#5444 = CARTESIAN_POINT('',(177.,-79.5,1.51));
#5445 = DIRECTION('',(-0.,0.,-1.));
#5446 = DIRECTION('',(-0.,-1.,0.));
#5447 = FACE_BOUND('',#5448,.T.);
#5448 = EDGE_LOOP('',(#5449));
#5449 = ORIENTED_EDGE('',*,*,#5450,.T.);
#5450 = EDGE_CURVE('',#5451,#5451,#5453,.T.);
#5451 = VERTEX_POINT('',#5452);
#5452 = CARTESIAN_POINT('',(177.,-76.24,1.51));
#5453 = CIRCLE('',#5454,0.55);
#5454 = AXIS2_PLACEMENT_3D('',#5455,#5456,#5457);
#5455 = CARTESIAN_POINT('',(177.,-75.69,1.51));
#5456 = DIRECTION('',(-0.,0.,-1.));
#5457 = DIRECTION('',(-0.,-1.,0.));
#5458 = FACE_BOUND('',#5459,.T.);
#5459 = EDGE_LOOP('',(#5460));
#5460 = ORIENTED_EDGE('',*,*,#5461,.T.);
#5461 = EDGE_CURVE('',#5462,#5462,#5464,.T.);
#5462 = VERTEX_POINT('',#5463);
#5463 = CARTESIAN_POINT('',(188.4,-78.15,1.51));
#5464 = CIRCLE('',#5465,0.55);
#5465 = AXIS2_PLACEMENT_3D('',#5466,#5467,#5468);
#5466 = CARTESIAN_POINT('',(188.4,-77.6,1.51));
#5467 = DIRECTION('',(-0.,0.,-1.));
#5468 = DIRECTION('',(5.1675835328E-14,-1.,-0.));
#5469 = FACE_BOUND('',#5470,.T.);
#5470 = EDGE_LOOP('',(#5471));
#5471 = ORIENTED_EDGE('',*,*,#5472,.T.);
#5472 = EDGE_CURVE('',#5473,#5473,#5475,.T.);
#5473 = VERTEX_POINT('',#5474);
#5474 = CARTESIAN_POINT('',(188.4,-74.34,1.51));
#5475 = CIRCLE('',#5476,0.55);
#5476 = AXIS2_PLACEMENT_3D('',#5477,#5478,#5479);
#5477 = CARTESIAN_POINT('',(188.4,-73.79,1.51));
#5478 = DIRECTION('',(-0.,0.,-1.));
#5479 = DIRECTION('',(5.1675835328E-14,-1.,-0.));
#5480 = FACE_BOUND('',#5481,.T.);
#5481 = EDGE_LOOP('',(#5482));
#5482 = ORIENTED_EDGE('',*,*,#5483,.T.);
#5483 = EDGE_CURVE('',#5484,#5484,#5486,.T.);
#5484 = VERTEX_POINT('',#5485);
#5485 = CARTESIAN_POINT('',(172.217499,-62.5775,1.51));
#5486 = CIRCLE('',#5487,0.65);
#5487 = AXIS2_PLACEMENT_3D('',#5488,#5489,#5490);
#5488 = CARTESIAN_POINT('',(172.217499,-61.9275,1.51));
#5489 = DIRECTION('',(-0.,0.,-1.));
#5490 = DIRECTION('',(-0.,-1.,0.));
#5491 = FACE_BOUND('',#5492,.T.);
#5492 = EDGE_LOOP('',(#5493));
#5493 = ORIENTED_EDGE('',*,*,#5494,.T.);
#5494 = EDGE_CURVE('',#5495,#5495,#5497,.T.);
#5495 = VERTEX_POINT('',#5496);
#5496 = CARTESIAN_POINT('',(178.567499,-62.5775,1.51));
#5497 = CIRCLE('',#5498,0.65);
#5498 = AXIS2_PLACEMENT_3D('',#5499,#5500,#5501);
#5499 = CARTESIAN_POINT('',(178.567499,-61.9275,1.51));
#5500 = DIRECTION('',(-0.,0.,-1.));
#5501 = DIRECTION('',(-0.,-1.,0.));
#5502 = FACE_BOUND('',#5503,.T.);
#5503 = EDGE_LOOP('',(#5504));
#5504 = ORIENTED_EDGE('',*,*,#5505,.T.);
#5505 = EDGE_CURVE('',#5506,#5506,#5508,.T.);
#5506 = VERTEX_POINT('',#5507);
#5507 = CARTESIAN_POINT('',(190.,-61.6,1.51));
#5508 = CIRCLE('',#5509,1.6);
#5509 = AXIS2_PLACEMENT_3D('',#5510,#5511,#5512);
#5510 = CARTESIAN_POINT('',(190.,-60.,1.51));
#5511 = DIRECTION('',(-0.,0.,-1.));
#5512 = DIRECTION('',(-0.,-1.,0.));
#5513 = PLANE('',#5514);
#5514 = AXIS2_PLACEMENT_3D('',#5515,#5516,#5517);
#5515 = CARTESIAN_POINT('',(0.,0.,1.51));
#5516 = DIRECTION('',(0.,0.,1.));
#5517 = DIRECTION('',(1.,0.,-0.));
#5518 = ADVANCED_FACE('',(#5519),#5530,.T.);
#5519 = FACE_BOUND('',#5520,.T.);
#5520 = EDGE_LOOP('',(#5521,#5527,#5528,#5529));
#5521 = ORIENTED_EDGE('',*,*,#5522,.T.);
#5522 = EDGE_CURVE('',#3661,#4593,#5523,.T.);
#5523 = LINE('',#5524,#5525);
#5524 = CARTESIAN_POINT('',(100.,-60.,0.));
#5525 = VECTOR('',#5526,1.);
#5526 = DIRECTION('',(0.,0.,1.));
#5527 = ORIENTED_EDGE('',*,*,#4592,.T.);
#5528 = ORIENTED_EDGE('',*,*,#3596,.F.);
#5529 = ORIENTED_EDGE('',*,*,#3660,.F.);
#5530 = CYLINDRICAL_SURFACE('',#5531,9.999999357669);
#5531 = AXIS2_PLACEMENT_3D('',#5532,#5533,#5534);
#5532 = CARTESIAN_POINT('',(109.99999935766,-59.99999935766,0.));
#5533 = DIRECTION('',(0.,0.,-1.));
#5534 = DIRECTION('',(-1.,-6.423314275614E-08,-0.));
#5535 = ADVANCED_FACE('',(#5536),#5547,.T.);
#5536 = FACE_BOUND('',#5537,.T.);
#5537 = EDGE_LOOP('',(#5538,#5539,#5540,#5546));
#5538 = ORIENTED_EDGE('',*,*,#3636,.T.);
#5539 = ORIENTED_EDGE('',*,*,#4626,.T.);
#5540 = ORIENTED_EDGE('',*,*,#5541,.F.);
#5541 = EDGE_CURVE('',#3687,#4619,#5542,.T.);
#5542 = LINE('',#5543,#5544);
#5543 = CARTESIAN_POINT('',(190.,-150.,0.));
#5544 = VECTOR('',#5545,1.);
#5545 = DIRECTION('',(0.,0.,1.));
#5546 = ORIENTED_EDGE('',*,*,#3694,.F.);
#5547 = CYLINDRICAL_SURFACE('',#5548,9.999999357669);
#5548 = AXIS2_PLACEMENT_3D('',#5549,#5550,#5551);
#5549 = CARTESIAN_POINT('',(190.00000064233,-140.0000006423,0.));
#5550 = DIRECTION('',(0.,0.,-1.));
#5551 = DIRECTION('',(1.,6.423314133505E-08,0.));
#5552 = ADVANCED_FACE('',(#5553),#5564,.T.);
#5553 = FACE_BOUND('',#5554,.T.);
#5554 = EDGE_LOOP('',(#5555,#5561,#5562,#5563));
#5555 = ORIENTED_EDGE('',*,*,#5556,.T.);
#5556 = EDGE_CURVE('',#3670,#4602,#5557,.T.);
#5557 = LINE('',#5558,#5559);
#5558 = CARTESIAN_POINT('',(100.,-140.,0.));
#5559 = VECTOR('',#5560,1.);
#5560 = DIRECTION('',(0.,0.,1.));
#5561 = ORIENTED_EDGE('',*,*,#4601,.T.);
#5562 = ORIENTED_EDGE('',*,*,#5522,.F.);
#5563 = ORIENTED_EDGE('',*,*,#3669,.F.);
#5564 = PLANE('',#5565);
#5565 = AXIS2_PLACEMENT_3D('',#5566,#5567,#5568);
#5566 = CARTESIAN_POINT('',(100.,-140.,0.));
#5567 = DIRECTION('',(-1.,0.,0.));
#5568 = DIRECTION('',(0.,1.,0.));
#5569 = ADVANCED_FACE('',(#5570),#5581,.T.);
#5570 = FACE_BOUND('',#5571,.T.);
#5571 = EDGE_LOOP('',(#5572,#5573,#5574,#5580));
#5572 = ORIENTED_EDGE('',*,*,#5541,.T.);
#5573 = ORIENTED_EDGE('',*,*,#4618,.T.);
#5574 = ORIENTED_EDGE('',*,*,#5575,.F.);
#5575 = EDGE_CURVE('',#3678,#4610,#5576,.T.);
#5576 = LINE('',#5577,#5578);
#5577 = CARTESIAN_POINT('',(110.,-150.,0.));
#5578 = VECTOR('',#5579,1.);
#5579 = DIRECTION('',(0.,0.,1.));
#5580 = ORIENTED_EDGE('',*,*,#3686,.F.);
#5581 = PLANE('',#5582);
#5582 = AXIS2_PLACEMENT_3D('',#5583,#5584,#5585);
#5583 = CARTESIAN_POINT('',(190.,-150.,0.));
#5584 = DIRECTION('',(0.,-1.,0.));
#5585 = DIRECTION('',(-1.,0.,0.));
#5586 = ADVANCED_FACE('',(#5587),#5593,.T.);
#5587 = FACE_BOUND('',#5588,.T.);
#5588 = EDGE_LOOP('',(#5589,#5590,#5591,#5592));
#5589 = ORIENTED_EDGE('',*,*,#5575,.T.);
#5590 = ORIENTED_EDGE('',*,*,#4609,.T.);
#5591 = ORIENTED_EDGE('',*,*,#5556,.F.);
#5592 = ORIENTED_EDGE('',*,*,#3677,.F.);
#5593 = CYLINDRICAL_SURFACE('',#5594,9.999999357669);
#5594 = AXIS2_PLACEMENT_3D('',#5595,#5596,#5597);
#5595 = CARTESIAN_POINT('',(109.99999935766,-140.0000006423,0.));
#5596 = DIRECTION('',(0.,0.,-1.));
#5597 = DIRECTION('',(6.423314275614E-08,-1.,0.));
#5598 = ADVANCED_FACE('',(#5599),#5610,.F.);
#5599 = FACE_BOUND('',#5600,.T.);
#5600 = EDGE_LOOP('',(#5601,#5602,#5608,#5609));
#5601 = ORIENTED_EDGE('',*,*,#3704,.T.);
#5602 = ORIENTED_EDGE('',*,*,#5603,.T.);
#5603 = EDGE_CURVE('',#3705,#4637,#5604,.T.);
#5604 = LINE('',#5605,#5606);
#5605 = CARTESIAN_POINT('',(116.6,-145.005,-4.6E-02));
#5606 = VECTOR('',#5607,1.);
#5607 = DIRECTION('',(0.,0.,1.));
#5608 = ORIENTED_EDGE('',*,*,#4636,.F.);
#5609 = ORIENTED_EDGE('',*,*,#5603,.F.);
#5610 = CYLINDRICAL_SURFACE('',#5611,0.425);
#5611 = AXIS2_PLACEMENT_3D('',#5612,#5613,#5614);
#5612 = CARTESIAN_POINT('',(116.6,-144.58,-4.6E-02));
#5613 = DIRECTION('',(-0.,-0.,-1.));
#5614 = DIRECTION('',(-0.,-1.,0.));
#5615 = ADVANCED_FACE('',(#5616),#5627,.F.);
#5616 = FACE_BOUND('',#5617,.T.);
#5617 = EDGE_LOOP('',(#5618,#5619,#5625,#5626));
#5618 = ORIENTED_EDGE('',*,*,#3715,.T.);
#5619 = ORIENTED_EDGE('',*,*,#5620,.T.);
#5620 = EDGE_CURVE('',#3716,#4648,#5621,.T.);
#5621 = LINE('',#5622,#5623);
#5622 = CARTESIAN_POINT('',(110.,-141.6,-4.6E-02));
#5623 = VECTOR('',#5624,1.);
#5624 = DIRECTION('',(0.,0.,1.));
#5625 = ORIENTED_EDGE('',*,*,#4647,.F.);
#5626 = ORIENTED_EDGE('',*,*,#5620,.F.);
#5627 = CYLINDRICAL_SURFACE('',#5628,1.6);
#5628 = AXIS2_PLACEMENT_3D('',#5629,#5630,#5631);
#5629 = CARTESIAN_POINT('',(110.,-140.,-4.6E-02));
#5630 = DIRECTION('',(-0.,-0.,-1.));
#5631 = DIRECTION('',(-0.,-1.,0.));
#5632 = ADVANCED_FACE('',(#5633),#5644,.F.);
#5633 = FACE_BOUND('',#5634,.T.);
#5634 = EDGE_LOOP('',(#5635,#5636,#5642,#5643));
#5635 = ORIENTED_EDGE('',*,*,#3726,.T.);
#5636 = ORIENTED_EDGE('',*,*,#5637,.T.);
#5637 = EDGE_CURVE('',#3727,#4659,#5638,.T.);
#5638 = LINE('',#5639,#5640);
#5639 = CARTESIAN_POINT('',(120.8,-145.005,-4.6E-02));
#5640 = VECTOR('',#5641,1.);
#5641 = DIRECTION('',(0.,0.,1.));
#5642 = ORIENTED_EDGE('',*,*,#4658,.F.);
#5643 = ORIENTED_EDGE('',*,*,#5637,.F.);
#5644 = CYLINDRICAL_SURFACE('',#5645,0.425);
#5645 = AXIS2_PLACEMENT_3D('',#5646,#5647,#5648);
#5646 = CARTESIAN_POINT('',(120.8,-144.58,-4.6E-02));
#5647 = DIRECTION('',(-0.,-0.,-1.));
#5648 = DIRECTION('',(-0.,-1.,0.));
#5649 = ADVANCED_FACE('',(#5650),#5661,.F.);
#5650 = FACE_BOUND('',#5651,.T.);
#5651 = EDGE_LOOP('',(#5652,#5653,#5659,#5660));
#5652 = ORIENTED_EDGE('',*,*,#3737,.T.);
#5653 = ORIENTED_EDGE('',*,*,#5654,.T.);
#5654 = EDGE_CURVE('',#3738,#4670,#5655,.T.);
#5655 = LINE('',#5656,#5657);
#5656 = CARTESIAN_POINT('',(125.,-145.005,-4.6E-02));
#5657 = VECTOR('',#5658,1.);
#5658 = DIRECTION('',(0.,0.,1.));
#5659 = ORIENTED_EDGE('',*,*,#4669,.F.);
#5660 = ORIENTED_EDGE('',*,*,#5654,.F.);
#5661 = CYLINDRICAL_SURFACE('',#5662,0.425);
#5662 = AXIS2_PLACEMENT_3D('',#5663,#5664,#5665);
#5663 = CARTESIAN_POINT('',(125.,-144.58,-4.6E-02));
#5664 = DIRECTION('',(-0.,-0.,-1.));
#5665 = DIRECTION('',(-0.,-1.,0.));
#5666 = ADVANCED_FACE('',(#5667),#5678,.F.);
#5667 = FACE_BOUND('',#5668,.T.);
#5668 = EDGE_LOOP('',(#5669,#5670,#5676,#5677));
#5669 = ORIENTED_EDGE('',*,*,#3748,.T.);
#5670 = ORIENTED_EDGE('',*,*,#5671,.T.);
#5671 = EDGE_CURVE('',#3749,#4681,#5672,.T.);
#5672 = LINE('',#5673,#5674);
#5673 = CARTESIAN_POINT('',(129.2,-145.005,-4.6E-02));
#5674 = VECTOR('',#5675,1.);
#5675 = DIRECTION('',(0.,0.,1.));
#5676 = ORIENTED_EDGE('',*,*,#4680,.F.);
#5677 = ORIENTED_EDGE('',*,*,#5671,.F.);
#5678 = CYLINDRICAL_SURFACE('',#5679,0.425);
#5679 = AXIS2_PLACEMENT_3D('',#5680,#5681,#5682);
#5680 = CARTESIAN_POINT('',(129.2,-144.58,-4.6E-02));
#5681 = DIRECTION('',(-0.,-0.,-1.));
#5682 = DIRECTION('',(-0.,-1.,0.));
#5683 = ADVANCED_FACE('',(#5684),#5695,.F.);
#5684 = FACE_BOUND('',#5685,.T.);
#5685 = EDGE_LOOP('',(#5686,#5687,#5693,#5694));
#5686 = ORIENTED_EDGE('',*,*,#3759,.T.);
#5687 = ORIENTED_EDGE('',*,*,#5688,.T.);
#5688 = EDGE_CURVE('',#3760,#4692,#5689,.T.);
#5689 = LINE('',#5690,#5691);
#5690 = CARTESIAN_POINT('',(136.487087,-148.478901,-4.6E-02));
#5691 = VECTOR('',#5692,1.);
#5692 = DIRECTION('',(0.,0.,1.));
#5693 = ORIENTED_EDGE('',*,*,#4691,.F.);
#5694 = ORIENTED_EDGE('',*,*,#5688,.F.);
#5695 = CYLINDRICAL_SURFACE('',#5696,0.4);
#5696 = AXIS2_PLACEMENT_3D('',#5697,#5698,#5699);
#5697 = CARTESIAN_POINT('',(136.487087,-148.078901,-4.6E-02));
#5698 = DIRECTION('',(-0.,-0.,-1.));
#5699 = DIRECTION('',(-0.,-1.,0.));
#5700 = ADVANCED_FACE('',(#5701),#5712,.F.);
#5701 = FACE_BOUND('',#5702,.T.);
#5702 = EDGE_LOOP('',(#5703,#5704,#5710,#5711));
#5703 = ORIENTED_EDGE('',*,*,#3770,.T.);
#5704 = ORIENTED_EDGE('',*,*,#5705,.T.);
#5705 = EDGE_CURVE('',#3771,#4703,#5706,.T.);
#5706 = LINE('',#5707,#5708);
#5707 = CARTESIAN_POINT('',(136.487087,-145.938901,-4.6E-02));
#5708 = VECTOR('',#5709,1.);
#5709 = DIRECTION('',(0.,0.,1.));
#5710 = ORIENTED_EDGE('',*,*,#4702,.F.);
#5711 = ORIENTED_EDGE('',*,*,#5705,.F.);
#5712 = CYLINDRICAL_SURFACE('',#5713,0.4);
#5713 = AXIS2_PLACEMENT_3D('',#5714,#5715,#5716);
#5714 = CARTESIAN_POINT('',(136.487087,-145.538901,-4.6E-02));
#5715 = DIRECTION('',(-0.,-0.,-1.));
#5716 = DIRECTION('',(-0.,-1.,0.));
#5717 = ADVANCED_FACE('',(#5718),#5729,.F.);
#5718 = FACE_BOUND('',#5719,.T.);
#5719 = EDGE_LOOP('',(#5720,#5721,#5727,#5728));
#5720 = ORIENTED_EDGE('',*,*,#3781,.T.);
#5721 = ORIENTED_EDGE('',*,*,#5722,.T.);
#5722 = EDGE_CURVE('',#3782,#4714,#5723,.T.);
#5723 = LINE('',#5724,#5725);
#5724 = CARTESIAN_POINT('',(136.487087,-143.398901,-4.6E-02));
#5725 = VECTOR('',#5726,1.);
#5726 = DIRECTION('',(0.,0.,1.));
#5727 = ORIENTED_EDGE('',*,*,#4713,.F.);
#5728 = ORIENTED_EDGE('',*,*,#5722,.F.);
#5729 = CYLINDRICAL_SURFACE('',#5730,0.4);
#5730 = AXIS2_PLACEMENT_3D('',#5731,#5732,#5733);
#5731 = CARTESIAN_POINT('',(136.487087,-142.998901,-4.6E-02));
#5732 = DIRECTION('',(-0.,-0.,-1.));
#5733 = DIRECTION('',(-0.,-1.,0.));
#5734 = ADVANCED_FACE('',(#5735),#5746,.F.);
#5735 = FACE_BOUND('',#5736,.T.);
#5736 = EDGE_LOOP('',(#5737,#5738,#5744,#5745));
#5737 = ORIENTED_EDGE('',*,*,#3792,.T.);
#5738 = ORIENTED_EDGE('',*,*,#5739,.T.);
#5739 = EDGE_CURVE('',#3793,#4725,#5740,.T.);
#5740 = LINE('',#5741,#5742);
#5741 = CARTESIAN_POINT('',(136.487087,-140.858901,-4.6E-02));
#5742 = VECTOR('',#5743,1.);
#5743 = DIRECTION('',(0.,0.,1.));
#5744 = ORIENTED_EDGE('',*,*,#4724,.F.);
#5745 = ORIENTED_EDGE('',*,*,#5739,.F.);
#5746 = CYLINDRICAL_SURFACE('',#5747,0.4);
#5747 = AXIS2_PLACEMENT_3D('',#5748,#5749,#5750);
#5748 = CARTESIAN_POINT('',(136.487087,-140.458901,-4.6E-02));
#5749 = DIRECTION('',(-0.,-0.,-1.));
#5750 = DIRECTION('',(-0.,-1.,0.));
#5751 = ADVANCED_FACE('',(#5752),#5763,.F.);
#5752 = FACE_BOUND('',#5753,.T.);
#5753 = EDGE_LOOP('',(#5754,#5755,#5761,#5762));
#5754 = ORIENTED_EDGE('',*,*,#3803,.T.);
#5755 = ORIENTED_EDGE('',*,*,#5756,.T.);
#5756 = EDGE_CURVE('',#3804,#4736,#5757,.T.);
#5757 = LINE('',#5758,#5759);
#5758 = CARTESIAN_POINT('',(136.487087,-138.318901,-4.6E-02));
#5759 = VECTOR('',#5760,1.);
#5760 = DIRECTION('',(0.,0.,1.));
#5761 = ORIENTED_EDGE('',*,*,#4735,.F.);
#5762 = ORIENTED_EDGE('',*,*,#5756,.F.);
#5763 = CYLINDRICAL_SURFACE('',#5764,0.4);
#5764 = AXIS2_PLACEMENT_3D('',#5765,#5766,#5767);
#5765 = CARTESIAN_POINT('',(136.487087,-137.918901,-4.6E-02));
#5766 = DIRECTION('',(-0.,-0.,-1.));
#5767 = DIRECTION('',(-0.,-1.,0.));
#5768 = ADVANCED_FACE('',(#5769),#5780,.F.);
#5769 = FACE_BOUND('',#5770,.T.);
#5770 = EDGE_LOOP('',(#5771,#5772,#5778,#5779));
#5771 = ORIENTED_EDGE('',*,*,#3814,.T.);
#5772 = ORIENTED_EDGE('',*,*,#5773,.T.);
#5773 = EDGE_CURVE('',#3815,#4747,#5774,.T.);
#5774 = LINE('',#5775,#5776);
#5775 = CARTESIAN_POINT('',(136.487087,-135.778901,-4.6E-02));
#5776 = VECTOR('',#5777,1.);
#5777 = DIRECTION('',(0.,0.,1.));
#5778 = ORIENTED_EDGE('',*,*,#4746,.F.);
#5779 = ORIENTED_EDGE('',*,*,#5773,.F.);
#5780 = CYLINDRICAL_SURFACE('',#5781,0.4);
#5781 = AXIS2_PLACEMENT_3D('',#5782,#5783,#5784);
#5782 = CARTESIAN_POINT('',(136.487087,-135.378901,-4.6E-02));
#5783 = DIRECTION('',(-0.,-0.,-1.));
#5784 = DIRECTION('',(-0.,-1.,0.));
#5785 = ADVANCED_FACE('',(#5786),#5797,.F.);
#5786 = FACE_BOUND('',#5787,.T.);
#5787 = EDGE_LOOP('',(#5788,#5789,#5795,#5796));
#5788 = ORIENTED_EDGE('',*,*,#3825,.T.);
#5789 = ORIENTED_EDGE('',*,*,#5790,.T.);
#5790 = EDGE_CURVE('',#3826,#4758,#5791,.T.);
#5791 = LINE('',#5792,#5793);
#5792 = CARTESIAN_POINT('',(136.487087,-133.238901,-4.6E-02));
#5793 = VECTOR('',#5794,1.);
#5794 = DIRECTION('',(0.,0.,1.));
#5795 = ORIENTED_EDGE('',*,*,#4757,.F.);
#5796 = ORIENTED_EDGE('',*,*,#5790,.F.);
#5797 = CYLINDRICAL_SURFACE('',#5798,0.4);
#5798 = AXIS2_PLACEMENT_3D('',#5799,#5800,#5801);
#5799 = CARTESIAN_POINT('',(136.487087,-132.838901,-4.6E-02));
#5800 = DIRECTION('',(-0.,-0.,-1.));
#5801 = DIRECTION('',(-0.,-1.,0.));
#5802 = ADVANCED_FACE('',(#5803),#5814,.F.);
#5803 = FACE_BOUND('',#5804,.T.);
#5804 = EDGE_LOOP('',(#5805,#5806,#5812,#5813));
#5805 = ORIENTED_EDGE('',*,*,#3836,.T.);
#5806 = ORIENTED_EDGE('',*,*,#5807,.T.);
#5807 = EDGE_CURVE('',#3837,#4769,#5808,.T.);
#5808 = LINE('',#5809,#5810);
#5809 = CARTESIAN_POINT('',(136.487087,-130.698901,-4.6E-02));
#5810 = VECTOR('',#5811,1.);
#5811 = DIRECTION('',(0.,0.,1.));
#5812 = ORIENTED_EDGE('',*,*,#4768,.F.);
#5813 = ORIENTED_EDGE('',*,*,#5807,.F.);
#5814 = CYLINDRICAL_SURFACE('',#5815,0.4);
#5815 = AXIS2_PLACEMENT_3D('',#5816,#5817,#5818);
#5816 = CARTESIAN_POINT('',(136.487087,-130.298901,-4.6E-02));
#5817 = DIRECTION('',(-0.,-0.,-1.));
#5818 = DIRECTION('',(-0.,-1.,0.));
#5819 = ADVANCED_FACE('',(#5820),#5831,.F.);
#5820 = FACE_BOUND('',#5821,.T.);
#5821 = EDGE_LOOP('',(#5822,#5823,#5829,#5830));
#5822 = ORIENTED_EDGE('',*,*,#3847,.T.);
#5823 = ORIENTED_EDGE('',*,*,#5824,.T.);
#5824 = EDGE_CURVE('',#3848,#4780,#5825,.T.);
#5825 = LINE('',#5826,#5827);
#5826 = CARTESIAN_POINT('',(136.487087,-128.158901,-4.6E-02));
#5827 = VECTOR('',#5828,1.);
#5828 = DIRECTION('',(0.,0.,1.));
#5829 = ORIENTED_EDGE('',*,*,#4779,.F.);
#5830 = ORIENTED_EDGE('',*,*,#5824,.F.);
#5831 = CYLINDRICAL_SURFACE('',#5832,0.4);
#5832 = AXIS2_PLACEMENT_3D('',#5833,#5834,#5835);
#5833 = CARTESIAN_POINT('',(136.487087,-127.758901,-4.6E-02));
#5834 = DIRECTION('',(-0.,-0.,-1.));
#5835 = DIRECTION('',(-0.,-1.,0.));
#5836 = ADVANCED_FACE('',(#5837),#5848,.F.);
#5837 = FACE_BOUND('',#5838,.T.);
#5838 = EDGE_LOOP('',(#5839,#5840,#5846,#5847));
#5839 = ORIENTED_EDGE('',*,*,#3858,.T.);
#5840 = ORIENTED_EDGE('',*,*,#5841,.T.);
#5841 = EDGE_CURVE('',#3859,#4791,#5842,.T.);
#5842 = LINE('',#5843,#5844);
#5843 = CARTESIAN_POINT('',(136.487087,-125.618901,-4.6E-02));
#5844 = VECTOR('',#5845,1.);
#5845 = DIRECTION('',(0.,0.,1.));
#5846 = ORIENTED_EDGE('',*,*,#4790,.F.);
#5847 = ORIENTED_EDGE('',*,*,#5841,.F.);
#5848 = CYLINDRICAL_SURFACE('',#5849,0.4);
#5849 = AXIS2_PLACEMENT_3D('',#5850,#5851,#5852);
#5850 = CARTESIAN_POINT('',(136.487087,-125.218901,-4.6E-02));
#5851 = DIRECTION('',(-0.,-0.,-1.));
#5852 = DIRECTION('',(-0.,-1.,0.));
#5853 = ADVANCED_FACE('',(#5854),#5865,.F.);
#5854 = FACE_BOUND('',#5855,.T.);
#5855 = EDGE_LOOP('',(#5856,#5857,#5863,#5864));
#5856 = ORIENTED_EDGE('',*,*,#3869,.T.);
#5857 = ORIENTED_EDGE('',*,*,#5858,.T.);
#5858 = EDGE_CURVE('',#3870,#4802,#5859,.T.);
#5859 = LINE('',#5860,#5861);
#5860 = CARTESIAN_POINT('',(136.487087,-123.078901,-4.6E-02));
#5861 = VECTOR('',#5862,1.);
#5862 = DIRECTION('',(0.,0.,1.));
#5863 = ORIENTED_EDGE('',*,*,#4801,.F.);
#5864 = ORIENTED_EDGE('',*,*,#5858,.F.);
#5865 = CYLINDRICAL_SURFACE('',#5866,0.4);
#5866 = AXIS2_PLACEMENT_3D('',#5867,#5868,#5869);
#5867 = CARTESIAN_POINT('',(136.487087,-122.678901,-4.6E-02));
#5868 = DIRECTION('',(-0.,-0.,-1.));
#5869 = DIRECTION('',(-0.,-1.,0.));
#5870 = ADVANCED_FACE('',(#5871),#5882,.F.);
#5871 = FACE_BOUND('',#5872,.T.);
#5872 = EDGE_LOOP('',(#5873,#5874,#5880,#5881));
#5873 = ORIENTED_EDGE('',*,*,#3880,.T.);
#5874 = ORIENTED_EDGE('',*,*,#5875,.T.);
#5875 = EDGE_CURVE('',#3881,#4813,#5876,.T.);
#5876 = LINE('',#5877,#5878);
#5877 = CARTESIAN_POINT('',(136.487087,-120.538901,-4.6E-02));
#5878 = VECTOR('',#5879,1.);
#5879 = DIRECTION('',(0.,0.,1.));
#5880 = ORIENTED_EDGE('',*,*,#4812,.F.);
#5881 = ORIENTED_EDGE('',*,*,#5875,.F.);
#5882 = CYLINDRICAL_SURFACE('',#5883,0.4);
#5883 = AXIS2_PLACEMENT_3D('',#5884,#5885,#5886);
#5884 = CARTESIAN_POINT('',(136.487087,-120.138901,-4.6E-02));
#5885 = DIRECTION('',(-0.,-0.,-1.));
#5886 = DIRECTION('',(-0.,-1.,0.));
#5887 = ADVANCED_FACE('',(#5888),#5899,.F.);
#5888 = FACE_BOUND('',#5889,.T.);
#5889 = EDGE_LOOP('',(#5890,#5891,#5897,#5898));
#5890 = ORIENTED_EDGE('',*,*,#3891,.T.);
#5891 = ORIENTED_EDGE('',*,*,#5892,.T.);
#5892 = EDGE_CURVE('',#3892,#4824,#5893,.T.);
#5893 = LINE('',#5894,#5895);
#5894 = CARTESIAN_POINT('',(136.487087,-117.998901,-4.6E-02));
#5895 = VECTOR('',#5896,1.);
#5896 = DIRECTION('',(0.,0.,1.));
#5897 = ORIENTED_EDGE('',*,*,#4823,.F.);
#5898 = ORIENTED_EDGE('',*,*,#5892,.F.);
#5899 = CYLINDRICAL_SURFACE('',#5900,0.4);
#5900 = AXIS2_PLACEMENT_3D('',#5901,#5902,#5903);
#5901 = CARTESIAN_POINT('',(136.487087,-117.598901,-4.6E-02));
#5902 = DIRECTION('',(-0.,-0.,-1.));
#5903 = DIRECTION('',(-0.,-1.,0.));
#5904 = ADVANCED_FACE('',(#5905),#5916,.F.);
#5905 = FACE_BOUND('',#5906,.T.);
#5906 = EDGE_LOOP('',(#5907,#5908,#5914,#5915));
#5907 = ORIENTED_EDGE('',*,*,#3902,.T.);
#5908 = ORIENTED_EDGE('',*,*,#5909,.T.);
#5909 = EDGE_CURVE('',#3903,#4835,#5910,.T.);
#5910 = LINE('',#5911,#5912);
#5911 = CARTESIAN_POINT('',(136.487087,-115.458901,-4.6E-02));
#5912 = VECTOR('',#5913,1.);
#5913 = DIRECTION('',(0.,0.,1.));
#5914 = ORIENTED_EDGE('',*,*,#4834,.F.);
#5915 = ORIENTED_EDGE('',*,*,#5909,.F.);
#5916 = CYLINDRICAL_SURFACE('',#5917,0.4);
#5917 = AXIS2_PLACEMENT_3D('',#5918,#5919,#5920);
#5918 = CARTESIAN_POINT('',(136.487087,-115.058901,-4.6E-02));
#5919 = DIRECTION('',(-0.,-0.,-1.));
#5920 = DIRECTION('',(-0.,-1.,0.));
#5921 = ADVANCED_FACE('',(#5922),#5933,.F.);
#5922 = FACE_BOUND('',#5923,.T.);
#5923 = EDGE_LOOP('',(#5924,#5925,#5931,#5932));
#5924 = ORIENTED_EDGE('',*,*,#3913,.T.);
#5925 = ORIENTED_EDGE('',*,*,#5926,.T.);
#5926 = EDGE_CURVE('',#3914,#4846,#5927,.T.);
#5927 = LINE('',#5928,#5929);
#5928 = CARTESIAN_POINT('',(136.487087,-112.918901,-4.6E-02));
#5929 = VECTOR('',#5930,1.);
#5930 = DIRECTION('',(0.,0.,1.));
#5931 = ORIENTED_EDGE('',*,*,#4845,.F.);
#5932 = ORIENTED_EDGE('',*,*,#5926,.F.);
#5933 = CYLINDRICAL_SURFACE('',#5934,0.4);
#5934 = AXIS2_PLACEMENT_3D('',#5935,#5936,#5937);
#5935 = CARTESIAN_POINT('',(136.487087,-112.518901,-4.6E-02));
#5936 = DIRECTION('',(-0.,-0.,-1.));
#5937 = DIRECTION('',(-0.,-1.,0.));
#5938 = ADVANCED_FACE('',(#5939),#5950,.F.);
#5939 = FACE_BOUND('',#5940,.T.);
#5940 = EDGE_LOOP('',(#5941,#5942,#5948,#5949));
#5941 = ORIENTED_EDGE('',*,*,#3924,.T.);
#5942 = ORIENTED_EDGE('',*,*,#5943,.T.);
#5943 = EDGE_CURVE('',#3925,#4857,#5944,.T.);
#5944 = LINE('',#5945,#5946);
#5945 = CARTESIAN_POINT('',(161.887087,-148.478901,-4.6E-02));
#5946 = VECTOR('',#5947,1.);
#5947 = DIRECTION('',(0.,0.,1.));
#5948 = ORIENTED_EDGE('',*,*,#4856,.F.);
#5949 = ORIENTED_EDGE('',*,*,#5943,.F.);
#5950 = CYLINDRICAL_SURFACE('',#5951,0.4);
#5951 = AXIS2_PLACEMENT_3D('',#5952,#5953,#5954);
#5952 = CARTESIAN_POINT('',(161.887087,-148.078901,-4.6E-02));
#5953 = DIRECTION('',(-0.,-0.,-1.));
#5954 = DIRECTION('',(-0.,-1.,0.));
#5955 = ADVANCED_FACE('',(#5956),#5967,.F.);
#5956 = FACE_BOUND('',#5957,.T.);
#5957 = EDGE_LOOP('',(#5958,#5959,#5965,#5966));
#5958 = ORIENTED_EDGE('',*,*,#3935,.T.);
#5959 = ORIENTED_EDGE('',*,*,#5960,.T.);
#5960 = EDGE_CURVE('',#3936,#4868,#5961,.T.);
#5961 = LINE('',#5962,#5963);
#5962 = CARTESIAN_POINT('',(161.887087,-145.938901,-4.6E-02));
#5963 = VECTOR('',#5964,1.);
#5964 = DIRECTION('',(0.,0.,1.));
#5965 = ORIENTED_EDGE('',*,*,#4867,.F.);
#5966 = ORIENTED_EDGE('',*,*,#5960,.F.);
#5967 = CYLINDRICAL_SURFACE('',#5968,0.4);
#5968 = AXIS2_PLACEMENT_3D('',#5969,#5970,#5971);
#5969 = CARTESIAN_POINT('',(161.887087,-145.538901,-4.6E-02));
#5970 = DIRECTION('',(-0.,-0.,-1.));
#5971 = DIRECTION('',(-0.,-1.,0.));
#5972 = ADVANCED_FACE('',(#5973),#5984,.F.);
#5973 = FACE_BOUND('',#5974,.T.);
#5974 = EDGE_LOOP('',(#5975,#5976,#5982,#5983));
#5975 = ORIENTED_EDGE('',*,*,#3946,.T.);
#5976 = ORIENTED_EDGE('',*,*,#5977,.T.);
#5977 = EDGE_CURVE('',#3947,#4879,#5978,.T.);
#5978 = LINE('',#5979,#5980);
#5979 = CARTESIAN_POINT('',(161.887087,-143.398901,-4.6E-02));
#5980 = VECTOR('',#5981,1.);
#5981 = DIRECTION('',(0.,0.,1.));
#5982 = ORIENTED_EDGE('',*,*,#4878,.F.);
#5983 = ORIENTED_EDGE('',*,*,#5977,.F.);
#5984 = CYLINDRICAL_SURFACE('',#5985,0.4);
#5985 = AXIS2_PLACEMENT_3D('',#5986,#5987,#5988);
#5986 = CARTESIAN_POINT('',(161.887087,-142.998901,-4.6E-02));
#5987 = DIRECTION('',(-0.,-0.,-1.));
#5988 = DIRECTION('',(-0.,-1.,0.));
#5989 = ADVANCED_FACE('',(#5990),#6001,.F.);
#5990 = FACE_BOUND('',#5991,.T.);
#5991 = EDGE_LOOP('',(#5992,#5993,#5999,#6000));
#5992 = ORIENTED_EDGE('',*,*,#3957,.T.);
#5993 = ORIENTED_EDGE('',*,*,#5994,.T.);
#5994 = EDGE_CURVE('',#3958,#4890,#5995,.T.);
#5995 = LINE('',#5996,#5997);
#5996 = CARTESIAN_POINT('',(169.1,-145.005,-4.6E-02));
#5997 = VECTOR('',#5998,1.);
#5998 = DIRECTION('',(0.,0.,1.));
#5999 = ORIENTED_EDGE('',*,*,#4889,.F.);
#6000 = ORIENTED_EDGE('',*,*,#5994,.F.);
#6001 = CYLINDRICAL_SURFACE('',#6002,0.425);
#6002 = AXIS2_PLACEMENT_3D('',#6003,#6004,#6005);
#6003 = CARTESIAN_POINT('',(169.1,-144.58,-4.6E-02));
#6004 = DIRECTION('',(-0.,-0.,-1.));
#6005 = DIRECTION('',(-6.687461042448E-14,-1.,0.));
#6006 = ADVANCED_FACE('',(#6007),#6018,.F.);
#6007 = FACE_BOUND('',#6008,.T.);
#6008 = EDGE_LOOP('',(#6009,#6010,#6016,#6017));
#6009 = ORIENTED_EDGE('',*,*,#3968,.T.);
#6010 = ORIENTED_EDGE('',*,*,#6011,.T.);
#6011 = EDGE_CURVE('',#3969,#4901,#6012,.T.);
#6012 = LINE('',#6013,#6014);
#6013 = CARTESIAN_POINT('',(161.887087,-140.858901,-4.6E-02));
#6014 = VECTOR('',#6015,1.);
#6015 = DIRECTION('',(0.,0.,1.));
#6016 = ORIENTED_EDGE('',*,*,#4900,.F.);
#6017 = ORIENTED_EDGE('',*,*,#6011,.F.);
#6018 = CYLINDRICAL_SURFACE('',#6019,0.4);
#6019 = AXIS2_PLACEMENT_3D('',#6020,#6021,#6022);
#6020 = CARTESIAN_POINT('',(161.887087,-140.458901,-4.6E-02));
#6021 = DIRECTION('',(-0.,-0.,-1.));
#6022 = DIRECTION('',(-0.,-1.,0.));
#6023 = ADVANCED_FACE('',(#6024),#6035,.F.);
#6024 = FACE_BOUND('',#6025,.T.);
#6025 = EDGE_LOOP('',(#6026,#6027,#6033,#6034));
#6026 = ORIENTED_EDGE('',*,*,#3979,.T.);
#6027 = ORIENTED_EDGE('',*,*,#6028,.T.);
#6028 = EDGE_CURVE('',#3980,#4912,#6029,.T.);
#6029 = LINE('',#6030,#6031);
#6030 = CARTESIAN_POINT('',(161.887087,-138.318901,-4.6E-02));
#6031 = VECTOR('',#6032,1.);
#6032 = DIRECTION('',(0.,0.,1.));
#6033 = ORIENTED_EDGE('',*,*,#4911,.F.);
#6034 = ORIENTED_EDGE('',*,*,#6028,.F.);
#6035 = CYLINDRICAL_SURFACE('',#6036,0.4);
#6036 = AXIS2_PLACEMENT_3D('',#6037,#6038,#6039);
#6037 = CARTESIAN_POINT('',(161.887087,-137.918901,-4.6E-02));
#6038 = DIRECTION('',(-0.,-0.,-1.));
#6039 = DIRECTION('',(-0.,-1.,0.));
#6040 = ADVANCED_FACE('',(#6041),#6052,.F.);
#6041 = FACE_BOUND('',#6042,.T.);
#6042 = EDGE_LOOP('',(#6043,#6044,#6050,#6051));
#6043 = ORIENTED_EDGE('',*,*,#3990,.T.);
#6044 = ORIENTED_EDGE('',*,*,#6045,.T.);
#6045 = EDGE_CURVE('',#3991,#4923,#6046,.T.);
#6046 = LINE('',#6047,#6048);
#6047 = CARTESIAN_POINT('',(161.887087,-135.778901,-4.6E-02));
#6048 = VECTOR('',#6049,1.);
#6049 = DIRECTION('',(0.,0.,1.));
#6050 = ORIENTED_EDGE('',*,*,#4922,.F.);
#6051 = ORIENTED_EDGE('',*,*,#6045,.F.);
#6052 = CYLINDRICAL_SURFACE('',#6053,0.4);
#6053 = AXIS2_PLACEMENT_3D('',#6054,#6055,#6056);
#6054 = CARTESIAN_POINT('',(161.887087,-135.378901,-4.6E-02));
#6055 = DIRECTION('',(-0.,-0.,-1.));
#6056 = DIRECTION('',(-0.,-1.,0.));
#6057 = ADVANCED_FACE('',(#6058),#6069,.F.);
#6058 = FACE_BOUND('',#6059,.T.);
#6059 = EDGE_LOOP('',(#6060,#6061,#6067,#6068));
#6060 = ORIENTED_EDGE('',*,*,#4001,.T.);
#6061 = ORIENTED_EDGE('',*,*,#6062,.T.);
#6062 = EDGE_CURVE('',#4002,#4934,#6063,.T.);
#6063 = LINE('',#6064,#6065);
#6064 = CARTESIAN_POINT('',(161.887087,-133.238901,-4.6E-02));
#6065 = VECTOR('',#6066,1.);
#6066 = DIRECTION('',(0.,0.,1.));
#6067 = ORIENTED_EDGE('',*,*,#4933,.F.);
#6068 = ORIENTED_EDGE('',*,*,#6062,.F.);
#6069 = CYLINDRICAL_SURFACE('',#6070,0.4);
#6070 = AXIS2_PLACEMENT_3D('',#6071,#6072,#6073);
#6071 = CARTESIAN_POINT('',(161.887087,-132.838901,-4.6E-02));
#6072 = DIRECTION('',(-0.,-0.,-1.));
#6073 = DIRECTION('',(-0.,-1.,0.));
#6074 = ADVANCED_FACE('',(#6075),#6086,.F.);
#6075 = FACE_BOUND('',#6076,.T.);
#6076 = EDGE_LOOP('',(#6077,#6078,#6084,#6085));
#6077 = ORIENTED_EDGE('',*,*,#4012,.T.);
#6078 = ORIENTED_EDGE('',*,*,#6079,.T.);
#6079 = EDGE_CURVE('',#4013,#4945,#6080,.T.);
#6080 = LINE('',#6081,#6082);
#6081 = CARTESIAN_POINT('',(161.887087,-130.698901,-4.6E-02));
#6082 = VECTOR('',#6083,1.);
#6083 = DIRECTION('',(0.,0.,1.));
#6084 = ORIENTED_EDGE('',*,*,#4944,.F.);
#6085 = ORIENTED_EDGE('',*,*,#6079,.F.);
#6086 = CYLINDRICAL_SURFACE('',#6087,0.4);
#6087 = AXIS2_PLACEMENT_3D('',#6088,#6089,#6090);
#6088 = CARTESIAN_POINT('',(161.887087,-130.298901,-4.6E-02));
#6089 = DIRECTION('',(-0.,-0.,-1.));
#6090 = DIRECTION('',(-0.,-1.,0.));
#6091 = ADVANCED_FACE('',(#6092),#6103,.F.);
#6092 = FACE_BOUND('',#6093,.T.);
#6093 = EDGE_LOOP('',(#6094,#6095,#6101,#6102));
#6094 = ORIENTED_EDGE('',*,*,#4023,.T.);
#6095 = ORIENTED_EDGE('',*,*,#6096,.T.);
#6096 = EDGE_CURVE('',#4024,#4956,#6097,.T.);
#6097 = LINE('',#6098,#6099);
#6098 = CARTESIAN_POINT('',(161.887087,-128.158901,-4.6E-02));
#6099 = VECTOR('',#6100,1.);
#6100 = DIRECTION('',(0.,0.,1.));
#6101 = ORIENTED_EDGE('',*,*,#4955,.F.);
#6102 = ORIENTED_EDGE('',*,*,#6096,.F.);
#6103 = CYLINDRICAL_SURFACE('',#6104,0.4);
#6104 = AXIS2_PLACEMENT_3D('',#6105,#6106,#6107);
#6105 = CARTESIAN_POINT('',(161.887087,-127.758901,-4.6E-02));
#6106 = DIRECTION('',(-0.,-0.,-1.));
#6107 = DIRECTION('',(-0.,-1.,0.));
#6108 = ADVANCED_FACE('',(#6109),#6120,.F.);
#6109 = FACE_BOUND('',#6110,.T.);
#6110 = EDGE_LOOP('',(#6111,#6112,#6118,#6119));
#6111 = ORIENTED_EDGE('',*,*,#4034,.T.);
#6112 = ORIENTED_EDGE('',*,*,#6113,.T.);
#6113 = EDGE_CURVE('',#4035,#4967,#6114,.T.);
#6114 = LINE('',#6115,#6116);
#6115 = CARTESIAN_POINT('',(173.3,-145.005,-4.6E-02));
#6116 = VECTOR('',#6117,1.);
#6117 = DIRECTION('',(0.,0.,1.));
#6118 = ORIENTED_EDGE('',*,*,#4966,.F.);
#6119 = ORIENTED_EDGE('',*,*,#6113,.F.);
#6120 = CYLINDRICAL_SURFACE('',#6121,0.425);
#6121 = AXIS2_PLACEMENT_3D('',#6122,#6123,#6124);
#6122 = CARTESIAN_POINT('',(173.3,-144.58,-4.6E-02));
#6123 = DIRECTION('',(-0.,-0.,-1.));
#6124 = DIRECTION('',(-0.,-1.,0.));
#6125 = ADVANCED_FACE('',(#6126),#6137,.F.);
#6126 = FACE_BOUND('',#6127,.T.);
#6127 = EDGE_LOOP('',(#6128,#6129,#6135,#6136));
#6128 = ORIENTED_EDGE('',*,*,#4045,.T.);
#6129 = ORIENTED_EDGE('',*,*,#6130,.T.);
#6130 = EDGE_CURVE('',#4046,#4978,#6131,.T.);
#6131 = LINE('',#6132,#6133);
#6132 = CARTESIAN_POINT('',(177.5,-145.005,-4.6E-02));
#6133 = VECTOR('',#6134,1.);
#6134 = DIRECTION('',(0.,0.,1.));
#6135 = ORIENTED_EDGE('',*,*,#4977,.F.);
#6136 = ORIENTED_EDGE('',*,*,#6130,.F.);
#6137 = CYLINDRICAL_SURFACE('',#6138,0.425);
#6138 = AXIS2_PLACEMENT_3D('',#6139,#6140,#6141);
#6139 = CARTESIAN_POINT('',(177.5,-144.58,-4.6E-02));
#6140 = DIRECTION('',(-0.,-0.,-1.));
#6141 = DIRECTION('',(-0.,-1.,0.));
#6142 = ADVANCED_FACE('',(#6143),#6154,.F.);
#6143 = FACE_BOUND('',#6144,.T.);
#6144 = EDGE_LOOP('',(#6145,#6146,#6152,#6153));
#6145 = ORIENTED_EDGE('',*,*,#4056,.T.);
#6146 = ORIENTED_EDGE('',*,*,#6147,.T.);
#6147 = EDGE_CURVE('',#4057,#4989,#6148,.T.);
#6148 = LINE('',#6149,#6150);
#6149 = CARTESIAN_POINT('',(181.7,-145.005,-4.6E-02));
#6150 = VECTOR('',#6151,1.);
#6151 = DIRECTION('',(0.,0.,1.));
#6152 = ORIENTED_EDGE('',*,*,#4988,.F.);
#6153 = ORIENTED_EDGE('',*,*,#6147,.F.);
#6154 = CYLINDRICAL_SURFACE('',#6155,0.425);
#6155 = AXIS2_PLACEMENT_3D('',#6156,#6157,#6158);
#6156 = CARTESIAN_POINT('',(181.7,-144.58,-4.6E-02));
#6157 = DIRECTION('',(-0.,-0.,-1.));
#6158 = DIRECTION('',(-0.,-1.,0.));
#6159 = ADVANCED_FACE('',(#6160),#6171,.F.);
#6160 = FACE_BOUND('',#6161,.T.);
#6161 = EDGE_LOOP('',(#6162,#6163,#6169,#6170));
#6162 = ORIENTED_EDGE('',*,*,#4067,.T.);
#6163 = ORIENTED_EDGE('',*,*,#6164,.T.);
#6164 = EDGE_CURVE('',#4068,#5000,#6165,.T.);
#6165 = LINE('',#6166,#6167);
#6166 = CARTESIAN_POINT('',(190.,-141.6,-4.6E-02));
#6167 = VECTOR('',#6168,1.);
#6168 = DIRECTION('',(0.,0.,1.));
#6169 = ORIENTED_EDGE('',*,*,#4999,.F.);
#6170 = ORIENTED_EDGE('',*,*,#6164,.F.);
#6171 = CYLINDRICAL_SURFACE('',#6172,1.6);
#6172 = AXIS2_PLACEMENT_3D('',#6173,#6174,#6175);
#6173 = CARTESIAN_POINT('',(190.,-140.,-4.6E-02));
#6174 = DIRECTION('',(-0.,-0.,-1.));
#6175 = DIRECTION('',(-0.,-1.,0.));
#6176 = ADVANCED_FACE('',(#6177),#6188,.F.);
#6177 = FACE_BOUND('',#6178,.T.);
#6178 = EDGE_LOOP('',(#6179,#6180,#6186,#6187));
#6179 = ORIENTED_EDGE('',*,*,#4078,.T.);
#6180 = ORIENTED_EDGE('',*,*,#6181,.T.);
#6181 = EDGE_CURVE('',#4079,#5011,#6182,.T.);
#6182 = LINE('',#6183,#6184);
#6183 = CARTESIAN_POINT('',(161.887087,-125.618901,-4.6E-02));
#6184 = VECTOR('',#6185,1.);
#6185 = DIRECTION('',(0.,0.,1.));
#6186 = ORIENTED_EDGE('',*,*,#5010,.F.);
#6187 = ORIENTED_EDGE('',*,*,#6181,.F.);
#6188 = CYLINDRICAL_SURFACE('',#6189,0.4);
#6189 = AXIS2_PLACEMENT_3D('',#6190,#6191,#6192);
#6190 = CARTESIAN_POINT('',(161.887087,-125.218901,-4.6E-02));
#6191 = DIRECTION('',(-0.,-0.,-1.));
#6192 = DIRECTION('',(-0.,-1.,0.));
#6193 = ADVANCED_FACE('',(#6194),#6205,.F.);
#6194 = FACE_BOUND('',#6195,.T.);
#6195 = EDGE_LOOP('',(#6196,#6197,#6203,#6204));
#6196 = ORIENTED_EDGE('',*,*,#4089,.T.);
#6197 = ORIENTED_EDGE('',*,*,#6198,.T.);
#6198 = EDGE_CURVE('',#4090,#5022,#6199,.T.);
#6199 = LINE('',#6200,#6201);
#6200 = CARTESIAN_POINT('',(161.887087,-123.078901,-4.6E-02));
#6201 = VECTOR('',#6202,1.);
#6202 = DIRECTION('',(0.,0.,1.));
#6203 = ORIENTED_EDGE('',*,*,#5021,.F.);
#6204 = ORIENTED_EDGE('',*,*,#6198,.F.);
#6205 = CYLINDRICAL_SURFACE('',#6206,0.4);
#6206 = AXIS2_PLACEMENT_3D('',#6207,#6208,#6209);
#6207 = CARTESIAN_POINT('',(161.887087,-122.678901,-4.6E-02));
#6208 = DIRECTION('',(-0.,-0.,-1.));
#6209 = DIRECTION('',(-0.,-1.,0.));
#6210 = ADVANCED_FACE('',(#6211),#6222,.F.);
#6211 = FACE_BOUND('',#6212,.T.);
#6212 = EDGE_LOOP('',(#6213,#6214,#6220,#6221));
#6213 = ORIENTED_EDGE('',*,*,#4100,.T.);
#6214 = ORIENTED_EDGE('',*,*,#6215,.T.);
#6215 = EDGE_CURVE('',#4101,#5033,#6216,.T.);
#6216 = LINE('',#6217,#6218);
#6217 = CARTESIAN_POINT('',(161.887087,-120.538901,-4.6E-02));
#6218 = VECTOR('',#6219,1.);
#6219 = DIRECTION('',(0.,0.,1.));
#6220 = ORIENTED_EDGE('',*,*,#5032,.F.);
#6221 = ORIENTED_EDGE('',*,*,#6215,.F.);
#6222 = CYLINDRICAL_SURFACE('',#6223,0.4);
#6223 = AXIS2_PLACEMENT_3D('',#6224,#6225,#6226);
#6224 = CARTESIAN_POINT('',(161.887087,-120.138901,-4.6E-02));
#6225 = DIRECTION('',(-0.,-0.,-1.));
#6226 = DIRECTION('',(-0.,-1.,0.));
#6227 = ADVANCED_FACE('',(#6228),#6239,.F.);
#6228 = FACE_BOUND('',#6229,.T.);
#6229 = EDGE_LOOP('',(#6230,#6231,#6237,#6238));
#6230 = ORIENTED_EDGE('',*,*,#4111,.T.);
#6231 = ORIENTED_EDGE('',*,*,#6232,.T.);
#6232 = EDGE_CURVE('',#4112,#5044,#6233,.T.);
#6233 = LINE('',#6234,#6235);
#6234 = CARTESIAN_POINT('',(161.887087,-117.998901,-4.6E-02));
#6235 = VECTOR('',#6236,1.);
#6236 = DIRECTION('',(0.,0.,1.));
#6237 = ORIENTED_EDGE('',*,*,#5043,.F.);
#6238 = ORIENTED_EDGE('',*,*,#6232,.F.);
#6239 = CYLINDRICAL_SURFACE('',#6240,0.4);
#6240 = AXIS2_PLACEMENT_3D('',#6241,#6242,#6243);
#6241 = CARTESIAN_POINT('',(161.887087,-117.598901,-4.6E-02));
#6242 = DIRECTION('',(-0.,-0.,-1.));
#6243 = DIRECTION('',(-0.,-1.,0.));
#6244 = ADVANCED_FACE('',(#6245),#6256,.F.);
#6245 = FACE_BOUND('',#6246,.T.);
#6246 = EDGE_LOOP('',(#6247,#6248,#6254,#6255));
#6247 = ORIENTED_EDGE('',*,*,#4122,.T.);
#6248 = ORIENTED_EDGE('',*,*,#6249,.T.);
#6249 = EDGE_CURVE('',#4123,#5055,#6250,.T.);
#6250 = LINE('',#6251,#6252);
#6251 = CARTESIAN_POINT('',(161.887087,-115.458901,-4.6E-02));
#6252 = VECTOR('',#6253,1.);
#6253 = DIRECTION('',(0.,0.,1.));
#6254 = ORIENTED_EDGE('',*,*,#5054,.F.);
#6255 = ORIENTED_EDGE('',*,*,#6249,.F.);
#6256 = CYLINDRICAL_SURFACE('',#6257,0.4);
#6257 = AXIS2_PLACEMENT_3D('',#6258,#6259,#6260);
#6258 = CARTESIAN_POINT('',(161.887087,-115.058901,-4.6E-02));
#6259 = DIRECTION('',(-0.,-0.,-1.));
#6260 = DIRECTION('',(-0.,-1.,0.));
#6261 = ADVANCED_FACE('',(#6262),#6273,.F.);
#6262 = FACE_BOUND('',#6263,.T.);
#6263 = EDGE_LOOP('',(#6264,#6265,#6271,#6272));
#6264 = ORIENTED_EDGE('',*,*,#4133,.T.);
#6265 = ORIENTED_EDGE('',*,*,#6266,.T.);
#6266 = EDGE_CURVE('',#4134,#5066,#6267,.T.);
#6267 = LINE('',#6268,#6269);
#6268 = CARTESIAN_POINT('',(161.887087,-112.918901,-4.6E-02));
#6269 = VECTOR('',#6270,1.);
#6270 = DIRECTION('',(0.,0.,1.));
#6271 = ORIENTED_EDGE('',*,*,#5065,.F.);
#6272 = ORIENTED_EDGE('',*,*,#6266,.F.);
#6273 = CYLINDRICAL_SURFACE('',#6274,0.4);
#6274 = AXIS2_PLACEMENT_3D('',#6275,#6276,#6277);
#6275 = CARTESIAN_POINT('',(161.887087,-112.518901,-4.6E-02));
#6276 = DIRECTION('',(-0.,-0.,-1.));
#6277 = DIRECTION('',(-0.,-1.,0.));
#6278 = ADVANCED_FACE('',(#6279),#6290,.F.);
#6279 = FACE_BOUND('',#6280,.T.);
#6280 = EDGE_LOOP('',(#6281,#6282,#6288,#6289));
#6281 = ORIENTED_EDGE('',*,*,#4144,.T.);
#6282 = ORIENTED_EDGE('',*,*,#6283,.T.);
#6283 = EDGE_CURVE('',#4145,#5077,#6284,.T.);
#6284 = LINE('',#6285,#6286);
#6285 = CARTESIAN_POINT('',(177.,-118.15,-4.6E-02));
#6286 = VECTOR('',#6287,1.);
#6287 = DIRECTION('',(0.,0.,1.));
#6288 = ORIENTED_EDGE('',*,*,#5076,.F.);
#6289 = ORIENTED_EDGE('',*,*,#6283,.F.);
#6290 = CYLINDRICAL_SURFACE('',#6291,0.55);
#6291 = AXIS2_PLACEMENT_3D('',#6292,#6293,#6294);
#6292 = CARTESIAN_POINT('',(177.,-117.6,-4.6E-02));
#6293 = DIRECTION('',(-0.,-0.,-1.));
#6294 = DIRECTION('',(-0.,-1.,0.));
#6295 = ADVANCED_FACE('',(#6296),#6307,.F.);
#6296 = FACE_BOUND('',#6297,.T.);
#6297 = EDGE_LOOP('',(#6298,#6299,#6305,#6306));
#6298 = ORIENTED_EDGE('',*,*,#4155,.T.);
#6299 = ORIENTED_EDGE('',*,*,#6300,.T.);
#6300 = EDGE_CURVE('',#4156,#5088,#6301,.T.);
#6301 = LINE('',#6302,#6303);
#6302 = CARTESIAN_POINT('',(188.4,-116.25,-4.6E-02));
#6303 = VECTOR('',#6304,1.);
#6304 = DIRECTION('',(0.,0.,1.));
#6305 = ORIENTED_EDGE('',*,*,#5087,.F.);
#6306 = ORIENTED_EDGE('',*,*,#6300,.F.);
#6307 = CYLINDRICAL_SURFACE('',#6308,0.55);
#6308 = AXIS2_PLACEMENT_3D('',#6309,#6310,#6311);
#6309 = CARTESIAN_POINT('',(188.4,-115.7,-4.6E-02));
#6310 = DIRECTION('',(-0.,0.,-1.));
#6311 = DIRECTION('',(5.1675835328E-14,-1.,-0.));
#6312 = ADVANCED_FACE('',(#6313),#6324,.F.);
#6313 = FACE_BOUND('',#6314,.T.);
#6314 = EDGE_LOOP('',(#6315,#6316,#6322,#6323));
#6315 = ORIENTED_EDGE('',*,*,#4166,.T.);
#6316 = ORIENTED_EDGE('',*,*,#6317,.T.);
#6317 = EDGE_CURVE('',#4167,#5099,#6318,.T.);
#6318 = LINE('',#6319,#6320);
#6319 = CARTESIAN_POINT('',(177.,-114.34,-4.6E-02));
#6320 = VECTOR('',#6321,1.);
#6321 = DIRECTION('',(0.,0.,1.));
#6322 = ORIENTED_EDGE('',*,*,#5098,.F.);
#6323 = ORIENTED_EDGE('',*,*,#6317,.F.);
#6324 = CYLINDRICAL_SURFACE('',#6325,0.55);
#6325 = AXIS2_PLACEMENT_3D('',#6326,#6327,#6328);
#6326 = CARTESIAN_POINT('',(177.,-113.79,-4.6E-02));
#6327 = DIRECTION('',(-0.,-0.,-1.));
#6328 = DIRECTION('',(-0.,-1.,0.));
#6329 = ADVANCED_FACE('',(#6330),#6341,.F.);
#6330 = FACE_BOUND('',#6331,.T.);
#6331 = EDGE_LOOP('',(#6332,#6333,#6339,#6340));
#6332 = ORIENTED_EDGE('',*,*,#4177,.T.);
#6333 = ORIENTED_EDGE('',*,*,#6334,.T.);
#6334 = EDGE_CURVE('',#4178,#5110,#6335,.T.);
#6335 = LINE('',#6336,#6337);
#6336 = CARTESIAN_POINT('',(177.,-110.53,-4.6E-02));
#6337 = VECTOR('',#6338,1.);
#6338 = DIRECTION('',(0.,0.,1.));
#6339 = ORIENTED_EDGE('',*,*,#5109,.F.);
#6340 = ORIENTED_EDGE('',*,*,#6334,.F.);
#6341 = CYLINDRICAL_SURFACE('',#6342,0.55);
#6342 = AXIS2_PLACEMENT_3D('',#6343,#6344,#6345);
#6343 = CARTESIAN_POINT('',(177.,-109.98,-4.6E-02));
#6344 = DIRECTION('',(-0.,-0.,-1.));
#6345 = DIRECTION('',(-0.,-1.,0.));
#6346 = ADVANCED_FACE('',(#6347),#6358,.F.);
#6347 = FACE_BOUND('',#6348,.T.);
#6348 = EDGE_LOOP('',(#6349,#6350,#6356,#6357));
#6349 = ORIENTED_EDGE('',*,*,#4188,.T.);
#6350 = ORIENTED_EDGE('',*,*,#6351,.T.);
#6351 = EDGE_CURVE('',#4189,#5121,#6352,.T.);
#6352 = LINE('',#6353,#6354);
#6353 = CARTESIAN_POINT('',(177.,-106.72,-4.6E-02));
#6354 = VECTOR('',#6355,1.);
#6355 = DIRECTION('',(0.,0.,1.));
#6356 = ORIENTED_EDGE('',*,*,#5120,.F.);
#6357 = ORIENTED_EDGE('',*,*,#6351,.F.);
#6358 = CYLINDRICAL_SURFACE('',#6359,0.55);
#6359 = AXIS2_PLACEMENT_3D('',#6360,#6361,#6362);
#6360 = CARTESIAN_POINT('',(177.,-106.17,-4.6E-02));
#6361 = DIRECTION('',(-0.,-0.,-1.));
#6362 = DIRECTION('',(-0.,-1.,0.));
#6363 = ADVANCED_FACE('',(#6364),#6375,.F.);
#6364 = FACE_BOUND('',#6365,.T.);
#6365 = EDGE_LOOP('',(#6366,#6367,#6373,#6374));
#6366 = ORIENTED_EDGE('',*,*,#4199,.T.);
#6367 = ORIENTED_EDGE('',*,*,#6368,.T.);
#6368 = EDGE_CURVE('',#4200,#5132,#6369,.T.);
#6369 = LINE('',#6370,#6371);
#6370 = CARTESIAN_POINT('',(188.4,-112.44,-4.6E-02));
#6371 = VECTOR('',#6372,1.);
#6372 = DIRECTION('',(0.,0.,1.));
#6373 = ORIENTED_EDGE('',*,*,#5131,.F.);
#6374 = ORIENTED_EDGE('',*,*,#6368,.F.);
#6375 = CYLINDRICAL_SURFACE('',#6376,0.55);
#6376 = AXIS2_PLACEMENT_3D('',#6377,#6378,#6379);
#6377 = CARTESIAN_POINT('',(188.4,-111.89,-4.6E-02));
#6378 = DIRECTION('',(-0.,0.,-1.));
#6379 = DIRECTION('',(5.1675835328E-14,-1.,-0.));
#6380 = ADVANCED_FACE('',(#6381),#6392,.F.);
#6381 = FACE_BOUND('',#6382,.T.);
#6382 = EDGE_LOOP('',(#6383,#6384,#6390,#6391));
#6383 = ORIENTED_EDGE('',*,*,#4210,.T.);
#6384 = ORIENTED_EDGE('',*,*,#6385,.T.);
#6385 = EDGE_CURVE('',#4211,#5143,#6386,.T.);
#6386 = LINE('',#6387,#6388);
#6387 = CARTESIAN_POINT('',(188.4,-108.63,-4.6E-02));
#6388 = VECTOR('',#6389,1.);
#6389 = DIRECTION('',(0.,0.,1.));
#6390 = ORIENTED_EDGE('',*,*,#5142,.F.);
#6391 = ORIENTED_EDGE('',*,*,#6385,.F.);
#6392 = CYLINDRICAL_SURFACE('',#6393,0.55);
#6393 = AXIS2_PLACEMENT_3D('',#6394,#6395,#6396);
#6394 = CARTESIAN_POINT('',(188.4,-108.08,-4.6E-02));
#6395 = DIRECTION('',(-0.,0.,-1.));
#6396 = DIRECTION('',(5.1675835328E-14,-1.,-0.));
#6397 = ADVANCED_FACE('',(#6398),#6409,.F.);
#6398 = FACE_BOUND('',#6399,.T.);
#6399 = EDGE_LOOP('',(#6400,#6401,#6407,#6408));
#6400 = ORIENTED_EDGE('',*,*,#4221,.T.);
#6401 = ORIENTED_EDGE('',*,*,#6402,.T.);
#6402 = EDGE_CURVE('',#4222,#5154,#6403,.T.);
#6403 = LINE('',#6404,#6405);
#6404 = CARTESIAN_POINT('',(188.4,-104.82,-4.6E-02));
#6405 = VECTOR('',#6406,1.);
#6406 = DIRECTION('',(0.,0.,1.));
#6407 = ORIENTED_EDGE('',*,*,#5153,.F.);
#6408 = ORIENTED_EDGE('',*,*,#6402,.F.);
#6409 = CYLINDRICAL_SURFACE('',#6410,0.55);
#6410 = AXIS2_PLACEMENT_3D('',#6411,#6412,#6413);
#6411 = CARTESIAN_POINT('',(188.4,-104.27,-4.6E-02));
#6412 = DIRECTION('',(-0.,0.,-1.));
#6413 = DIRECTION('',(5.1675835328E-14,-1.,-0.));
#6414 = ADVANCED_FACE('',(#6415),#6426,.F.);
#6415 = FACE_BOUND('',#6416,.T.);
#6416 = EDGE_LOOP('',(#6417,#6418,#6424,#6425));
#6417 = ORIENTED_EDGE('',*,*,#4232,.T.);
#6418 = ORIENTED_EDGE('',*,*,#6419,.T.);
#6419 = EDGE_CURVE('',#4233,#5165,#6420,.T.);
#6420 = LINE('',#6421,#6422);
#6421 = CARTESIAN_POINT('',(111.873126,-98.312537,-4.6E-02));
#6422 = VECTOR('',#6423,1.);
#6423 = DIRECTION('',(0.,0.,1.));
#6424 = ORIENTED_EDGE('',*,*,#5164,.F.);
#6425 = ORIENTED_EDGE('',*,*,#6419,.F.);
#6426 = CYLINDRICAL_SURFACE('',#6427,0.65);
#6427 = AXIS2_PLACEMENT_3D('',#6428,#6429,#6430);
#6428 = CARTESIAN_POINT('',(111.873126,-97.662537,-4.6E-02));
#6429 = DIRECTION('',(-0.,-0.,-1.));
#6430 = DIRECTION('',(-0.,-1.,0.));
#6431 = ADVANCED_FACE('',(#6432),#6443,.F.);
#6432 = FACE_BOUND('',#6433,.T.);
#6433 = EDGE_LOOP('',(#6434,#6435,#6441,#6442));
#6434 = ORIENTED_EDGE('',*,*,#4243,.T.);
#6435 = ORIENTED_EDGE('',*,*,#6436,.T.);
#6436 = EDGE_CURVE('',#4244,#5176,#6437,.T.);
#6437 = LINE('',#6438,#6439);
#6438 = CARTESIAN_POINT('',(111.873126,-91.962537,-4.6E-02));
#6439 = VECTOR('',#6440,1.);
#6440 = DIRECTION('',(0.,0.,1.));
#6441 = ORIENTED_EDGE('',*,*,#5175,.F.);
#6442 = ORIENTED_EDGE('',*,*,#6436,.F.);
#6443 = CYLINDRICAL_SURFACE('',#6444,0.65);
#6444 = AXIS2_PLACEMENT_3D('',#6445,#6446,#6447);
#6445 = CARTESIAN_POINT('',(111.873126,-91.312537,-4.6E-02));
#6446 = DIRECTION('',(-0.,-0.,-1.));
#6447 = DIRECTION('',(-0.,-1.,0.));
#6448 = ADVANCED_FACE('',(#6449),#6460,.F.);
#6449 = FACE_BOUND('',#6450,.T.);
#6450 = EDGE_LOOP('',(#6451,#6452,#6458,#6459));
#6451 = ORIENTED_EDGE('',*,*,#4254,.T.);
#6452 = ORIENTED_EDGE('',*,*,#6453,.T.);
#6453 = EDGE_CURVE('',#4255,#5187,#6454,.T.);
#6454 = LINE('',#6455,#6456);
#6455 = CARTESIAN_POINT('',(111.873126,-85.612537,-4.6E-02));
#6456 = VECTOR('',#6457,1.);
#6457 = DIRECTION('',(0.,0.,1.));
#6458 = ORIENTED_EDGE('',*,*,#5186,.F.);
#6459 = ORIENTED_EDGE('',*,*,#6453,.F.);
#6460 = CYLINDRICAL_SURFACE('',#6461,0.65);
#6461 = AXIS2_PLACEMENT_3D('',#6462,#6463,#6464);
#6462 = CARTESIAN_POINT('',(111.873126,-84.962537,-4.6E-02));
#6463 = DIRECTION('',(-0.,-0.,-1.));
#6464 = DIRECTION('',(-0.,-1.,0.));
#6465 = ADVANCED_FACE('',(#6466),#6477,.F.);
#6466 = FACE_BOUND('',#6467,.T.);
#6467 = EDGE_LOOP('',(#6468,#6469,#6475,#6476));
#6468 = ORIENTED_EDGE('',*,*,#4265,.T.);
#6469 = ORIENTED_EDGE('',*,*,#6470,.T.);
#6470 = EDGE_CURVE('',#4266,#5198,#6471,.T.);
#6471 = LINE('',#6472,#6473);
#6472 = CARTESIAN_POINT('',(111.873126,-79.262537,-4.6E-02));
#6473 = VECTOR('',#6474,1.);
#6474 = DIRECTION('',(0.,0.,1.));
#6475 = ORIENTED_EDGE('',*,*,#5197,.F.);
#6476 = ORIENTED_EDGE('',*,*,#6470,.F.);
#6477 = CYLINDRICAL_SURFACE('',#6478,0.65);
#6478 = AXIS2_PLACEMENT_3D('',#6479,#6480,#6481);
#6479 = CARTESIAN_POINT('',(111.873126,-78.612537,-4.6E-02));
#6480 = DIRECTION('',(-0.,-0.,-1.));
#6481 = DIRECTION('',(-0.,-1.,0.));
#6482 = ADVANCED_FACE('',(#6483),#6494,.F.);
#6483 = FACE_BOUND('',#6484,.T.);
#6484 = EDGE_LOOP('',(#6485,#6486,#6492,#6493));
#6485 = ORIENTED_EDGE('',*,*,#4276,.T.);
#6486 = ORIENTED_EDGE('',*,*,#6487,.T.);
#6487 = EDGE_CURVE('',#4277,#5209,#6488,.T.);
#6488 = LINE('',#6489,#6490);
#6489 = CARTESIAN_POINT('',(110.,-61.6,-4.6E-02));
#6490 = VECTOR('',#6491,1.);
#6491 = DIRECTION('',(0.,0.,1.));
#6492 = ORIENTED_EDGE('',*,*,#5208,.F.);
#6493 = ORIENTED_EDGE('',*,*,#6487,.F.);
#6494 = CYLINDRICAL_SURFACE('',#6495,1.6);
#6495 = AXIS2_PLACEMENT_3D('',#6496,#6497,#6498);
#6496 = CARTESIAN_POINT('',(110.,-60.,-4.6E-02));
#6497 = DIRECTION('',(-0.,-0.,-1.));
#6498 = DIRECTION('',(-0.,-1.,0.));
#6499 = ADVANCED_FACE('',(#6500),#6511,.F.);
#6500 = FACE_BOUND('',#6501,.T.);
#6501 = EDGE_LOOP('',(#6502,#6503,#6509,#6510));
#6502 = ORIENTED_EDGE('',*,*,#4287,.T.);
#6503 = ORIENTED_EDGE('',*,*,#6504,.T.);
#6504 = EDGE_CURVE('',#4288,#5220,#6505,.T.);
#6505 = LINE('',#6506,#6507);
#6506 = CARTESIAN_POINT('',(121.417499,-62.5775,-4.6E-02));
#6507 = VECTOR('',#6508,1.);
#6508 = DIRECTION('',(0.,0.,1.));
#6509 = ORIENTED_EDGE('',*,*,#5219,.F.);
#6510 = ORIENTED_EDGE('',*,*,#6504,.F.);
#6511 = CYLINDRICAL_SURFACE('',#6512,0.65);
#6512 = AXIS2_PLACEMENT_3D('',#6513,#6514,#6515);
#6513 = CARTESIAN_POINT('',(121.417499,-61.9275,-4.6E-02));
#6514 = DIRECTION('',(-0.,0.,-1.));
#6515 = DIRECTION('',(2.1862853408E-14,-1.,-0.));
#6516 = ADVANCED_FACE('',(#6517),#6528,.F.);
#6517 = FACE_BOUND('',#6518,.T.);
#6518 = EDGE_LOOP('',(#6519,#6520,#6526,#6527));
#6519 = ORIENTED_EDGE('',*,*,#4298,.T.);
#6520 = ORIENTED_EDGE('',*,*,#6521,.T.);
#6521 = EDGE_CURVE('',#4299,#5231,#6522,.T.);
#6522 = LINE('',#6523,#6524);
#6523 = CARTESIAN_POINT('',(127.767499,-62.5775,-4.6E-02));
#6524 = VECTOR('',#6525,1.);
#6525 = DIRECTION('',(0.,0.,1.));
#6526 = ORIENTED_EDGE('',*,*,#5230,.F.);
#6527 = ORIENTED_EDGE('',*,*,#6521,.F.);
#6528 = CYLINDRICAL_SURFACE('',#6529,0.65);
#6529 = AXIS2_PLACEMENT_3D('',#6530,#6531,#6532);
#6530 = CARTESIAN_POINT('',(127.767499,-61.9275,-4.6E-02));
#6531 = DIRECTION('',(-0.,0.,-1.));
#6532 = DIRECTION('',(2.1862853408E-14,-1.,-0.));
#6533 = ADVANCED_FACE('',(#6534),#6545,.F.);
#6534 = FACE_BOUND('',#6535,.T.);
#6535 = EDGE_LOOP('',(#6536,#6537,#6543,#6544));
#6536 = ORIENTED_EDGE('',*,*,#4309,.T.);
#6537 = ORIENTED_EDGE('',*,*,#6538,.T.);
#6538 = EDGE_CURVE('',#4310,#5242,#6539,.T.);
#6539 = LINE('',#6540,#6541);
#6540 = CARTESIAN_POINT('',(134.117499,-62.5775,-4.6E-02));
#6541 = VECTOR('',#6542,1.);
#6542 = DIRECTION('',(0.,0.,1.));
#6543 = ORIENTED_EDGE('',*,*,#5241,.F.);
#6544 = ORIENTED_EDGE('',*,*,#6538,.F.);
#6545 = CYLINDRICAL_SURFACE('',#6546,0.65);
#6546 = AXIS2_PLACEMENT_3D('',#6547,#6548,#6549);
#6547 = CARTESIAN_POINT('',(134.117499,-61.9275,-4.6E-02));
#6548 = DIRECTION('',(-0.,-0.,-1.));
#6549 = DIRECTION('',(-0.,-1.,0.));
#6550 = ADVANCED_FACE('',(#6551),#6562,.F.);
#6551 = FACE_BOUND('',#6552,.T.);
#6552 = EDGE_LOOP('',(#6553,#6554,#6560,#6561));
#6553 = ORIENTED_EDGE('',*,*,#4320,.T.);
#6554 = ORIENTED_EDGE('',*,*,#6555,.T.);
#6555 = EDGE_CURVE('',#4321,#5253,#6556,.T.);
#6556 = LINE('',#6557,#6558);
#6557 = CARTESIAN_POINT('',(140.467499,-62.5775,-4.6E-02));
#6558 = VECTOR('',#6559,1.);
#6559 = DIRECTION('',(0.,0.,1.));
#6560 = ORIENTED_EDGE('',*,*,#5252,.F.);
#6561 = ORIENTED_EDGE('',*,*,#6555,.F.);
#6562 = CYLINDRICAL_SURFACE('',#6563,0.65);
#6563 = AXIS2_PLACEMENT_3D('',#6564,#6565,#6566);
#6564 = CARTESIAN_POINT('',(140.467499,-61.9275,-4.6E-02));
#6565 = DIRECTION('',(-0.,-0.,-1.));
#6566 = DIRECTION('',(-0.,-1.,0.));
#6567 = ADVANCED_FACE('',(#6568),#6579,.F.);
#6568 = FACE_BOUND('',#6569,.T.);
#6569 = EDGE_LOOP('',(#6570,#6571,#6577,#6578));
#6570 = ORIENTED_EDGE('',*,*,#4331,.T.);
#6571 = ORIENTED_EDGE('',*,*,#6572,.T.);
#6572 = EDGE_CURVE('',#4332,#5264,#6573,.T.);
#6573 = LINE('',#6574,#6575);
#6574 = CARTESIAN_POINT('',(146.817499,-62.5775,-4.6E-02));
#6575 = VECTOR('',#6576,1.);
#6576 = DIRECTION('',(0.,0.,1.));
#6577 = ORIENTED_EDGE('',*,*,#5263,.F.);
#6578 = ORIENTED_EDGE('',*,*,#6572,.F.);
#6579 = CYLINDRICAL_SURFACE('',#6580,0.65);
#6580 = AXIS2_PLACEMENT_3D('',#6581,#6582,#6583);
#6581 = CARTESIAN_POINT('',(146.817499,-61.9275,-4.6E-02));
#6582 = DIRECTION('',(-0.,-0.,-1.));
#6583 = DIRECTION('',(-0.,-1.,0.));
#6584 = ADVANCED_FACE('',(#6585),#6596,.F.);
#6585 = FACE_BOUND('',#6586,.T.);
#6586 = EDGE_LOOP('',(#6587,#6588,#6594,#6595));
#6587 = ORIENTED_EDGE('',*,*,#4342,.T.);
#6588 = ORIENTED_EDGE('',*,*,#6589,.T.);
#6589 = EDGE_CURVE('',#4343,#5275,#6590,.T.);
#6590 = LINE('',#6591,#6592);
#6591 = CARTESIAN_POINT('',(177.,-102.91,-4.6E-02));
#6592 = VECTOR('',#6593,1.);
#6593 = DIRECTION('',(0.,0.,1.));
#6594 = ORIENTED_EDGE('',*,*,#5274,.F.);
#6595 = ORIENTED_EDGE('',*,*,#6589,.F.);
#6596 = CYLINDRICAL_SURFACE('',#6597,0.55);
#6597 = AXIS2_PLACEMENT_3D('',#6598,#6599,#6600);
#6598 = CARTESIAN_POINT('',(177.,-102.36,-4.6E-02));
#6599 = DIRECTION('',(-0.,-0.,-1.));
#6600 = DIRECTION('',(-0.,-1.,0.));
#6601 = ADVANCED_FACE('',(#6602),#6613,.F.);
#6602 = FACE_BOUND('',#6603,.T.);
#6603 = EDGE_LOOP('',(#6604,#6605,#6611,#6612));
#6604 = ORIENTED_EDGE('',*,*,#4353,.T.);
#6605 = ORIENTED_EDGE('',*,*,#6606,.T.);
#6606 = EDGE_CURVE('',#4354,#5286,#6607,.T.);
#6607 = LINE('',#6608,#6609);
#6608 = CARTESIAN_POINT('',(177.,-99.1,-4.6E-02));
#6609 = VECTOR('',#6610,1.);
#6610 = DIRECTION('',(0.,0.,1.));
#6611 = ORIENTED_EDGE('',*,*,#5285,.F.);
#6612 = ORIENTED_EDGE('',*,*,#6606,.F.);
#6613 = CYLINDRICAL_SURFACE('',#6614,0.55);
#6614 = AXIS2_PLACEMENT_3D('',#6615,#6616,#6617);
#6615 = CARTESIAN_POINT('',(177.,-98.55,-4.6E-02));
#6616 = DIRECTION('',(-0.,-0.,-1.));
#6617 = DIRECTION('',(-0.,-1.,0.));
#6618 = ADVANCED_FACE('',(#6619),#6630,.F.);
#6619 = FACE_BOUND('',#6620,.T.);
#6620 = EDGE_LOOP('',(#6621,#6622,#6628,#6629));
#6621 = ORIENTED_EDGE('',*,*,#4364,.T.);
#6622 = ORIENTED_EDGE('',*,*,#6623,.T.);
#6623 = EDGE_CURVE('',#4365,#5297,#6624,.T.);
#6624 = LINE('',#6625,#6626);
#6625 = CARTESIAN_POINT('',(177.,-95.29,-4.6E-02));
#6626 = VECTOR('',#6627,1.);
#6627 = DIRECTION('',(0.,0.,1.));
#6628 = ORIENTED_EDGE('',*,*,#5296,.F.);
#6629 = ORIENTED_EDGE('',*,*,#6623,.F.);
#6630 = CYLINDRICAL_SURFACE('',#6631,0.55);
#6631 = AXIS2_PLACEMENT_3D('',#6632,#6633,#6634);
#6632 = CARTESIAN_POINT('',(177.,-94.74,-4.6E-02));
#6633 = DIRECTION('',(-0.,-0.,-1.));
#6634 = DIRECTION('',(-0.,-1.,0.));
#6635 = ADVANCED_FACE('',(#6636),#6647,.F.);
#6636 = FACE_BOUND('',#6637,.T.);
#6637 = EDGE_LOOP('',(#6638,#6639,#6645,#6646));
#6638 = ORIENTED_EDGE('',*,*,#4375,.T.);
#6639 = ORIENTED_EDGE('',*,*,#6640,.T.);
#6640 = EDGE_CURVE('',#4376,#5308,#6641,.T.);
#6641 = LINE('',#6642,#6643);
#6642 = CARTESIAN_POINT('',(188.4,-101.01,-4.6E-02));
#6643 = VECTOR('',#6644,1.);
#6644 = DIRECTION('',(0.,0.,1.));
#6645 = ORIENTED_EDGE('',*,*,#5307,.F.);
#6646 = ORIENTED_EDGE('',*,*,#6640,.F.);
#6647 = CYLINDRICAL_SURFACE('',#6648,0.55);
#6648 = AXIS2_PLACEMENT_3D('',#6649,#6650,#6651);
#6649 = CARTESIAN_POINT('',(188.4,-100.46,-4.6E-02));
#6650 = DIRECTION('',(-0.,0.,-1.));
#6651 = DIRECTION('',(5.1675835328E-14,-1.,-0.));
#6652 = ADVANCED_FACE('',(#6653),#6664,.F.);
#6653 = FACE_BOUND('',#6654,.T.);
#6654 = EDGE_LOOP('',(#6655,#6656,#6662,#6663));
#6655 = ORIENTED_EDGE('',*,*,#4386,.T.);
#6656 = ORIENTED_EDGE('',*,*,#6657,.T.);
#6657 = EDGE_CURVE('',#4387,#5319,#6658,.T.);
#6658 = LINE('',#6659,#6660);
#6659 = CARTESIAN_POINT('',(188.4,-97.2,-4.6E-02));
#6660 = VECTOR('',#6661,1.);
#6661 = DIRECTION('',(0.,0.,1.));
#6662 = ORIENTED_EDGE('',*,*,#5318,.F.);
#6663 = ORIENTED_EDGE('',*,*,#6657,.F.);
#6664 = CYLINDRICAL_SURFACE('',#6665,0.55);
#6665 = AXIS2_PLACEMENT_3D('',#6666,#6667,#6668);
#6666 = CARTESIAN_POINT('',(188.4,-96.65,-4.6E-02));
#6667 = DIRECTION('',(-0.,0.,-1.));
#6668 = DIRECTION('',(5.167583532801E-14,-1.,-0.));
#6669 = ADVANCED_FACE('',(#6670),#6681,.F.);
#6670 = FACE_BOUND('',#6671,.T.);
#6671 = EDGE_LOOP('',(#6672,#6673,#6679,#6680));
#6672 = ORIENTED_EDGE('',*,*,#4397,.T.);
#6673 = ORIENTED_EDGE('',*,*,#6674,.T.);
#6674 = EDGE_CURVE('',#4398,#5330,#6675,.T.);
#6675 = LINE('',#6676,#6677);
#6676 = CARTESIAN_POINT('',(188.4,-93.39,-4.6E-02));
#6677 = VECTOR('',#6678,1.);
#6678 = DIRECTION('',(0.,0.,1.));
#6679 = ORIENTED_EDGE('',*,*,#5329,.F.);
#6680 = ORIENTED_EDGE('',*,*,#6674,.F.);
#6681 = CYLINDRICAL_SURFACE('',#6682,0.55);
#6682 = AXIS2_PLACEMENT_3D('',#6683,#6684,#6685);
#6683 = CARTESIAN_POINT('',(188.4,-92.84,-4.6E-02));
#6684 = DIRECTION('',(-0.,0.,-1.));
#6685 = DIRECTION('',(5.167583532801E-14,-1.,-0.));
#6686 = ADVANCED_FACE('',(#6687),#6698,.F.);
#6687 = FACE_BOUND('',#6688,.T.);
#6688 = EDGE_LOOP('',(#6689,#6690,#6696,#6697));
#6689 = ORIENTED_EDGE('',*,*,#4408,.T.);
#6690 = ORIENTED_EDGE('',*,*,#6691,.T.);
#6691 = EDGE_CURVE('',#4409,#5341,#6692,.T.);
#6692 = LINE('',#6693,#6694);
#6693 = CARTESIAN_POINT('',(177.,-91.48,-4.6E-02));
#6694 = VECTOR('',#6695,1.);
#6695 = DIRECTION('',(0.,0.,1.));
#6696 = ORIENTED_EDGE('',*,*,#5340,.F.);
#6697 = ORIENTED_EDGE('',*,*,#6691,.F.);
#6698 = CYLINDRICAL_SURFACE('',#6699,0.55);
#6699 = AXIS2_PLACEMENT_3D('',#6700,#6701,#6702);
#6700 = CARTESIAN_POINT('',(177.,-90.93,-4.6E-02));
#6701 = DIRECTION('',(-0.,-0.,-1.));
#6702 = DIRECTION('',(-0.,-1.,0.));
#6703 = ADVANCED_FACE('',(#6704),#6715,.F.);
#6704 = FACE_BOUND('',#6705,.T.);
#6705 = EDGE_LOOP('',(#6706,#6707,#6713,#6714));
#6706 = ORIENTED_EDGE('',*,*,#4419,.T.);
#6707 = ORIENTED_EDGE('',*,*,#6708,.T.);
#6708 = EDGE_CURVE('',#4420,#5352,#6709,.T.);
#6709 = LINE('',#6710,#6711);
#6710 = CARTESIAN_POINT('',(177.,-87.67,-4.6E-02));
#6711 = VECTOR('',#6712,1.);
#6712 = DIRECTION('',(0.,0.,1.));
#6713 = ORIENTED_EDGE('',*,*,#5351,.F.);
#6714 = ORIENTED_EDGE('',*,*,#6708,.F.);
#6715 = CYLINDRICAL_SURFACE('',#6716,0.55);
#6716 = AXIS2_PLACEMENT_3D('',#6717,#6718,#6719);
#6717 = CARTESIAN_POINT('',(177.,-87.12,-4.6E-02));
#6718 = DIRECTION('',(-0.,-0.,-1.));
#6719 = DIRECTION('',(-0.,-1.,0.));
#6720 = ADVANCED_FACE('',(#6721),#6732,.F.);
#6721 = FACE_BOUND('',#6722,.T.);
#6722 = EDGE_LOOP('',(#6723,#6724,#6730,#6731));
#6723 = ORIENTED_EDGE('',*,*,#4430,.T.);
#6724 = ORIENTED_EDGE('',*,*,#6725,.T.);
#6725 = EDGE_CURVE('',#4431,#5363,#6726,.T.);
#6726 = LINE('',#6727,#6728);
#6727 = CARTESIAN_POINT('',(177.,-83.86,-4.6E-02));
#6728 = VECTOR('',#6729,1.);
#6729 = DIRECTION('',(0.,0.,1.));
#6730 = ORIENTED_EDGE('',*,*,#5362,.F.);
#6731 = ORIENTED_EDGE('',*,*,#6725,.F.);
#6732 = CYLINDRICAL_SURFACE('',#6733,0.55);
#6733 = AXIS2_PLACEMENT_3D('',#6734,#6735,#6736);
#6734 = CARTESIAN_POINT('',(177.,-83.31,-4.6E-02));
#6735 = DIRECTION('',(-0.,-0.,-1.));
#6736 = DIRECTION('',(-0.,-1.,0.));
#6737 = ADVANCED_FACE('',(#6738),#6749,.F.);
#6738 = FACE_BOUND('',#6739,.T.);
#6739 = EDGE_LOOP('',(#6740,#6741,#6747,#6748));
#6740 = ORIENTED_EDGE('',*,*,#4441,.T.);
#6741 = ORIENTED_EDGE('',*,*,#6742,.T.);
#6742 = EDGE_CURVE('',#4442,#5374,#6743,.T.);
#6743 = LINE('',#6744,#6745);
#6744 = CARTESIAN_POINT('',(188.4,-89.58,-4.6E-02));
#6745 = VECTOR('',#6746,1.);
#6746 = DIRECTION('',(0.,0.,1.));
#6747 = ORIENTED_EDGE('',*,*,#5373,.F.);
#6748 = ORIENTED_EDGE('',*,*,#6742,.F.);
#6749 = CYLINDRICAL_SURFACE('',#6750,0.55);
#6750 = AXIS2_PLACEMENT_3D('',#6751,#6752,#6753);
#6751 = CARTESIAN_POINT('',(188.4,-89.03,-4.6E-02));
#6752 = DIRECTION('',(-0.,0.,-1.));
#6753 = DIRECTION('',(5.167583532801E-14,-1.,-0.));
#6754 = ADVANCED_FACE('',(#6755),#6766,.F.);
#6755 = FACE_BOUND('',#6756,.T.);
#6756 = EDGE_LOOP('',(#6757,#6758,#6764,#6765));
#6757 = ORIENTED_EDGE('',*,*,#4452,.T.);
#6758 = ORIENTED_EDGE('',*,*,#6759,.T.);
#6759 = EDGE_CURVE('',#4453,#5385,#6760,.T.);
#6760 = LINE('',#6761,#6762);
#6761 = CARTESIAN_POINT('',(188.4,-85.77,-4.6E-02));
#6762 = VECTOR('',#6763,1.);
#6763 = DIRECTION('',(0.,0.,1.));
#6764 = ORIENTED_EDGE('',*,*,#5384,.F.);
#6765 = ORIENTED_EDGE('',*,*,#6759,.F.);
#6766 = CYLINDRICAL_SURFACE('',#6767,0.55);
#6767 = AXIS2_PLACEMENT_3D('',#6768,#6769,#6770);
#6768 = CARTESIAN_POINT('',(188.4,-85.22,-4.6E-02));
#6769 = DIRECTION('',(-0.,0.,-1.));
#6770 = DIRECTION('',(5.167583532801E-14,-1.,-0.));
#6771 = ADVANCED_FACE('',(#6772),#6783,.F.);
#6772 = FACE_BOUND('',#6773,.T.);
#6773 = EDGE_LOOP('',(#6774,#6775,#6781,#6782));
#6774 = ORIENTED_EDGE('',*,*,#4463,.T.);
#6775 = ORIENTED_EDGE('',*,*,#6776,.T.);
#6776 = EDGE_CURVE('',#4464,#5396,#6777,.T.);
#6777 = LINE('',#6778,#6779);
#6778 = CARTESIAN_POINT('',(188.4,-81.96,-4.6E-02));
#6779 = VECTOR('',#6780,1.);
#6780 = DIRECTION('',(0.,0.,1.));
#6781 = ORIENTED_EDGE('',*,*,#5395,.F.);
#6782 = ORIENTED_EDGE('',*,*,#6776,.F.);
#6783 = CYLINDRICAL_SURFACE('',#6784,0.55);
#6784 = AXIS2_PLACEMENT_3D('',#6785,#6786,#6787);
#6785 = CARTESIAN_POINT('',(188.4,-81.41,-4.6E-02));
#6786 = DIRECTION('',(-0.,0.,-1.));
#6787 = DIRECTION('',(5.167583532801E-14,-1.,-0.));
#6788 = ADVANCED_FACE('',(#6789),#6800,.F.);
#6789 = FACE_BOUND('',#6790,.T.);
#6790 = EDGE_LOOP('',(#6791,#6792,#6798,#6799));
#6791 = ORIENTED_EDGE('',*,*,#4474,.T.);
#6792 = ORIENTED_EDGE('',*,*,#6793,.T.);
#6793 = EDGE_CURVE('',#4475,#5407,#6794,.T.);
#6794 = LINE('',#6795,#6796);
#6795 = CARTESIAN_POINT('',(153.167499,-62.5775,-4.6E-02));
#6796 = VECTOR('',#6797,1.);
#6797 = DIRECTION('',(0.,0.,1.));
#6798 = ORIENTED_EDGE('',*,*,#5406,.F.);
#6799 = ORIENTED_EDGE('',*,*,#6793,.F.);
#6800 = CYLINDRICAL_SURFACE('',#6801,0.65);
#6801 = AXIS2_PLACEMENT_3D('',#6802,#6803,#6804);
#6802 = CARTESIAN_POINT('',(153.167499,-61.9275,-4.6E-02));
#6803 = DIRECTION('',(-0.,-0.,-1.));
#6804 = DIRECTION('',(-0.,-1.,0.));
#6805 = ADVANCED_FACE('',(#6806),#6817,.F.);
#6806 = FACE_BOUND('',#6807,.T.);
#6807 = EDGE_LOOP('',(#6808,#6809,#6815,#6816));
#6808 = ORIENTED_EDGE('',*,*,#4485,.T.);
#6809 = ORIENTED_EDGE('',*,*,#6810,.T.);
#6810 = EDGE_CURVE('',#4486,#5418,#6811,.T.);
#6811 = LINE('',#6812,#6813);
#6812 = CARTESIAN_POINT('',(159.517499,-62.5775,-4.6E-02));
#6813 = VECTOR('',#6814,1.);
#6814 = DIRECTION('',(0.,0.,1.));
#6815 = ORIENTED_EDGE('',*,*,#5417,.F.);
#6816 = ORIENTED_EDGE('',*,*,#6810,.F.);
#6817 = CYLINDRICAL_SURFACE('',#6818,0.65);
#6818 = AXIS2_PLACEMENT_3D('',#6819,#6820,#6821);
#6819 = CARTESIAN_POINT('',(159.517499,-61.9275,-4.6E-02));
#6820 = DIRECTION('',(-0.,-0.,-1.));
#6821 = DIRECTION('',(-0.,-1.,0.));
#6822 = ADVANCED_FACE('',(#6823),#6834,.F.);
#6823 = FACE_BOUND('',#6824,.T.);
#6824 = EDGE_LOOP('',(#6825,#6826,#6832,#6833));
#6825 = ORIENTED_EDGE('',*,*,#4496,.T.);
#6826 = ORIENTED_EDGE('',*,*,#6827,.T.);
#6827 = EDGE_CURVE('',#4497,#5429,#6828,.T.);
#6828 = LINE('',#6829,#6830);
#6829 = CARTESIAN_POINT('',(165.867499,-62.5775,-4.6E-02));
#6830 = VECTOR('',#6831,1.);
#6831 = DIRECTION('',(0.,0.,1.));
#6832 = ORIENTED_EDGE('',*,*,#5428,.F.);
#6833 = ORIENTED_EDGE('',*,*,#6827,.F.);
#6834 = CYLINDRICAL_SURFACE('',#6835,0.65);
#6835 = AXIS2_PLACEMENT_3D('',#6836,#6837,#6838);
#6836 = CARTESIAN_POINT('',(165.867499,-61.9275,-4.6E-02));
#6837 = DIRECTION('',(-0.,-0.,-1.));
#6838 = DIRECTION('',(-0.,-1.,0.));
#6839 = ADVANCED_FACE('',(#6840),#6851,.F.);
#6840 = FACE_BOUND('',#6841,.T.);
#6841 = EDGE_LOOP('',(#6842,#6843,#6849,#6850));
#6842 = ORIENTED_EDGE('',*,*,#4507,.T.);
#6843 = ORIENTED_EDGE('',*,*,#6844,.T.);
#6844 = EDGE_CURVE('',#4508,#5440,#6845,.T.);
#6845 = LINE('',#6846,#6847);
#6846 = CARTESIAN_POINT('',(177.,-80.05,-4.6E-02));
#6847 = VECTOR('',#6848,1.);
#6848 = DIRECTION('',(0.,0.,1.));
#6849 = ORIENTED_EDGE('',*,*,#5439,.F.);
#6850 = ORIENTED_EDGE('',*,*,#6844,.F.);
#6851 = CYLINDRICAL_SURFACE('',#6852,0.55);
#6852 = AXIS2_PLACEMENT_3D('',#6853,#6854,#6855);
#6853 = CARTESIAN_POINT('',(177.,-79.5,-4.6E-02));
#6854 = DIRECTION('',(-0.,-0.,-1.));
#6855 = DIRECTION('',(-0.,-1.,0.));
#6856 = ADVANCED_FACE('',(#6857),#6868,.F.);
#6857 = FACE_BOUND('',#6858,.T.);
#6858 = EDGE_LOOP('',(#6859,#6860,#6866,#6867));
#6859 = ORIENTED_EDGE('',*,*,#4518,.T.);
#6860 = ORIENTED_EDGE('',*,*,#6861,.T.);
#6861 = EDGE_CURVE('',#4519,#5451,#6862,.T.);
#6862 = LINE('',#6863,#6864);
#6863 = CARTESIAN_POINT('',(177.,-76.24,-4.6E-02));
#6864 = VECTOR('',#6865,1.);
#6865 = DIRECTION('',(0.,0.,1.));
#6866 = ORIENTED_EDGE('',*,*,#5450,.F.);
#6867 = ORIENTED_EDGE('',*,*,#6861,.F.);
#6868 = CYLINDRICAL_SURFACE('',#6869,0.55);
#6869 = AXIS2_PLACEMENT_3D('',#6870,#6871,#6872);
#6870 = CARTESIAN_POINT('',(177.,-75.69,-4.6E-02));
#6871 = DIRECTION('',(-0.,-0.,-1.));
#6872 = DIRECTION('',(-0.,-1.,0.));
#6873 = ADVANCED_FACE('',(#6874),#6885,.F.);
#6874 = FACE_BOUND('',#6875,.T.);
#6875 = EDGE_LOOP('',(#6876,#6877,#6883,#6884));
#6876 = ORIENTED_EDGE('',*,*,#4529,.T.);
#6877 = ORIENTED_EDGE('',*,*,#6878,.T.);
#6878 = EDGE_CURVE('',#4530,#5462,#6879,.T.);
#6879 = LINE('',#6880,#6881);
#6880 = CARTESIAN_POINT('',(188.4,-78.15,-4.6E-02));
#6881 = VECTOR('',#6882,1.);
#6882 = DIRECTION('',(0.,0.,1.));
#6883 = ORIENTED_EDGE('',*,*,#5461,.F.);
#6884 = ORIENTED_EDGE('',*,*,#6878,.F.);
#6885 = CYLINDRICAL_SURFACE('',#6886,0.55);
#6886 = AXIS2_PLACEMENT_3D('',#6887,#6888,#6889);
#6887 = CARTESIAN_POINT('',(188.4,-77.6,-4.6E-02));
#6888 = DIRECTION('',(-0.,0.,-1.));
#6889 = DIRECTION('',(5.1675835328E-14,-1.,-0.));
#6890 = ADVANCED_FACE('',(#6891),#6902,.F.);
#6891 = FACE_BOUND('',#6892,.T.);
#6892 = EDGE_LOOP('',(#6893,#6894,#6900,#6901));
#6893 = ORIENTED_EDGE('',*,*,#4540,.T.);
#6894 = ORIENTED_EDGE('',*,*,#6895,.T.);
#6895 = EDGE_CURVE('',#4541,#5473,#6896,.T.);
#6896 = LINE('',#6897,#6898);
#6897 = CARTESIAN_POINT('',(188.4,-74.34,-4.6E-02));
#6898 = VECTOR('',#6899,1.);
#6899 = DIRECTION('',(0.,0.,1.));
#6900 = ORIENTED_EDGE('',*,*,#5472,.F.);
#6901 = ORIENTED_EDGE('',*,*,#6895,.F.);
#6902 = CYLINDRICAL_SURFACE('',#6903,0.55);
#6903 = AXIS2_PLACEMENT_3D('',#6904,#6905,#6906);
#6904 = CARTESIAN_POINT('',(188.4,-73.79,-4.6E-02));
#6905 = DIRECTION('',(-0.,0.,-1.));
#6906 = DIRECTION('',(5.1675835328E-14,-1.,-0.));
#6907 = ADVANCED_FACE('',(#6908),#6919,.F.);
#6908 = FACE_BOUND('',#6909,.T.);
#6909 = EDGE_LOOP('',(#6910,#6911,#6917,#6918));
#6910 = ORIENTED_EDGE('',*,*,#4551,.T.);
#6911 = ORIENTED_EDGE('',*,*,#6912,.T.);
#6912 = EDGE_CURVE('',#4552,#5484,#6913,.T.);
#6913 = LINE('',#6914,#6915);
#6914 = CARTESIAN_POINT('',(172.217499,-62.5775,-4.6E-02));
#6915 = VECTOR('',#6916,1.);
#6916 = DIRECTION('',(0.,0.,1.));
#6917 = ORIENTED_EDGE('',*,*,#5483,.F.);
#6918 = ORIENTED_EDGE('',*,*,#6912,.F.);
#6919 = CYLINDRICAL_SURFACE('',#6920,0.65);
#6920 = AXIS2_PLACEMENT_3D('',#6921,#6922,#6923);
#6921 = CARTESIAN_POINT('',(172.217499,-61.9275,-4.6E-02));
#6922 = DIRECTION('',(-0.,-0.,-1.));
#6923 = DIRECTION('',(-0.,-1.,0.));
#6924 = ADVANCED_FACE('',(#6925),#6936,.F.);
#6925 = FACE_BOUND('',#6926,.T.);
#6926 = EDGE_LOOP('',(#6927,#6928,#6934,#6935));
#6927 = ORIENTED_EDGE('',*,*,#4562,.T.);
#6928 = ORIENTED_EDGE('',*,*,#6929,.T.);
#6929 = EDGE_CURVE('',#4563,#5495,#6930,.T.);
#6930 = LINE('',#6931,#6932);
#6931 = CARTESIAN_POINT('',(178.567499,-62.5775,-4.6E-02));
#6932 = VECTOR('',#6933,1.);
#6933 = DIRECTION('',(0.,0.,1.));
#6934 = ORIENTED_EDGE('',*,*,#5494,.F.);
#6935 = ORIENTED_EDGE('',*,*,#6929,.F.);
#6936 = CYLINDRICAL_SURFACE('',#6937,0.65);
#6937 = AXIS2_PLACEMENT_3D('',#6938,#6939,#6940);
#6938 = CARTESIAN_POINT('',(178.567499,-61.9275,-4.6E-02));
#6939 = DIRECTION('',(-0.,-0.,-1.));
#6940 = DIRECTION('',(-0.,-1.,0.));
#6941 = ADVANCED_FACE('',(#6942),#6953,.F.);
#6942 = FACE_BOUND('',#6943,.T.);
#6943 = EDGE_LOOP('',(#6944,#6945,#6951,#6952));
#6944 = ORIENTED_EDGE('',*,*,#4573,.T.);
#6945 = ORIENTED_EDGE('',*,*,#6946,.T.);
#6946 = EDGE_CURVE('',#4574,#5506,#6947,.T.);
#6947 = LINE('',#6948,#6949);
#6948 = CARTESIAN_POINT('',(190.,-61.6,-4.6E-02));
#6949 = VECTOR('',#6950,1.);
#6950 = DIRECTION('',(0.,0.,1.));
#6951 = ORIENTED_EDGE('',*,*,#5505,.F.);
#6952 = ORIENTED_EDGE('',*,*,#6946,.F.);
#6953 = CYLINDRICAL_SURFACE('',#6954,1.6);
#6954 = AXIS2_PLACEMENT_3D('',#6955,#6956,#6957);
#6955 = CARTESIAN_POINT('',(190.,-60.,-4.6E-02));
#6956 = DIRECTION('',(-0.,-0.,-1.));
#6957 = DIRECTION('',(-0.,-1.,0.));
#6958 = ( GEOMETRIC_REPRESENTATION_CONTEXT(3) 
GLOBAL_UNCERTAINTY_ASSIGNED_CONTEXT((#6962)) 
GLOBAL_UNIT_ASSIGNED_CONTEXT((#6959,#6960,#6961)) REPRESENTATION_CONTEXT
('Context #1','3D Context with UNIT and UNCERTAINTY') );
#6959 = ( LENGTH_UNIT() NAMED_UNIT(*) SI_UNIT(.MILLI.,.METRE.) );
#6960 = ( NAMED_UNIT(*) PLANE_ANGLE_UNIT() SI_UNIT($,.RADIAN.) );
#6961 = ( NAMED_UNIT(*) SI_UNIT($,.STERADIAN.) SOLID_ANGLE_UNIT() );
#6962 = UNCERTAINTY_MEASURE_WITH_UNIT(LENGTH_MEASURE(1.E-07),#6959,
  'distance_accuracy_value','confusion accuracy');
#6963 = CONTEXT_DEPENDENT_SHAPE_REPRESENTATION(#6964,#6966);
#6964 = ( REPRESENTATION_RELATIONSHIP('','',#3547,#10) 
REPRESENTATION_RELATIONSHIP_WITH_TRANSFORMATION(#6965) 
SHAPE_REPRESENTATION_RELATIONSHIP() );
#6965 = ITEM_DEFINED_TRANSFORMATION('','',#11,#91);
#6966 = PRODUCT_DEFINITION_SHAPE('Placement','Placement of an item',
  #6967);
#6967 = NEXT_ASSEMBLY_USAGE_OCCURRENCE('20','=>[0:1:1:6]','',#5,#3542,$
  );
#6968 = PRODUCT_RELATED_PRODUCT_CATEGORY('part',$,(#3544));
#6969 = MECHANICAL_DESIGN_GEOMETRIC_PRESENTATION_REPRESENTATION('',(
    #6970,#6978,#6985,#6992,#6999,#7006,#7013,#7020,#7027,#7034,#7041,
    #7049,#7056,#7063,#7070,#7077,#7084,#7091,#7098,#7105,#7112,#7119,
    #7126,#7133,#7140,#7147,#7154,#7161),#1772);
#6970 = STYLED_ITEM('color',(#6971),#920);
#6971 = PRESENTATION_STYLE_ASSIGNMENT((#6972));
#6972 = SURFACE_STYLE_USAGE(.BOTH.,#6973);
#6973 = SURFACE_SIDE_STYLE('',(#6974));
#6974 = SURFACE_STYLE_FILL_AREA(#6975);
#6975 = FILL_AREA_STYLE('',(#6976));
#6976 = FILL_AREA_STYLE_COLOUR('',#6977);
#6977 = COLOUR_RGB('',0.823999987314,0.819999987296,0.781000009244);
#6978 = STYLED_ITEM('color',(#6979),#996);
#6979 = PRESENTATION_STYLE_ASSIGNMENT((#6980));
#6980 = SURFACE_STYLE_USAGE(.BOTH.,#6981);
#6981 = SURFACE_SIDE_STYLE('',(#6982));
#6982 = SURFACE_STYLE_FILL_AREA(#6983);
#6983 = FILL_AREA_STYLE('',(#6984));
#6984 = FILL_AREA_STYLE_COLOUR('',#6977);
#6985 = STYLED_ITEM('color',(#6986),#1027);
#6986 = PRESENTATION_STYLE_ASSIGNMENT((#6987));
#6987 = SURFACE_STYLE_USAGE(.BOTH.,#6988);
#6988 = SURFACE_SIDE_STYLE('',(#6989));
#6989 = SURFACE_STYLE_FILL_AREA(#6990);
#6990 = FILL_AREA_STYLE('',(#6991));
#6991 = FILL_AREA_STYLE_COLOUR('',#6977);
#6992 = STYLED_ITEM('color',(#6993),#1052);
#6993 = PRESENTATION_STYLE_ASSIGNMENT((#6994));
#6994 = SURFACE_STYLE_USAGE(.BOTH.,#6995);
#6995 = SURFACE_SIDE_STYLE('',(#6996));
#6996 = SURFACE_STYLE_FILL_AREA(#6997);
#6997 = FILL_AREA_STYLE('',(#6998));
#6998 = FILL_AREA_STYLE_COLOUR('',#6977);
#6999 = STYLED_ITEM('color',(#7000),#1077);
#7000 = PRESENTATION_STYLE_ASSIGNMENT((#7001));
#7001 = SURFACE_STYLE_USAGE(.BOTH.,#7002);
#7002 = SURFACE_SIDE_STYLE('',(#7003));
#7003 = SURFACE_STYLE_FILL_AREA(#7004);
#7004 = FILL_AREA_STYLE('',(#7005));
#7005 = FILL_AREA_STYLE_COLOUR('',#6977);
#7006 = STYLED_ITEM('color',(#7007),#1101);
#7007 = PRESENTATION_STYLE_ASSIGNMENT((#7008));
#7008 = SURFACE_STYLE_USAGE(.BOTH.,#7009);
#7009 = SURFACE_SIDE_STYLE('',(#7010));
#7010 = SURFACE_STYLE_FILL_AREA(#7011);
#7011 = FILL_AREA_STYLE('',(#7012));
#7012 = FILL_AREA_STYLE_COLOUR('',#6977);
#7013 = STYLED_ITEM('color',(#7014),#1125);
#7014 = PRESENTATION_STYLE_ASSIGNMENT((#7015));
#7015 = SURFACE_STYLE_USAGE(.BOTH.,#7016);
#7016 = SURFACE_SIDE_STYLE('',(#7017));
#7017 = SURFACE_STYLE_FILL_AREA(#7018);
#7018 = FILL_AREA_STYLE('',(#7019));
#7019 = FILL_AREA_STYLE_COLOUR('',#6977);
#7020 = STYLED_ITEM('color',(#7021),#1150);
#7021 = PRESENTATION_STYLE_ASSIGNMENT((#7022));
#7022 = SURFACE_STYLE_USAGE(.BOTH.,#7023);
#7023 = SURFACE_SIDE_STYLE('',(#7024));
#7024 = SURFACE_STYLE_FILL_AREA(#7025);
#7025 = FILL_AREA_STYLE('',(#7026));
#7026 = FILL_AREA_STYLE_COLOUR('',#6977);
#7027 = STYLED_ITEM('color',(#7028),#1175);
#7028 = PRESENTATION_STYLE_ASSIGNMENT((#7029));
#7029 = SURFACE_STYLE_USAGE(.BOTH.,#7030);
#7030 = SURFACE_SIDE_STYLE('',(#7031));
#7031 = SURFACE_STYLE_FILL_AREA(#7032);
#7032 = FILL_AREA_STYLE('',(#7033));
#7033 = FILL_AREA_STYLE_COLOUR('',#6977);
#7034 = STYLED_ITEM('color',(#7035),#1192);
#7035 = PRESENTATION_STYLE_ASSIGNMENT((#7036));
#7036 = SURFACE_STYLE_USAGE(.BOTH.,#7037);
#7037 = SURFACE_SIDE_STYLE('',(#7038));
#7038 = SURFACE_STYLE_FILL_AREA(#7039);
#7039 = FILL_AREA_STYLE('',(#7040));
#7040 = FILL_AREA_STYLE_COLOUR('',#6977);
#7041 = STYLED_ITEM('color',(#7042),#1278);
#7042 = PRESENTATION_STYLE_ASSIGNMENT((#7043));
#7043 = SURFACE_STYLE_USAGE(.BOTH.,#7044);
#7044 = SURFACE_SIDE_STYLE('',(#7045));
#7045 = SURFACE_STYLE_FILL_AREA(#7046);
#7046 = FILL_AREA_STYLE('',(#7047));
#7047 = FILL_AREA_STYLE_COLOUR('',#7048);
#7048 = COLOUR_RGB('',0.379000005575,0.270000008848,0.214999999939);
#7049 = STYLED_ITEM('color',(#7050),#1310);
#7050 = PRESENTATION_STYLE_ASSIGNMENT((#7051));
#7051 = SURFACE_STYLE_USAGE(.BOTH.,#7052);
#7052 = SURFACE_SIDE_STYLE('',(#7053));
#7053 = SURFACE_STYLE_FILL_AREA(#7054);
#7054 = FILL_AREA_STYLE('',(#7055));
#7055 = FILL_AREA_STYLE_COLOUR('',#7048);
#7056 = STYLED_ITEM('color',(#7057),#1334);
#7057 = PRESENTATION_STYLE_ASSIGNMENT((#7058));
#7058 = SURFACE_STYLE_USAGE(.BOTH.,#7059);
#7059 = SURFACE_SIDE_STYLE('',(#7060));
#7060 = SURFACE_STYLE_FILL_AREA(#7061);
#7061 = FILL_AREA_STYLE('',(#7062));
#7062 = FILL_AREA_STYLE_COLOUR('',#7048);
#7063 = STYLED_ITEM('color',(#7064),#1359);
#7064 = PRESENTATION_STYLE_ASSIGNMENT((#7065));
#7065 = SURFACE_STYLE_USAGE(.BOTH.,#7066);
#7066 = SURFACE_SIDE_STYLE('',(#7067));
#7067 = SURFACE_STYLE_FILL_AREA(#7068);
#7068 = FILL_AREA_STYLE('',(#7069));
#7069 = FILL_AREA_STYLE_COLOUR('',#7048);
#7070 = STYLED_ITEM('color',(#7071),#1383);
#7071 = PRESENTATION_STYLE_ASSIGNMENT((#7072));
#7072 = SURFACE_STYLE_USAGE(.BOTH.,#7073);
#7073 = SURFACE_SIDE_STYLE('',(#7074));
#7074 = SURFACE_STYLE_FILL_AREA(#7075);
#7075 = FILL_AREA_STYLE('',(#7076));
#7076 = FILL_AREA_STYLE_COLOUR('',#7048);
#7077 = STYLED_ITEM('color',(#7078),#1408);
#7078 = PRESENTATION_STYLE_ASSIGNMENT((#7079));
#7079 = SURFACE_STYLE_USAGE(.BOTH.,#7080);
#7080 = SURFACE_SIDE_STYLE('',(#7081));
#7081 = SURFACE_STYLE_FILL_AREA(#7082);
#7082 = FILL_AREA_STYLE('',(#7083));
#7083 = FILL_AREA_STYLE_COLOUR('',#7048);
#7084 = STYLED_ITEM('color',(#7085),#1432);
#7085 = PRESENTATION_STYLE_ASSIGNMENT((#7086));
#7086 = SURFACE_STYLE_USAGE(.BOTH.,#7087);
#7087 = SURFACE_SIDE_STYLE('',(#7088));
#7088 = SURFACE_STYLE_FILL_AREA(#7089);
#7089 = FILL_AREA_STYLE('',(#7090));
#7090 = FILL_AREA_STYLE_COLOUR('',#7048);
#7091 = STYLED_ITEM('color',(#7092),#1457);
#7092 = PRESENTATION_STYLE_ASSIGNMENT((#7093));
#7093 = SURFACE_STYLE_USAGE(.BOTH.,#7094);
#7094 = SURFACE_SIDE_STYLE('',(#7095));
#7095 = SURFACE_STYLE_FILL_AREA(#7096);
#7096 = FILL_AREA_STYLE('',(#7097));
#7097 = FILL_AREA_STYLE_COLOUR('',#7048);
#7098 = STYLED_ITEM('color',(#7099),#1474);
#7099 = PRESENTATION_STYLE_ASSIGNMENT((#7100));
#7100 = SURFACE_STYLE_USAGE(.BOTH.,#7101);
#7101 = SURFACE_SIDE_STYLE('',(#7102));
#7102 = SURFACE_STYLE_FILL_AREA(#7103);
#7103 = FILL_AREA_STYLE('',(#7104));
#7104 = FILL_AREA_STYLE_COLOUR('',#6977);
#7105 = STYLED_ITEM('color',(#7106),#1560);
#7106 = PRESENTATION_STYLE_ASSIGNMENT((#7107));
#7107 = SURFACE_STYLE_USAGE(.BOTH.,#7108);
#7108 = SURFACE_SIDE_STYLE('',(#7109));
#7109 = SURFACE_STYLE_FILL_AREA(#7110);
#7110 = FILL_AREA_STYLE('',(#7111));
#7111 = FILL_AREA_STYLE_COLOUR('',#6977);
#7112 = STYLED_ITEM('color',(#7113),#1591);
#7113 = PRESENTATION_STYLE_ASSIGNMENT((#7114));
#7114 = SURFACE_STYLE_USAGE(.BOTH.,#7115);
#7115 = SURFACE_SIDE_STYLE('',(#7116));
#7116 = SURFACE_STYLE_FILL_AREA(#7117);
#7117 = FILL_AREA_STYLE('',(#7118));
#7118 = FILL_AREA_STYLE_COLOUR('',#6977);
#7119 = STYLED_ITEM('color',(#7120),#1616);
#7120 = PRESENTATION_STYLE_ASSIGNMENT((#7121));
#7121 = SURFACE_STYLE_USAGE(.BOTH.,#7122);
#7122 = SURFACE_SIDE_STYLE('',(#7123));
#7123 = SURFACE_STYLE_FILL_AREA(#7124);
#7124 = FILL_AREA_STYLE('',(#7125));
#7125 = FILL_AREA_STYLE_COLOUR('',#6977);
#7126 = STYLED_ITEM('color',(#7127),#1641);
#7127 = PRESENTATION_STYLE_ASSIGNMENT((#7128));
#7128 = SURFACE_STYLE_USAGE(.BOTH.,#7129);
#7129 = SURFACE_SIDE_STYLE('',(#7130));
#7130 = SURFACE_STYLE_FILL_AREA(#7131);
#7131 = FILL_AREA_STYLE('',(#7132));
#7132 = FILL_AREA_STYLE_COLOUR('',#6977);
#7133 = STYLED_ITEM('color',(#7134),#1665);
#7134 = PRESENTATION_STYLE_ASSIGNMENT((#7135));
#7135 = SURFACE_STYLE_USAGE(.BOTH.,#7136);
#7136 = SURFACE_SIDE_STYLE('',(#7137));
#7137 = SURFACE_STYLE_FILL_AREA(#7138);
#7138 = FILL_AREA_STYLE('',(#7139));
#7139 = FILL_AREA_STYLE_COLOUR('',#6977);
#7140 = STYLED_ITEM('color',(#7141),#1689);
#7141 = PRESENTATION_STYLE_ASSIGNMENT((#7142));
#7142 = SURFACE_STYLE_USAGE(.BOTH.,#7143);
#7143 = SURFACE_SIDE_STYLE('',(#7144));
#7144 = SURFACE_STYLE_FILL_AREA(#7145);
#7145 = FILL_AREA_STYLE('',(#7146));
#7146 = FILL_AREA_STYLE_COLOUR('',#6977);
#7147 = STYLED_ITEM('color',(#7148),#1714);
#7148 = PRESENTATION_STYLE_ASSIGNMENT((#7149));
#7149 = SURFACE_STYLE_USAGE(.BOTH.,#7150);
#7150 = SURFACE_SIDE_STYLE('',(#7151));
#7151 = SURFACE_STYLE_FILL_AREA(#7152);
#7152 = FILL_AREA_STYLE('',(#7153));
#7153 = FILL_AREA_STYLE_COLOUR('',#6977);
#7154 = STYLED_ITEM('color',(#7155),#1739);
#7155 = PRESENTATION_STYLE_ASSIGNMENT((#7156));
#7156 = SURFACE_STYLE_USAGE(.BOTH.,#7157);
#7157 = SURFACE_SIDE_STYLE('',(#7158));
#7158 = SURFACE_STYLE_FILL_AREA(#7159);
#7159 = FILL_AREA_STYLE('',(#7160));
#7160 = FILL_AREA_STYLE_COLOUR('',#6977);
#7161 = STYLED_ITEM('color',(#7162),#1756);
#7162 = PRESENTATION_STYLE_ASSIGNMENT((#7163));
#7163 = SURFACE_STYLE_USAGE(.BOTH.,#7164);
#7164 = SURFACE_SIDE_STYLE('',(#7165));
#7165 = SURFACE_STYLE_FILL_AREA(#7166);
#7166 = FILL_AREA_STYLE('',(#7167));
#7167 = FILL_AREA_STYLE_COLOUR('',#6977);
#7168 = MECHANICAL_DESIGN_GEOMETRIC_PRESENTATION_REPRESENTATION('',(
    #7169,#7176,#7183,#7190,#7197,#7204,#7211,#7218,#7226,#7233,#7240,
    #7247,#7254,#7261,#7269,#7276,#7283,#7290,#7297,#7304,#7311,#7318,
    #7325,#7332,#7339,#7346),#899);
#7169 = STYLED_ITEM('color',(#7170),#111);
#7170 = PRESENTATION_STYLE_ASSIGNMENT((#7171));
#7171 = SURFACE_STYLE_USAGE(.BOTH.,#7172);
#7172 = SURFACE_SIDE_STYLE('',(#7173));
#7173 = SURFACE_STYLE_FILL_AREA(#7174);
#7174 = FILL_AREA_STYLE('',(#7175));
#7175 = FILL_AREA_STYLE_COLOUR('',#6977);
#7176 = STYLED_ITEM('color',(#7177),#151);
#7177 = PRESENTATION_STYLE_ASSIGNMENT((#7178));
#7178 = SURFACE_STYLE_USAGE(.BOTH.,#7179);
#7179 = SURFACE_SIDE_STYLE('',(#7180));
#7180 = SURFACE_STYLE_FILL_AREA(#7181);
#7181 = FILL_AREA_STYLE('',(#7182));
#7182 = FILL_AREA_STYLE_COLOUR('',#6977);
#7183 = STYLED_ITEM('color',(#7184),#234);
#7184 = PRESENTATION_STYLE_ASSIGNMENT((#7185));
#7185 = SURFACE_STYLE_USAGE(.BOTH.,#7186);
#7186 = SURFACE_SIDE_STYLE('',(#7187));
#7187 = SURFACE_STYLE_FILL_AREA(#7188);
#7188 = FILL_AREA_STYLE('',(#7189));
#7189 = FILL_AREA_STYLE_COLOUR('',#6977);
#7190 = STYLED_ITEM('color',(#7191),#259);
#7191 = PRESENTATION_STYLE_ASSIGNMENT((#7192));
#7192 = SURFACE_STYLE_USAGE(.BOTH.,#7193);
#7193 = SURFACE_SIDE_STYLE('',(#7194));
#7194 = SURFACE_STYLE_FILL_AREA(#7195);
#7195 = FILL_AREA_STYLE('',(#7196));
#7196 = FILL_AREA_STYLE_COLOUR('',#6977);
#7197 = STYLED_ITEM('color',(#7198),#284);
#7198 = PRESENTATION_STYLE_ASSIGNMENT((#7199));
#7199 = SURFACE_STYLE_USAGE(.BOTH.,#7200);
#7200 = SURFACE_SIDE_STYLE('',(#7201));
#7201 = SURFACE_STYLE_FILL_AREA(#7202);
#7202 = FILL_AREA_STYLE('',(#7203));
#7203 = FILL_AREA_STYLE_COLOUR('',#6977);
#7204 = STYLED_ITEM('color',(#7205),#351);
#7205 = PRESENTATION_STYLE_ASSIGNMENT((#7206));
#7206 = SURFACE_STYLE_USAGE(.BOTH.,#7207);
#7207 = SURFACE_SIDE_STYLE('',(#7208));
#7208 = SURFACE_STYLE_FILL_AREA(#7209);
#7209 = FILL_AREA_STYLE('',(#7210));
#7210 = FILL_AREA_STYLE_COLOUR('',#6977);
#7211 = STYLED_ITEM('color',(#7212),#368);
#7212 = PRESENTATION_STYLE_ASSIGNMENT((#7213));
#7213 = SURFACE_STYLE_USAGE(.BOTH.,#7214);
#7214 = SURFACE_SIDE_STYLE('',(#7215));
#7215 = SURFACE_STYLE_FILL_AREA(#7216);
#7216 = FILL_AREA_STYLE('',(#7217));
#7217 = FILL_AREA_STYLE_COLOUR('',#6977);
#7218 = STYLED_ITEM('color',(#7219),#385);
#7219 = PRESENTATION_STYLE_ASSIGNMENT((#7220));
#7220 = SURFACE_STYLE_USAGE(.BOTH.,#7221);
#7221 = SURFACE_SIDE_STYLE('',(#7222));
#7222 = SURFACE_STYLE_FILL_AREA(#7223);
#7223 = FILL_AREA_STYLE('',(#7224));
#7224 = FILL_AREA_STYLE_COLOUR('',#7225);
#7225 = COLOUR_RGB('',0.894999966383,0.890999961016,0.813000030345);
#7226 = STYLED_ITEM('color',(#7227),#434);
#7227 = PRESENTATION_STYLE_ASSIGNMENT((#7228));
#7228 = SURFACE_STYLE_USAGE(.BOTH.,#7229);
#7229 = SURFACE_SIDE_STYLE('',(#7230));
#7230 = SURFACE_STYLE_FILL_AREA(#7231);
#7231 = FILL_AREA_STYLE('',(#7232));
#7232 = FILL_AREA_STYLE_COLOUR('',#6977);
#7233 = STYLED_ITEM('color',(#7234),#451);
#7234 = PRESENTATION_STYLE_ASSIGNMENT((#7235));
#7235 = SURFACE_STYLE_USAGE(.BOTH.,#7236);
#7236 = SURFACE_SIDE_STYLE('',(#7237));
#7237 = SURFACE_STYLE_FILL_AREA(#7238);
#7238 = FILL_AREA_STYLE('',(#7239));
#7239 = FILL_AREA_STYLE_COLOUR('',#6977);
#7240 = STYLED_ITEM('color',(#7241),#468);
#7241 = PRESENTATION_STYLE_ASSIGNMENT((#7242));
#7242 = SURFACE_STYLE_USAGE(.BOTH.,#7243);
#7243 = SURFACE_SIDE_STYLE('',(#7244));
#7244 = SURFACE_STYLE_FILL_AREA(#7245);
#7245 = FILL_AREA_STYLE('',(#7246));
#7246 = FILL_AREA_STYLE_COLOUR('',#7225);
#7247 = STYLED_ITEM('color',(#7248),#517);
#7248 = PRESENTATION_STYLE_ASSIGNMENT((#7249));
#7249 = SURFACE_STYLE_USAGE(.BOTH.,#7250);
#7250 = SURFACE_SIDE_STYLE('',(#7251));
#7251 = SURFACE_STYLE_FILL_AREA(#7252);
#7252 = FILL_AREA_STYLE('',(#7253));
#7253 = FILL_AREA_STYLE_COLOUR('',#7225);
#7254 = STYLED_ITEM('color',(#7255),#534);
#7255 = PRESENTATION_STYLE_ASSIGNMENT((#7256));
#7256 = SURFACE_STYLE_USAGE(.BOTH.,#7257);
#7257 = SURFACE_SIDE_STYLE('',(#7258));
#7258 = SURFACE_STYLE_FILL_AREA(#7259);
#7259 = FILL_AREA_STYLE('',(#7260));
#7260 = FILL_AREA_STYLE_COLOUR('',#6977);
#7261 = STYLED_ITEM('color',(#7262),#603);
#7262 = PRESENTATION_STYLE_ASSIGNMENT((#7263));
#7263 = SURFACE_STYLE_USAGE(.BOTH.,#7264);
#7264 = SURFACE_SIDE_STYLE('',(#7265));
#7265 = SURFACE_STYLE_FILL_AREA(#7266);
#7266 = FILL_AREA_STYLE('',(#7267));
#7267 = FILL_AREA_STYLE_COLOUR('',#7268);
#7268 = COLOUR_RGB('',8.200000279077E-02,8.600000121357E-02,
  9.399999706163E-02);
#7269 = STYLED_ITEM('color',(#7270),#634);
#7270 = PRESENTATION_STYLE_ASSIGNMENT((#7271));
#7271 = SURFACE_STYLE_USAGE(.BOTH.,#7272);
#7272 = SURFACE_SIDE_STYLE('',(#7273));
#7273 = SURFACE_STYLE_FILL_AREA(#7274);
#7274 = FILL_AREA_STYLE('',(#7275));
#7275 = FILL_AREA_STYLE_COLOUR('',#7268);
#7276 = STYLED_ITEM('color',(#7277),#658);
#7277 = PRESENTATION_STYLE_ASSIGNMENT((#7278));
#7278 = SURFACE_STYLE_USAGE(.BOTH.,#7279);
#7279 = SURFACE_SIDE_STYLE('',(#7280));
#7280 = SURFACE_STYLE_FILL_AREA(#7281);
#7281 = FILL_AREA_STYLE('',(#7282));
#7282 = FILL_AREA_STYLE_COLOUR('',#6977);
#7283 = STYLED_ITEM('color',(#7284),#727);
#7284 = PRESENTATION_STYLE_ASSIGNMENT((#7285));
#7285 = SURFACE_STYLE_USAGE(.BOTH.,#7286);
#7286 = SURFACE_SIDE_STYLE('',(#7287));
#7287 = SURFACE_STYLE_FILL_AREA(#7288);
#7288 = FILL_AREA_STYLE('',(#7289));
#7289 = FILL_AREA_STYLE_COLOUR('',#7268);
#7290 = STYLED_ITEM('color',(#7291),#751);
#7291 = PRESENTATION_STYLE_ASSIGNMENT((#7292));
#7292 = SURFACE_STYLE_USAGE(.BOTH.,#7293);
#7293 = SURFACE_SIDE_STYLE('',(#7294));
#7294 = SURFACE_STYLE_FILL_AREA(#7295);
#7295 = FILL_AREA_STYLE('',(#7296));
#7296 = FILL_AREA_STYLE_COLOUR('',#6977);
#7297 = STYLED_ITEM('color',(#7298),#768);
#7298 = PRESENTATION_STYLE_ASSIGNMENT((#7299));
#7299 = SURFACE_STYLE_USAGE(.BOTH.,#7300);
#7300 = SURFACE_SIDE_STYLE('',(#7301));
#7301 = SURFACE_STYLE_FILL_AREA(#7302);
#7302 = FILL_AREA_STYLE('',(#7303));
#7303 = FILL_AREA_STYLE_COLOUR('',#6977);
#7304 = STYLED_ITEM('color',(#7305),#785);
#7305 = PRESENTATION_STYLE_ASSIGNMENT((#7306));
#7306 = SURFACE_STYLE_USAGE(.BOTH.,#7307);
#7307 = SURFACE_SIDE_STYLE('',(#7308));
#7308 = SURFACE_STYLE_FILL_AREA(#7309);
#7309 = FILL_AREA_STYLE('',(#7310));
#7310 = FILL_AREA_STYLE_COLOUR('',#6977);
#7311 = STYLED_ITEM('color',(#7312),#802);
#7312 = PRESENTATION_STYLE_ASSIGNMENT((#7313));
#7313 = SURFACE_STYLE_USAGE(.BOTH.,#7314);
#7314 = SURFACE_SIDE_STYLE('',(#7315));
#7315 = SURFACE_STYLE_FILL_AREA(#7316);
#7316 = FILL_AREA_STYLE('',(#7317));
#7317 = FILL_AREA_STYLE_COLOUR('',#6977);
#7318 = STYLED_ITEM('color',(#7319),#819);
#7319 = PRESENTATION_STYLE_ASSIGNMENT((#7320));
#7320 = SURFACE_STYLE_USAGE(.BOTH.,#7321);
#7321 = SURFACE_SIDE_STYLE('',(#7322));
#7322 = SURFACE_STYLE_FILL_AREA(#7323);
#7323 = FILL_AREA_STYLE('',(#7324));
#7324 = FILL_AREA_STYLE_COLOUR('',#6977);
#7325 = STYLED_ITEM('color',(#7326),#836);
#7326 = PRESENTATION_STYLE_ASSIGNMENT((#7327));
#7327 = SURFACE_STYLE_USAGE(.BOTH.,#7328);
#7328 = SURFACE_SIDE_STYLE('',(#7329));
#7329 = SURFACE_STYLE_FILL_AREA(#7330);
#7330 = FILL_AREA_STYLE('',(#7331));
#7331 = FILL_AREA_STYLE_COLOUR('',#6977);
#7332 = STYLED_ITEM('color',(#7333),#853);
#7333 = PRESENTATION_STYLE_ASSIGNMENT((#7334));
#7334 = SURFACE_STYLE_USAGE(.BOTH.,#7335);
#7335 = SURFACE_SIDE_STYLE('',(#7336));
#7336 = SURFACE_STYLE_FILL_AREA(#7337);
#7337 = FILL_AREA_STYLE('',(#7338));
#7338 = FILL_AREA_STYLE_COLOUR('',#6977);
#7339 = STYLED_ITEM('color',(#7340),#870);
#7340 = PRESENTATION_STYLE_ASSIGNMENT((#7341));
#7341 = SURFACE_STYLE_USAGE(.BOTH.,#7342);
#7342 = SURFACE_SIDE_STYLE('',(#7343));
#7343 = SURFACE_STYLE_FILL_AREA(#7344);
#7344 = FILL_AREA_STYLE('',(#7345));
#7345 = FILL_AREA_STYLE_COLOUR('',#7268);
#7346 = STYLED_ITEM('color',(#7347),#887);
#7347 = PRESENTATION_STYLE_ASSIGNMENT((#7348));
#7348 = SURFACE_STYLE_USAGE(.BOTH.,#7349);
#7349 = SURFACE_SIDE_STYLE('',(#7350));
#7350 = SURFACE_STYLE_FILL_AREA(#7351);
#7351 = FILL_AREA_STYLE('',(#7352));
#7352 = FILL_AREA_STYLE_COLOUR('',#7268);
#7353 = MECHANICAL_DESIGN_GEOMETRIC_PRESENTATION_REPRESENTATION('',(
    #7354,#7361,#7368,#7375,#7382,#7389,#7396,#7403,#7410,#7417,#7424,
    #7431,#7438,#7445,#7452,#7459,#7466,#7473,#7480,#7487,#7494,#7501,
    #7508,#7515,#7522,#7529,#7536,#7543),#2650);
#7354 = STYLED_ITEM('color',(#7355),#1798);
#7355 = PRESENTATION_STYLE_ASSIGNMENT((#7356));
#7356 = SURFACE_STYLE_USAGE(.BOTH.,#7357);
#7357 = SURFACE_SIDE_STYLE('',(#7358));
#7358 = SURFACE_STYLE_FILL_AREA(#7359);
#7359 = FILL_AREA_STYLE('',(#7360));
#7360 = FILL_AREA_STYLE_COLOUR('',#6977);
#7361 = STYLED_ITEM('color',(#7362),#1874);
#7362 = PRESENTATION_STYLE_ASSIGNMENT((#7363));
#7363 = SURFACE_STYLE_USAGE(.BOTH.,#7364);
#7364 = SURFACE_SIDE_STYLE('',(#7365));
#7365 = SURFACE_STYLE_FILL_AREA(#7366);
#7366 = FILL_AREA_STYLE('',(#7367));
#7367 = FILL_AREA_STYLE_COLOUR('',#6977);
#7368 = STYLED_ITEM('color',(#7369),#1905);
#7369 = PRESENTATION_STYLE_ASSIGNMENT((#7370));
#7370 = SURFACE_STYLE_USAGE(.BOTH.,#7371);
#7371 = SURFACE_SIDE_STYLE('',(#7372));
#7372 = SURFACE_STYLE_FILL_AREA(#7373);
#7373 = FILL_AREA_STYLE('',(#7374));
#7374 = FILL_AREA_STYLE_COLOUR('',#6977);
#7375 = STYLED_ITEM('color',(#7376),#1930);
#7376 = PRESENTATION_STYLE_ASSIGNMENT((#7377));
#7377 = SURFACE_STYLE_USAGE(.BOTH.,#7378);
#7378 = SURFACE_SIDE_STYLE('',(#7379));
#7379 = SURFACE_STYLE_FILL_AREA(#7380);
#7380 = FILL_AREA_STYLE('',(#7381));
#7381 = FILL_AREA_STYLE_COLOUR('',#6977);
#7382 = STYLED_ITEM('color',(#7383),#1955);
#7383 = PRESENTATION_STYLE_ASSIGNMENT((#7384));
#7384 = SURFACE_STYLE_USAGE(.BOTH.,#7385);
#7385 = SURFACE_SIDE_STYLE('',(#7386));
#7386 = SURFACE_STYLE_FILL_AREA(#7387);
#7387 = FILL_AREA_STYLE('',(#7388));
#7388 = FILL_AREA_STYLE_COLOUR('',#6977);
#7389 = STYLED_ITEM('color',(#7390),#1979);
#7390 = PRESENTATION_STYLE_ASSIGNMENT((#7391));
#7391 = SURFACE_STYLE_USAGE(.BOTH.,#7392);
#7392 = SURFACE_SIDE_STYLE('',(#7393));
#7393 = SURFACE_STYLE_FILL_AREA(#7394);
#7394 = FILL_AREA_STYLE('',(#7395));
#7395 = FILL_AREA_STYLE_COLOUR('',#6977);
#7396 = STYLED_ITEM('color',(#7397),#2003);
#7397 = PRESENTATION_STYLE_ASSIGNMENT((#7398));
#7398 = SURFACE_STYLE_USAGE(.BOTH.,#7399);
#7399 = SURFACE_SIDE_STYLE('',(#7400));
#7400 = SURFACE_STYLE_FILL_AREA(#7401);
#7401 = FILL_AREA_STYLE('',(#7402));
#7402 = FILL_AREA_STYLE_COLOUR('',#6977);
#7403 = STYLED_ITEM('color',(#7404),#2028);
#7404 = PRESENTATION_STYLE_ASSIGNMENT((#7405));
#7405 = SURFACE_STYLE_USAGE(.BOTH.,#7406);
#7406 = SURFACE_SIDE_STYLE('',(#7407));
#7407 = SURFACE_STYLE_FILL_AREA(#7408);
#7408 = FILL_AREA_STYLE('',(#7409));
#7409 = FILL_AREA_STYLE_COLOUR('',#6977);
#7410 = STYLED_ITEM('color',(#7411),#2053);
#7411 = PRESENTATION_STYLE_ASSIGNMENT((#7412));
#7412 = SURFACE_STYLE_USAGE(.BOTH.,#7413);
#7413 = SURFACE_SIDE_STYLE('',(#7414));
#7414 = SURFACE_STYLE_FILL_AREA(#7415);
#7415 = FILL_AREA_STYLE('',(#7416));
#7416 = FILL_AREA_STYLE_COLOUR('',#6977);
#7417 = STYLED_ITEM('color',(#7418),#2070);
#7418 = PRESENTATION_STYLE_ASSIGNMENT((#7419));
#7419 = SURFACE_STYLE_USAGE(.BOTH.,#7420);
#7420 = SURFACE_SIDE_STYLE('',(#7421));
#7421 = SURFACE_STYLE_FILL_AREA(#7422);
#7422 = FILL_AREA_STYLE('',(#7423));
#7423 = FILL_AREA_STYLE_COLOUR('',#6977);
#7424 = STYLED_ITEM('color',(#7425),#2156);
#7425 = PRESENTATION_STYLE_ASSIGNMENT((#7426));
#7426 = SURFACE_STYLE_USAGE(.BOTH.,#7427);
#7427 = SURFACE_SIDE_STYLE('',(#7428));
#7428 = SURFACE_STYLE_FILL_AREA(#7429);
#7429 = FILL_AREA_STYLE('',(#7430));
#7430 = FILL_AREA_STYLE_COLOUR('',#7048);
#7431 = STYLED_ITEM('color',(#7432),#2188);
#7432 = PRESENTATION_STYLE_ASSIGNMENT((#7433));
#7433 = SURFACE_STYLE_USAGE(.BOTH.,#7434);
#7434 = SURFACE_SIDE_STYLE('',(#7435));
#7435 = SURFACE_STYLE_FILL_AREA(#7436);
#7436 = FILL_AREA_STYLE('',(#7437));
#7437 = FILL_AREA_STYLE_COLOUR('',#7048);
#7438 = STYLED_ITEM('color',(#7439),#2212);
#7439 = PRESENTATION_STYLE_ASSIGNMENT((#7440));
#7440 = SURFACE_STYLE_USAGE(.BOTH.,#7441);
#7441 = SURFACE_SIDE_STYLE('',(#7442));
#7442 = SURFACE_STYLE_FILL_AREA(#7443);
#7443 = FILL_AREA_STYLE('',(#7444));
#7444 = FILL_AREA_STYLE_COLOUR('',#7048);
#7445 = STYLED_ITEM('color',(#7446),#2237);
#7446 = PRESENTATION_STYLE_ASSIGNMENT((#7447));
#7447 = SURFACE_STYLE_USAGE(.BOTH.,#7448);
#7448 = SURFACE_SIDE_STYLE('',(#7449));
#7449 = SURFACE_STYLE_FILL_AREA(#7450);
#7450 = FILL_AREA_STYLE('',(#7451));
#7451 = FILL_AREA_STYLE_COLOUR('',#7048);
#7452 = STYLED_ITEM('color',(#7453),#2261);
#7453 = PRESENTATION_STYLE_ASSIGNMENT((#7454));
#7454 = SURFACE_STYLE_USAGE(.BOTH.,#7455);
#7455 = SURFACE_SIDE_STYLE('',(#7456));
#7456 = SURFACE_STYLE_FILL_AREA(#7457);
#7457 = FILL_AREA_STYLE('',(#7458));
#7458 = FILL_AREA_STYLE_COLOUR('',#7048);
#7459 = STYLED_ITEM('color',(#7460),#2286);
#7460 = PRESENTATION_STYLE_ASSIGNMENT((#7461));
#7461 = SURFACE_STYLE_USAGE(.BOTH.,#7462);
#7462 = SURFACE_SIDE_STYLE('',(#7463));
#7463 = SURFACE_STYLE_FILL_AREA(#7464);
#7464 = FILL_AREA_STYLE('',(#7465));
#7465 = FILL_AREA_STYLE_COLOUR('',#7048);
#7466 = STYLED_ITEM('color',(#7467),#2310);
#7467 = PRESENTATION_STYLE_ASSIGNMENT((#7468));
#7468 = SURFACE_STYLE_USAGE(.BOTH.,#7469);
#7469 = SURFACE_SIDE_STYLE('',(#7470));
#7470 = SURFACE_STYLE_FILL_AREA(#7471);
#7471 = FILL_AREA_STYLE('',(#7472));
#7472 = FILL_AREA_STYLE_COLOUR('',#7048);
#7473 = STYLED_ITEM('color',(#7474),#2335);
#7474 = PRESENTATION_STYLE_ASSIGNMENT((#7475));
#7475 = SURFACE_STYLE_USAGE(.BOTH.,#7476);
#7476 = SURFACE_SIDE_STYLE('',(#7477));
#7477 = SURFACE_STYLE_FILL_AREA(#7478);
#7478 = FILL_AREA_STYLE('',(#7479));
#7479 = FILL_AREA_STYLE_COLOUR('',#7048);
#7480 = STYLED_ITEM('color',(#7481),#2352);
#7481 = PRESENTATION_STYLE_ASSIGNMENT((#7482));
#7482 = SURFACE_STYLE_USAGE(.BOTH.,#7483);
#7483 = SURFACE_SIDE_STYLE('',(#7484));
#7484 = SURFACE_STYLE_FILL_AREA(#7485);
#7485 = FILL_AREA_STYLE('',(#7486));
#7486 = FILL_AREA_STYLE_COLOUR('',#6977);
#7487 = STYLED_ITEM('color',(#7488),#2438);
#7488 = PRESENTATION_STYLE_ASSIGNMENT((#7489));
#7489 = SURFACE_STYLE_USAGE(.BOTH.,#7490);
#7490 = SURFACE_SIDE_STYLE('',(#7491));
#7491 = SURFACE_STYLE_FILL_AREA(#7492);
#7492 = FILL_AREA_STYLE('',(#7493));
#7493 = FILL_AREA_STYLE_COLOUR('',#6977);
#7494 = STYLED_ITEM('color',(#7495),#2469);
#7495 = PRESENTATION_STYLE_ASSIGNMENT((#7496));
#7496 = SURFACE_STYLE_USAGE(.BOTH.,#7497);
#7497 = SURFACE_SIDE_STYLE('',(#7498));
#7498 = SURFACE_STYLE_FILL_AREA(#7499);
#7499 = FILL_AREA_STYLE('',(#7500));
#7500 = FILL_AREA_STYLE_COLOUR('',#6977);
#7501 = STYLED_ITEM('color',(#7502),#2494);
#7502 = PRESENTATION_STYLE_ASSIGNMENT((#7503));
#7503 = SURFACE_STYLE_USAGE(.BOTH.,#7504);
#7504 = SURFACE_SIDE_STYLE('',(#7505));
#7505 = SURFACE_STYLE_FILL_AREA(#7506);
#7506 = FILL_AREA_STYLE('',(#7507));
#7507 = FILL_AREA_STYLE_COLOUR('',#6977);
#7508 = STYLED_ITEM('color',(#7509),#2519);
#7509 = PRESENTATION_STYLE_ASSIGNMENT((#7510));
#7510 = SURFACE_STYLE_USAGE(.BOTH.,#7511);
#7511 = SURFACE_SIDE_STYLE('',(#7512));
#7512 = SURFACE_STYLE_FILL_AREA(#7513);
#7513 = FILL_AREA_STYLE('',(#7514));
#7514 = FILL_AREA_STYLE_COLOUR('',#6977);
#7515 = STYLED_ITEM('color',(#7516),#2543);
#7516 = PRESENTATION_STYLE_ASSIGNMENT((#7517));
#7517 = SURFACE_STYLE_USAGE(.BOTH.,#7518);
#7518 = SURFACE_SIDE_STYLE('',(#7519));
#7519 = SURFACE_STYLE_FILL_AREA(#7520);
#7520 = FILL_AREA_STYLE('',(#7521));
#7521 = FILL_AREA_STYLE_COLOUR('',#6977);
#7522 = STYLED_ITEM('color',(#7523),#2567);
#7523 = PRESENTATION_STYLE_ASSIGNMENT((#7524));
#7524 = SURFACE_STYLE_USAGE(.BOTH.,#7525);
#7525 = SURFACE_SIDE_STYLE('',(#7526));
#7526 = SURFACE_STYLE_FILL_AREA(#7527);
#7527 = FILL_AREA_STYLE('',(#7528));
#7528 = FILL_AREA_STYLE_COLOUR('',#6977);
#7529 = STYLED_ITEM('color',(#7530),#2592);
#7530 = PRESENTATION_STYLE_ASSIGNMENT((#7531));
#7531 = SURFACE_STYLE_USAGE(.BOTH.,#7532);
#7532 = SURFACE_SIDE_STYLE('',(#7533));
#7533 = SURFACE_STYLE_FILL_AREA(#7534);
#7534 = FILL_AREA_STYLE('',(#7535));
#7535 = FILL_AREA_STYLE_COLOUR('',#6977);
#7536 = STYLED_ITEM('color',(#7537),#2617);
#7537 = PRESENTATION_STYLE_ASSIGNMENT((#7538));
#7538 = SURFACE_STYLE_USAGE(.BOTH.,#7539);
#7539 = SURFACE_SIDE_STYLE('',(#7540));
#7540 = SURFACE_STYLE_FILL_AREA(#7541);
#7541 = FILL_AREA_STYLE('',(#7542));
#7542 = FILL_AREA_STYLE_COLOUR('',#6977);
#7543 = STYLED_ITEM('color',(#7544),#2634);
#7544 = PRESENTATION_STYLE_ASSIGNMENT((#7545));
#7545 = SURFACE_STYLE_USAGE(.BOTH.,#7546);
#7546 = SURFACE_SIDE_STYLE('',(#7547));
#7547 = SURFACE_STYLE_FILL_AREA(#7548);
#7548 = FILL_AREA_STYLE('',(#7549));
#7549 = FILL_AREA_STYLE_COLOUR('',#6977);
#7550 = MECHANICAL_DESIGN_GEOMETRIC_PRESENTATION_REPRESENTATION('',(
    #7551),#6958);
#7551 = STYLED_ITEM('color',(#7552),#3548);
#7552 = PRESENTATION_STYLE_ASSIGNMENT((#7553));
#7553 = SURFACE_STYLE_USAGE(.BOTH.,#7554);
#7554 = SURFACE_SIDE_STYLE('',(#7555));
#7555 = SURFACE_STYLE_FILL_AREA(#7556);
#7556 = FILL_AREA_STYLE('',(#7557));
#7557 = FILL_AREA_STYLE_COLOUR('',#7558);
#7558 = COLOUR_RGB('',0.313304153717,0.484529207832,0.410020903123);
#7559 = MECHANICAL_DESIGN_GEOMETRIC_PRESENTATION_REPRESENTATION('',(
    #7560,#7567,#7574,#7581,#7588,#7595,#7602,#7609,#7616,#7623,#7630,
    #7637,#7644,#7651,#7658,#7665,#7672,#7679,#7686,#7693,#7700,#7707,
    #7714,#7721,#7728,#7735),#3479);
#7560 = STYLED_ITEM('color',(#7561),#2691);
#7561 = PRESENTATION_STYLE_ASSIGNMENT((#7562));
#7562 = SURFACE_STYLE_USAGE(.BOTH.,#7563);
#7563 = SURFACE_SIDE_STYLE('',(#7564));
#7564 = SURFACE_STYLE_FILL_AREA(#7565);
#7565 = FILL_AREA_STYLE('',(#7566));
#7566 = FILL_AREA_STYLE_COLOUR('',#6977);
#7567 = STYLED_ITEM('color',(#7568),#2731);
#7568 = PRESENTATION_STYLE_ASSIGNMENT((#7569));
#7569 = SURFACE_STYLE_USAGE(.BOTH.,#7570);
#7570 = SURFACE_SIDE_STYLE('',(#7571));
#7571 = SURFACE_STYLE_FILL_AREA(#7572);
#7572 = FILL_AREA_STYLE('',(#7573));
#7573 = FILL_AREA_STYLE_COLOUR('',#6977);
#7574 = STYLED_ITEM('color',(#7575),#2814);
#7575 = PRESENTATION_STYLE_ASSIGNMENT((#7576));
#7576 = SURFACE_STYLE_USAGE(.BOTH.,#7577);
#7577 = SURFACE_SIDE_STYLE('',(#7578));
#7578 = SURFACE_STYLE_FILL_AREA(#7579);
#7579 = FILL_AREA_STYLE('',(#7580));
#7580 = FILL_AREA_STYLE_COLOUR('',#6977);
#7581 = STYLED_ITEM('color',(#7582),#2839);
#7582 = PRESENTATION_STYLE_ASSIGNMENT((#7583));
#7583 = SURFACE_STYLE_USAGE(.BOTH.,#7584);
#7584 = SURFACE_SIDE_STYLE('',(#7585));
#7585 = SURFACE_STYLE_FILL_AREA(#7586);
#7586 = FILL_AREA_STYLE('',(#7587));
#7587 = FILL_AREA_STYLE_COLOUR('',#6977);
#7588 = STYLED_ITEM('color',(#7589),#2864);
#7589 = PRESENTATION_STYLE_ASSIGNMENT((#7590));
#7590 = SURFACE_STYLE_USAGE(.BOTH.,#7591);
#7591 = SURFACE_SIDE_STYLE('',(#7592));
#7592 = SURFACE_STYLE_FILL_AREA(#7593);
#7593 = FILL_AREA_STYLE('',(#7594));
#7594 = FILL_AREA_STYLE_COLOUR('',#6977);
#7595 = STYLED_ITEM('color',(#7596),#2931);
#7596 = PRESENTATION_STYLE_ASSIGNMENT((#7597));
#7597 = SURFACE_STYLE_USAGE(.BOTH.,#7598);
#7598 = SURFACE_SIDE_STYLE('',(#7599));
#7599 = SURFACE_STYLE_FILL_AREA(#7600);
#7600 = FILL_AREA_STYLE('',(#7601));
#7601 = FILL_AREA_STYLE_COLOUR('',#6977);
#7602 = STYLED_ITEM('color',(#7603),#2948);
#7603 = PRESENTATION_STYLE_ASSIGNMENT((#7604));
#7604 = SURFACE_STYLE_USAGE(.BOTH.,#7605);
#7605 = SURFACE_SIDE_STYLE('',(#7606));
#7606 = SURFACE_STYLE_FILL_AREA(#7607);
#7607 = FILL_AREA_STYLE('',(#7608));
#7608 = FILL_AREA_STYLE_COLOUR('',#6977);
#7609 = STYLED_ITEM('color',(#7610),#2965);
#7610 = PRESENTATION_STYLE_ASSIGNMENT((#7611));
#7611 = SURFACE_STYLE_USAGE(.BOTH.,#7612);
#7612 = SURFACE_SIDE_STYLE('',(#7613));
#7613 = SURFACE_STYLE_FILL_AREA(#7614);
#7614 = FILL_AREA_STYLE('',(#7615));
#7615 = FILL_AREA_STYLE_COLOUR('',#7225);
#7616 = STYLED_ITEM('color',(#7617),#3014);
#7617 = PRESENTATION_STYLE_ASSIGNMENT((#7618));
#7618 = SURFACE_STYLE_USAGE(.BOTH.,#7619);
#7619 = SURFACE_SIDE_STYLE('',(#7620));
#7620 = SURFACE_STYLE_FILL_AREA(#7621);
#7621 = FILL_AREA_STYLE('',(#7622));
#7622 = FILL_AREA_STYLE_COLOUR('',#6977);
#7623 = STYLED_ITEM('color',(#7624),#3031);
#7624 = PRESENTATION_STYLE_ASSIGNMENT((#7625));
#7625 = SURFACE_STYLE_USAGE(.BOTH.,#7626);
#7626 = SURFACE_SIDE_STYLE('',(#7627));
#7627 = SURFACE_STYLE_FILL_AREA(#7628);
#7628 = FILL_AREA_STYLE('',(#7629));
#7629 = FILL_AREA_STYLE_COLOUR('',#6977);
#7630 = STYLED_ITEM('color',(#7631),#3048);
#7631 = PRESENTATION_STYLE_ASSIGNMENT((#7632));
#7632 = SURFACE_STYLE_USAGE(.BOTH.,#7633);
#7633 = SURFACE_SIDE_STYLE('',(#7634));
#7634 = SURFACE_STYLE_FILL_AREA(#7635);
#7635 = FILL_AREA_STYLE('',(#7636));
#7636 = FILL_AREA_STYLE_COLOUR('',#7225);
#7637 = STYLED_ITEM('color',(#7638),#3097);
#7638 = PRESENTATION_STYLE_ASSIGNMENT((#7639));
#7639 = SURFACE_STYLE_USAGE(.BOTH.,#7640);
#7640 = SURFACE_SIDE_STYLE('',(#7641));
#7641 = SURFACE_STYLE_FILL_AREA(#7642);
#7642 = FILL_AREA_STYLE('',(#7643));
#7643 = FILL_AREA_STYLE_COLOUR('',#7225);
#7644 = STYLED_ITEM('color',(#7645),#3114);
#7645 = PRESENTATION_STYLE_ASSIGNMENT((#7646));
#7646 = SURFACE_STYLE_USAGE(.BOTH.,#7647);
#7647 = SURFACE_SIDE_STYLE('',(#7648));
#7648 = SURFACE_STYLE_FILL_AREA(#7649);
#7649 = FILL_AREA_STYLE('',(#7650));
#7650 = FILL_AREA_STYLE_COLOUR('',#6977);
#7651 = STYLED_ITEM('color',(#7652),#3183);
#7652 = PRESENTATION_STYLE_ASSIGNMENT((#7653));
#7653 = SURFACE_STYLE_USAGE(.BOTH.,#7654);
#7654 = SURFACE_SIDE_STYLE('',(#7655));
#7655 = SURFACE_STYLE_FILL_AREA(#7656);
#7656 = FILL_AREA_STYLE('',(#7657));
#7657 = FILL_AREA_STYLE_COLOUR('',#7268);
#7658 = STYLED_ITEM('color',(#7659),#3214);
#7659 = PRESENTATION_STYLE_ASSIGNMENT((#7660));
#7660 = SURFACE_STYLE_USAGE(.BOTH.,#7661);
#7661 = SURFACE_SIDE_STYLE('',(#7662));
#7662 = SURFACE_STYLE_FILL_AREA(#7663);
#7663 = FILL_AREA_STYLE('',(#7664));
#7664 = FILL_AREA_STYLE_COLOUR('',#7268);
#7665 = STYLED_ITEM('color',(#7666),#3238);
#7666 = PRESENTATION_STYLE_ASSIGNMENT((#7667));
#7667 = SURFACE_STYLE_USAGE(.BOTH.,#7668);
#7668 = SURFACE_SIDE_STYLE('',(#7669));
#7669 = SURFACE_STYLE_FILL_AREA(#7670);
#7670 = FILL_AREA_STYLE('',(#7671));
#7671 = FILL_AREA_STYLE_COLOUR('',#6977);
#7672 = STYLED_ITEM('color',(#7673),#3307);
#7673 = PRESENTATION_STYLE_ASSIGNMENT((#7674));
#7674 = SURFACE_STYLE_USAGE(.BOTH.,#7675);
#7675 = SURFACE_SIDE_STYLE('',(#7676));
#7676 = SURFACE_STYLE_FILL_AREA(#7677);
#7677 = FILL_AREA_STYLE('',(#7678));
#7678 = FILL_AREA_STYLE_COLOUR('',#7268);
#7679 = STYLED_ITEM('color',(#7680),#3331);
#7680 = PRESENTATION_STYLE_ASSIGNMENT((#7681));
#7681 = SURFACE_STYLE_USAGE(.BOTH.,#7682);
#7682 = SURFACE_SIDE_STYLE('',(#7683));
#7683 = SURFACE_STYLE_FILL_AREA(#7684);
#7684 = FILL_AREA_STYLE('',(#7685));
#7685 = FILL_AREA_STYLE_COLOUR('',#6977);
#7686 = STYLED_ITEM('color',(#7687),#3348);
#7687 = PRESENTATION_STYLE_ASSIGNMENT((#7688));
#7688 = SURFACE_STYLE_USAGE(.BOTH.,#7689);
#7689 = SURFACE_SIDE_STYLE('',(#7690));
#7690 = SURFACE_STYLE_FILL_AREA(#7691);
#7691 = FILL_AREA_STYLE('',(#7692));
#7692 = FILL_AREA_STYLE_COLOUR('',#6977);
#7693 = STYLED_ITEM('color',(#7694),#3365);
#7694 = PRESENTATION_STYLE_ASSIGNMENT((#7695));
#7695 = SURFACE_STYLE_USAGE(.BOTH.,#7696);
#7696 = SURFACE_SIDE_STYLE('',(#7697));
#7697 = SURFACE_STYLE_FILL_AREA(#7698);
#7698 = FILL_AREA_STYLE('',(#7699));
#7699 = FILL_AREA_STYLE_COLOUR('',#6977);
#7700 = STYLED_ITEM('color',(#7701),#3382);
#7701 = PRESENTATION_STYLE_ASSIGNMENT((#7702));
#7702 = SURFACE_STYLE_USAGE(.BOTH.,#7703);
#7703 = SURFACE_SIDE_STYLE('',(#7704));
#7704 = SURFACE_STYLE_FILL_AREA(#7705);
#7705 = FILL_AREA_STYLE('',(#7706));
#7706 = FILL_AREA_STYLE_COLOUR('',#6977);
#7707 = STYLED_ITEM('color',(#7708),#3399);
#7708 = PRESENTATION_STYLE_ASSIGNMENT((#7709));
#7709 = SURFACE_STYLE_USAGE(.BOTH.,#7710);
#7710 = SURFACE_SIDE_STYLE('',(#7711));
#7711 = SURFACE_STYLE_FILL_AREA(#7712);
#7712 = FILL_AREA_STYLE('',(#7713));
#7713 = FILL_AREA_STYLE_COLOUR('',#6977);
#7714 = STYLED_ITEM('color',(#7715),#3416);
#7715 = PRESENTATION_STYLE_ASSIGNMENT((#7716));
#7716 = SURFACE_STYLE_USAGE(.BOTH.,#7717);
#7717 = SURFACE_SIDE_STYLE('',(#7718));
#7718 = SURFACE_STYLE_FILL_AREA(#7719);
#7719 = FILL_AREA_STYLE('',(#7720));
#7720 = FILL_AREA_STYLE_COLOUR('',#6977);
#7721 = STYLED_ITEM('color',(#7722),#3433);
#7722 = PRESENTATION_STYLE_ASSIGNMENT((#7723));
#7723 = SURFACE_STYLE_USAGE(.BOTH.,#7724);
#7724 = SURFACE_SIDE_STYLE('',(#7725));
#7725 = SURFACE_STYLE_FILL_AREA(#7726);
#7726 = FILL_AREA_STYLE('',(#7727));
#7727 = FILL_AREA_STYLE_COLOUR('',#6977);
#7728 = STYLED_ITEM('color',(#7729),#3450);
#7729 = PRESENTATION_STYLE_ASSIGNMENT((#7730));
#7730 = SURFACE_STYLE_USAGE(.BOTH.,#7731);
#7731 = SURFACE_SIDE_STYLE('',(#7732));
#7732 = SURFACE_STYLE_FILL_AREA(#7733);
#7733 = FILL_AREA_STYLE('',(#7734));
#7734 = FILL_AREA_STYLE_COLOUR('',#7268);
#7735 = STYLED_ITEM('color',(#7736),#3467);
#7736 = PRESENTATION_STYLE_ASSIGNMENT((#7737));
#7737 = SURFACE_STYLE_USAGE(.BOTH.,#7738);
#7738 = SURFACE_SIDE_STYLE('',(#7739));
#7739 = SURFACE_STYLE_FILL_AREA(#7740);
#7740 = FILL_AREA_STYLE('',(#7741));
#7741 = FILL_AREA_STYLE_COLOUR('',#7268);
ENDSEC;
END-ISO-10303-21;
